country_name,country_code,year,gini_index,world_regions,zscore
afghanistan,afg,2023,,Asia,
aland islands,ala,2023,,Europe,
albania,alb,1996,0.27,,-1.17719403993975
albania,alb,2002,0.32,,-0.6024052237686565
albania,alb,2005,0.31,,-0.7173629870028754
albania,alb,2008,0.3,,-0.8323207502370942
albania,alb,2012,0.29,,-0.947278513471313
albania,alb,2014,0.35,,-0.25753193406600067
albania,alb,2015,0.33,,-0.48744746053443766
albania,alb,2016,0.34,,-0.37248969730021886
albania,alb,2017,0.33,,-0.48744746053443766
albania,alb,2018,0.3,,-0.8323207502370942
albania,alb,2019,0.3,,-0.8323207502370942
albania,alb,2020,0.29,,-0.947278513471313
albania,alb,2023,,Europe,
algeria,dza,1988,0.37,,-0.02761640759756302
algeria,dza,1995,0.35,,-0.25753193406600067
algeria,dza,2011,0.28,,-1.0622362767055311
algeria,dza,2023,,Africa,
american samoa,asm,2023,,Oceania,
andorra,and,2023,,Europe,
angola,ago,2000,0.52,,1.6967500409157181
angola,ago,2008,0.43,,0.6621301718077492
angola,ago,2018,0.51,,1.5817922776814992
angola,ago,2023,,Africa,
anguilla,aia,2023,,North America,
antigua and barbuda,atg,2023,,North America,
argentina,arg,2023,,South America,
armenia,arm,1999,0.36,,-0.14257417083178184
armenia,arm,2001,0.35,,-0.25753193406600067
armenia,arm,2002,0.35,,-0.25753193406600067
armenia,arm,2003,0.33,,-0.48744746053443766
armenia,arm,2004,0.38,,0.0873413556366558
armenia,arm,2005,0.36,,-0.14257417083178184
armenia,arm,2006,0.3,,-0.8323207502370942
armenia,arm,2007,0.31,,-0.7173629870028754
armenia,arm,2008,0.29,,-0.947278513471313
armenia,arm,2009,0.28,,-1.0622362767055311
armenia,arm,2010,0.3,,-0.8323207502370942
armenia,arm,2011,0.29,,-0.947278513471313
armenia,arm,2012,0.3,,-0.8323207502370942
armenia,arm,2013,0.31,,-0.7173629870028754
armenia,arm,2014,0.31,,-0.7173629870028754
armenia,arm,2015,0.32,,-0.6024052237686565
armenia,arm,2016,0.33,,-0.48744746053443766
armenia,arm,2017,0.34,,-0.37248969730021886
armenia,arm,2018,0.34,,-0.37248969730021886
armenia,arm,2019,0.3,,-0.8323207502370942
armenia,arm,2020,0.25,,-1.4071095664081876
armenia,arm,2021,0.28,,-1.0622362767055311
armenia,arm,2022,0.28,,-1.0622362767055311
armenia,arm,2023,0.27,Asia,-1.17719403993975
aruba,abw,2023,,North America,
australia,aus,1981,0.31,,-0.7173629870028754
australia,aus,1985,0.32,,-0.6024052237686565
australia,aus,1989,0.33,,-0.48744746053443766
australia,aus,1995,0.33,,-0.48744746053443766
australia,aus,2001,0.33,,-0.48744746053443766
australia,aus,2003,0.33,,-0.48744746053443766
australia,aus,2004,0.33,,-0.48744746053443766
australia,aus,2008,0.35,,-0.25753193406600067
australia,aus,2010,0.35,,-0.25753193406600067
australia,aus,2014,0.34,,-0.37248969730021886
australia,aus,2016,0.34,,-0.37248969730021886
australia,aus,2018,0.34,,-0.37248969730021886
australia,aus,2020,0.34,,-0.37248969730021886
australia,aus,2023,,Oceania,
austria,aut,1994,0.31,,-0.7173629870028754
austria,aut,1995,0.3,,-0.8323207502370942
austria,aut,1996,0.29,,-0.947278513471313
austria,aut,1997,0.29,,-0.947278513471313
austria,aut,1998,0.31,,-0.7173629870028754
austria,aut,1999,0.3,,-0.8323207502370942
austria,aut,2000,0.29,,-0.947278513471313
austria,aut,2003,0.29,,-0.947278513471313
austria,aut,2004,0.3,,-0.8323207502370942
austria,aut,2005,0.29,,-0.947278513471313
austria,aut,2006,0.3,,-0.8323207502370942
austria,aut,2007,0.31,,-0.7173629870028754
austria,aut,2008,0.3,,-0.8323207502370942
austria,aut,2009,0.31,,-0.7173629870028754
austria,aut,2010,0.3,,-0.8323207502370942
austria,aut,2011,0.31,,-0.7173629870028754
austria,aut,2012,0.3,,-0.8323207502370942
austria,aut,2013,0.31,,-0.7173629870028754
austria,aut,2014,0.31,,-0.7173629870028754
austria,aut,2015,0.31,,-0.7173629870028754
austria,aut,2016,0.31,,-0.7173629870028754
austria,aut,2017,0.3,,-0.8323207502370942
austria,aut,2018,0.31,,-0.7173629870028754
austria,aut,2019,0.3,,-0.8323207502370942
austria,aut,2020,0.3,,-0.8323207502370942
austria,aut,2021,0.31,,-0.7173629870028754
austria,aut,2022,0.31,,-0.7173629870028754
austria,aut,2023,0.31,Europe,-0.7173629870028754
austria-hungary,owid_auh,2023,,Europe,
azerbaijan,aze,1995,0.35,,-0.25753193406600067
azerbaijan,aze,2001,0.36,,-0.14257417083178184
azerbaijan,aze,2002,0.25,,-1.4071095664081876
azerbaijan,aze,2003,0.27,,-1.17719403993975
azerbaijan,aze,2004,0.27,,-1.17719403993975
azerbaijan,aze,2005,0.27,,-1.17719403993975
azerbaijan,aze,2023,,Asia,
bahamas,bhs,2023,,North America,
bahrain,bhr,2023,,Asia,
bangladesh,bgd,1983,0.26,,-1.2921518031739687
bangladesh,bgd,1985,0.27,,-1.17719403993975
bangladesh,bgd,1988,0.29,,-0.947278513471313
bangladesh,bgd,1991,0.28,,-1.0622362767055311
bangladesh,bgd,1995,0.33,,-0.48744746053443766
bangladesh,bgd,2000,0.33,,-0.48744746053443766
bangladesh,bgd,2005,0.33,,-0.48744746053443766
bangladesh,bgd,2010,0.32,,-0.6024052237686565
bangladesh,bgd,2016,0.32,,-0.6024052237686565
bangladesh,bgd,2022,0.31,,-0.7173629870028754
bangladesh,bgd,2023,,Asia,
barbados,brb,2016,0.34,,-0.37248969730021886
barbados,brb,2023,,North America,
belarus,blr,1998,0.32,,-0.6024052237686565
belarus,blr,1999,0.32,,-0.6024052237686565
belarus,blr,2000,0.31,,-0.7173629870028754
belarus,blr,2001,0.31,,-0.7173629870028754
belarus,blr,2002,0.3,,-0.8323207502370942
belarus,blr,2003,0.29,,-0.947278513471313
belarus,blr,2004,0.26,,-1.2921518031739687
belarus,blr,2005,0.28,,-1.0622362767055311
belarus,blr,2006,0.28,,-1.0622362767055311
belarus,blr,2007,0.3,,-0.8323207502370942
belarus,blr,2008,0.28,,-1.0622362767055311
belarus,blr,2009,0.28,,-1.0622362767055311
belarus,blr,2010,0.29,,-0.947278513471313
belarus,blr,2011,0.27,,-1.17719403993975
belarus,blr,2012,0.27,,-1.17719403993975
belarus,blr,2013,0.27,,-1.17719403993975
belarus,blr,2014,0.27,,-1.17719403993975
belarus,blr,2015,0.26,,-1.2921518031739687
belarus,blr,2016,0.25,,-1.4071095664081876
belarus,blr,2017,0.25,,-1.4071095664081876
belarus,blr,2018,0.25,,-1.4071095664081876
belarus,blr,2019,0.25,,-1.4071095664081876
belarus,blr,2020,0.24,,-1.5220673296424065
belarus,blr,2023,,Europe,
belgium,bel,1985,0.25,,-1.4071095664081876
belgium,bel,1988,0.26,,-1.2921518031739687
belgium,bel,1992,0.25,,-1.4071095664081876
belgium,bel,1995,0.28,,-1.0622362767055311
belgium,bel,1997,0.27,,-1.17719403993975
belgium,bel,2000,0.33,,-0.48744746053443766
belgium,bel,2003,0.28,,-1.0622362767055311
belgium,bel,2004,0.31,,-0.7173629870028754
belgium,bel,2005,0.29,,-0.947278513471313
belgium,bel,2006,0.28,,-1.0622362767055311
belgium,bel,2007,0.29,,-0.947278513471313
belgium,bel,2008,0.28,,-1.0622362767055311
belgium,bel,2009,0.29,,-0.947278513471313
belgium,bel,2010,0.28,,-1.0622362767055311
belgium,bel,2011,0.28,,-1.0622362767055311
belgium,bel,2012,0.27,,-1.17719403993975
belgium,bel,2013,0.28,,-1.0622362767055311
belgium,bel,2014,0.28,,-1.0622362767055311
belgium,bel,2015,0.28,,-1.0622362767055311
belgium,bel,2016,0.28,,-1.0622362767055311
belgium,bel,2017,0.27,,-1.17719403993975
belgium,bel,2018,0.27,,-1.17719403993975
belgium,bel,2019,0.27,,-1.17719403993975
belgium,bel,2020,0.26,,-1.2921518031739687
belgium,bel,2021,0.27,,-1.17719403993975
belgium,bel,2022,0.26,,-1.2921518031739687
belgium,bel,2023,0.27,Europe,-1.17719403993975
belize,blz,1995,0.58,,2.38649662032103
belize,blz,2018,0.4,,0.31725688210509345
belize,blz,2023,,North America,
benin,ben,2003,0.39,,0.20229911887087462
benin,ben,2011,0.43,,0.6621301718077492
benin,ben,2015,0.48,,1.2369189879788427
benin,ben,2018,0.38,,0.0873413556366558
benin,ben,2021,0.34,,-0.37248969730021886
benin,ben,2023,,Africa,
bermuda,bmu,2023,,North America,
bhutan,btn,2003,0.41,,0.43221464533931164
bhutan,btn,2007,0.38,,0.0873413556366558
bhutan,btn,2012,0.39,,0.20229911887087462
bhutan,btn,2017,0.37,,-0.02761640759756302
bhutan,btn,2022,0.28,,-1.0622362767055311
bhutan,btn,2023,,Asia,
bolivia,bol,1997,0.58,,2.38649662032103
bolivia,bol,1999,0.58,,2.38649662032103
bolivia,bol,2000,0.62,,2.846327673257905
bolivia,bol,2001,0.57,,2.271538857086811
bolivia,bol,2002,0.59,,2.5014543835552487
bolivia,bol,2004,0.55,,2.0416233306183744
bolivia,bol,2005,0.59,,2.5014543835552487
bolivia,bol,2006,0.57,,2.271538857086811
bolivia,bol,2007,0.55,,2.0416233306183744
bolivia,bol,2008,0.51,,1.5817922776814992
bolivia,bol,2009,0.49,,1.3518767512130616
bolivia,bol,2011,0.46,,1.0070034615104058
bolivia,bol,2012,0.47,,1.121961224744624
bolivia,bol,2013,0.48,,1.2369189879788427
bolivia,bol,2014,0.48,,1.2369189879788427
bolivia,bol,2015,0.47,,1.121961224744624
bolivia,bol,2016,0.45,,0.892045698276187
bolivia,bol,2017,0.45,,0.892045698276187
bolivia,bol,2018,0.43,,0.6621301718077492
bolivia,bol,2019,0.42,,0.5471724085735304
bolivia,bol,2020,0.44,,0.7770879350419682
bolivia,bol,2021,0.41,,0.43221464533931164
bolivia,bol,2022,0.41,,0.43221464533931164
bolivia,bol,2023,0.42,South America,0.5471724085735304
bonaire sint eustatius and saba,bes,2023,,North America,
bosnia and herzegovina,bih,2001,0.3,,-0.8323207502370942
bosnia and herzegovina,bih,2004,0.34,,-0.37248969730021886
bosnia and herzegovina,bih,2007,0.33,,-0.48744746053443766
bosnia and herzegovina,bih,2011,0.33,,-0.48744746053443766
bosnia and herzegovina,bih,2023,,Europe,
botswana,bwa,1985,0.54,,1.9266655673841557
botswana,bwa,1993,0.6,,2.616412146789467
botswana,bwa,2002,0.62,,2.846327673257905
botswana,bwa,2009,0.57,,2.271538857086811
botswana,bwa,2015,0.55,,2.0416233306183744
botswana,bwa,2023,,Africa,
brazil,bra,1981,0.58,,2.38649662032103
brazil,bra,1982,0.58,,2.38649662032103
brazil,bra,1983,0.59,,2.5014543835552487
brazil,bra,1984,0.58,,2.38649662032103
brazil,bra,1985,0.56,,2.1565810938525933
brazil,bra,1986,0.58,,2.38649662032103
brazil,bra,1987,0.6,,2.616412146789467
brazil,bra,1988,0.61,,2.731369910023686
brazil,bra,1989,0.63,,2.961285436492124
brazil,bra,1990,0.6,,2.616412146789467
brazil,bra,1992,0.53,,1.8117078041499368
brazil,bra,1993,0.6,,2.616412146789467
brazil,bra,1995,0.6,,2.616412146789467
brazil,bra,1996,0.6,,2.616412146789467
brazil,bra,1997,0.6,,2.616412146789467
brazil,bra,1998,0.6,,2.616412146789467
brazil,bra,1999,0.59,,2.5014543835552487
brazil,bra,2001,0.58,,2.38649662032103
brazil,bra,2002,0.58,,2.38649662032103
brazil,bra,2003,0.58,,2.38649662032103
brazil,bra,2004,0.56,,2.1565810938525933
brazil,bra,2005,0.56,,2.1565810938525933
brazil,bra,2006,0.56,,2.1565810938525933
brazil,bra,2007,0.55,,2.0416233306183744
brazil,bra,2008,0.54,,1.9266655673841557
brazil,bra,2009,0.54,,1.9266655673841557
brazil,bra,2011,0.53,,1.8117078041499368
brazil,bra,2012,0.53,,1.8117078041499368
brazil,bra,2013,0.53,,1.8117078041499368
brazil,bra,2014,0.52,,1.6967500409157181
brazil,bra,2015,0.52,,1.6967500409157181
brazil,bra,2016,0.53,,1.8117078041499368
brazil,bra,2017,0.53,,1.8117078041499368
brazil,bra,2018,0.54,,1.9266655673841557
brazil,bra,2019,0.54,,1.9266655673841557
brazil,bra,2020,0.49,,1.3518767512130616
brazil,bra,2021,0.53,,1.8117078041499368
brazil,bra,2022,0.52,,1.6967500409157181
brazil,bra,2023,0.52,South America,1.6967500409157181
british indian ocean territory,iot,2023,,Asia,
british virgin islands,vgb,2023,,North America,
brunei,brn,2023,,Asia,
bulgaria,bgr,1992,0.31,,-0.7173629870028754
bulgaria,bgr,2006,0.36,,-0.14257417083178184
bulgaria,bgr,2007,0.36,,-0.14257417083178184
bulgaria,bgr,2008,0.34,,-0.37248969730021886
bulgaria,bgr,2009,0.34,,-0.37248969730021886
bulgaria,bgr,2010,0.36,,-0.14257417083178184
bulgaria,bgr,2011,0.34,,-0.37248969730021886
bulgaria,bgr,2012,0.36,,-0.14257417083178184
bulgaria,bgr,2013,0.37,,-0.02761640759756302
bulgaria,bgr,2014,0.37,,-0.02761640759756302
bulgaria,bgr,2015,0.39,,0.20229911887087462
bulgaria,bgr,2016,0.41,,0.43221464533931164
bulgaria,bgr,2017,0.4,,0.31725688210509345
bulgaria,bgr,2018,0.41,,0.43221464533931164
bulgaria,bgr,2019,0.4,,0.31725688210509345
bulgaria,bgr,2020,0.41,,0.43221464533931164
bulgaria,bgr,2021,0.39,,0.20229911887087462
bulgaria,bgr,2022,0.38,,0.0873413556366558
bulgaria,bgr,2023,0.39,Europe,0.20229911887087462
burkina faso,bfa,1994,0.48,,1.2369189879788427
burkina faso,bfa,1998,0.5,,1.4668345144472803
burkina faso,bfa,2003,0.43,,0.6621301718077492
burkina faso,bfa,2009,0.4,,0.31725688210509345
burkina faso,bfa,2014,0.35,,-0.25753193406600067
burkina faso,bfa,2018,0.43,,0.6621301718077492
burkina faso,bfa,2021,0.37,,-0.02761640759756302
burkina faso,bfa,2023,,Africa,
burundi,bdi,1992,0.33,,-0.48744746053443766
burundi,bdi,1998,0.42,,0.5471724085735304
burundi,bdi,2006,0.33,,-0.48744746053443766
burundi,bdi,2013,0.39,,0.20229911887087462
burundi,bdi,2020,0.37,,-0.02761640759756302
burundi,bdi,2023,,Africa,
cambodia,khm,2023,,Asia,
cameroon,cmr,1996,0.44,,0.7770879350419682
cameroon,cmr,2001,0.42,,0.5471724085735304
cameroon,cmr,2007,0.43,,0.6621301718077492
cameroon,cmr,2014,0.47,,1.121961224744624
cameroon,cmr,2021,0.42,,0.5471724085735304
cameroon,cmr,2023,,Africa,
canada,can,1971,0.37,,-0.02761640759756302
canada,can,1973,0.35,,-0.25753193406600067
canada,can,1975,0.34,,-0.37248969730021886
canada,can,1977,0.34,,-0.37248969730021886
canada,can,1979,0.33,,-0.48744746053443766
canada,can,1981,0.33,,-0.48744746053443766
canada,can,1982,0.33,,-0.48744746053443766
canada,can,1984,0.34,,-0.37248969730021886
canada,can,1985,0.33,,-0.48744746053443766
canada,can,1986,0.32,,-0.6024052237686565
canada,can,1987,0.32,,-0.6024052237686565
canada,can,1988,0.31,,-0.7173629870028754
canada,can,1989,0.31,,-0.7173629870028754
canada,can,1990,0.31,,-0.7173629870028754
canada,can,1991,0.32,,-0.6024052237686565
canada,can,1992,0.32,,-0.6024052237686565
canada,can,1993,0.32,,-0.6024052237686565
canada,can,1994,0.31,,-0.7173629870028754
canada,can,1995,0.32,,-0.6024052237686565
canada,can,1996,0.33,,-0.48744746053443766
canada,can,1997,0.33,,-0.48744746053443766
canada,can,1998,0.33,,-0.48744746053443766
canada,can,1999,0.33,,-0.48744746053443766
canada,can,2000,0.33,,-0.48744746053443766
canada,can,2001,0.34,,-0.37248969730021886
canada,can,2002,0.34,,-0.37248969730021886
canada,can,2003,0.34,,-0.37248969730021886
canada,can,2004,0.34,,-0.37248969730021886
canada,can,2005,0.34,,-0.37248969730021886
canada,can,2006,0.34,,-0.37248969730021886
canada,can,2007,0.34,,-0.37248969730021886
canada,can,2008,0.34,,-0.37248969730021886
canada,can,2009,0.34,,-0.37248969730021886
canada,can,2010,0.34,,-0.37248969730021886
canada,can,2011,0.33,,-0.48744746053443766
canada,can,2012,0.34,,-0.37248969730021886
canada,can,2013,0.34,,-0.37248969730021886
canada,can,2014,0.33,,-0.48744746053443766
canada,can,2015,0.34,,-0.37248969730021886
canada,can,2016,0.33,,-0.48744746053443766
canada,can,2017,0.33,,-0.48744746053443766
canada,can,2018,0.33,,-0.48744746053443766
canada,can,2019,0.32,,-0.6024052237686565
canada,can,2020,0.3,,-0.8323207502370942
canada,can,2021,0.31,,-0.7173629870028754
canada,can,2023,,North America,
cape verde,cpv,2001,0.52,,1.6967500409157181
cape verde,cpv,2007,0.47,,1.121961224744624
cape verde,cpv,2015,0.42,,0.5471724085735304
cape verde,cpv,2023,,Africa,
cayman islands,cym,2023,,North America,
central african republic,caf,1992,0.6,,2.616412146789467
central african republic,caf,2008,0.56,,2.1565810938525933
central african republic,caf,2021,0.43,,0.6621301718077492
central african republic,caf,2023,,Africa,
chad,tcd,2003,0.4,,0.31725688210509345
chad,tcd,2011,0.43,,0.6621301718077492
chad,tcd,2018,0.37,,-0.02761640759756302
chad,tcd,2022,0.37,,-0.02761640759756302
chad,tcd,2023,,Africa,
chile,chl,1987,0.56,,2.1565810938525933
chile,chl,1990,0.57,,2.271538857086811
chile,chl,1992,0.55,,2.0416233306183744
chile,chl,1994,0.56,,2.1565810938525933
chile,chl,1996,0.55,,2.0416233306183744
chile,chl,1998,0.56,,2.1565810938525933
chile,chl,2000,0.53,,1.8117078041499368
chile,chl,2003,0.51,,1.5817922776814992
chile,chl,2006,0.48,,1.2369189879788427
chile,chl,2009,0.47,,1.121961224744624
chile,chl,2011,0.47,,1.121961224744624
chile,chl,2013,0.47,,1.121961224744624
chile,chl,2015,0.45,,0.892045698276187
chile,chl,2017,0.45,,0.892045698276187
chile,chl,2020,0.47,,1.121961224744624
chile,chl,2022,0.43,,0.6621301718077492
chile,chl,2023,,South America,
china,chn,1981,0.28,,-1.0622362767055311
china,chn,1984,0.27,,-1.17719403993975
china,chn,1987,0.29,,-0.947278513471313
china,chn,1990,0.32,,-0.6024052237686565
china,chn,1993,0.34,,-0.37248969730021886
china,chn,1996,0.35,,-0.25753193406600067
china,chn,1999,0.39,,0.20229911887087462
china,chn,2002,0.42,,0.5471724085735304
china,chn,2005,0.41,,0.43221464533931164
china,chn,2008,0.43,,0.6621301718077492
china,chn,2010,0.44,,0.7770879350419682
china,chn,2011,0.42,,0.5471724085735304
china,chn,2012,0.42,,0.5471724085735304
china,chn,2013,0.4,,0.31725688210509345
china,chn,2014,0.39,,0.20229911887087462
china,chn,2015,0.39,,0.20229911887087462
china,chn,2016,0.38,,0.0873413556366558
china,chn,2017,0.39,,0.20229911887087462
china,chn,2018,0.38,,0.0873413556366558
china,chn,2019,0.38,,0.0873413556366558
china,chn,2020,0.37,,-0.02761640759756302
china,chn,2021,0.36,,-0.14257417083178184
china,chn,2022,0.36,,-0.14257417083178184
china,chn,2023,,Asia,
christmas island,cxr,2023,,Asia,
cocos islands,cck,2023,,Asia,
colombia,col,1992,0.51,,1.5817922776814992
colombia,col,1996,0.57,,2.271538857086811
colombia,col,1999,0.59,,2.5014543835552487
colombia,col,2000,0.58,,2.38649662032103
colombia,col,2001,0.57,,2.271538857086811
colombia,col,2002,0.56,,2.1565810938525933
colombia,col,2003,0.54,,1.9266655673841557
colombia,col,2004,0.55,,2.0416233306183744
colombia,col,2005,0.54,,1.9266655673841557
colombia,col,2008,0.55,,2.0416233306183744
colombia,col,2009,0.54,,1.9266655673841557
colombia,col,2010,0.55,,2.0416233306183744
colombia,col,2011,0.53,,1.8117078041499368
colombia,col,2012,0.53,,1.8117078041499368
colombia,col,2013,0.53,,1.8117078041499368
colombia,col,2014,0.53,,1.8117078041499368
colombia,col,2015,0.51,,1.5817922776814992
colombia,col,2016,0.51,,1.5817922776814992
colombia,col,2017,0.5,,1.4668345144472803
colombia,col,2018,0.5,,1.4668345144472803
colombia,col,2019,0.51,,1.5817922776814992
colombia,col,2020,0.53,,1.8117078041499368
colombia,col,2021,0.55,,2.0416233306183744
colombia,col,2022,0.55,,2.0416233306183744
colombia,col,2023,0.54,South America,1.9266655673841557
comoros,com,2004,0.56,,2.1565810938525933
comoros,com,2014,0.45,,0.892045698276187
comoros,com,2023,,Africa,
congo,cog,2005,0.47,,1.121961224744624
congo,cog,2011,0.49,,1.3518767512130616
congo,cog,2023,,Africa,
cook islands,cok,2023,,Oceania,
costa rica,cri,1981,0.47,,1.121961224744624
costa rica,cri,1986,0.34,,-0.37248969730021886
costa rica,cri,1989,0.45,,0.892045698276187
costa rica,cri,1990,0.45,,0.892045698276187
costa rica,cri,1991,0.47,,1.121961224744624
costa rica,cri,1992,0.46,,1.0070034615104058
costa rica,cri,1993,0.46,,1.0070034615104058
costa rica,cri,1994,0.47,,1.121961224744624
costa rica,cri,1995,0.46,,1.0070034615104058
costa rica,cri,1996,0.46,,1.0070034615104058
costa rica,cri,1997,0.46,,1.0070034615104058
costa rica,cri,1998,0.46,,1.0070034615104058
costa rica,cri,1999,0.48,,1.2369189879788427
costa rica,cri,2000,0.47,,1.121961224744624
costa rica,cri,2001,0.52,,1.6967500409157181
costa rica,cri,2002,0.52,,1.6967500409157181
costa rica,cri,2003,0.49,,1.3518767512130616
costa rica,cri,2004,0.48,,1.2369189879788427
costa rica,cri,2005,0.48,,1.2369189879788427
costa rica,cri,2006,0.49,,1.3518767512130616
costa rica,cri,2007,0.49,,1.3518767512130616
costa rica,cri,2008,0.49,,1.3518767512130616
costa rica,cri,2009,0.51,,1.5817922776814992
costa rica,cri,2010,0.48,,1.2369189879788427
costa rica,cri,2011,0.49,,1.3518767512130616
costa rica,cri,2012,0.48,,1.2369189879788427
costa rica,cri,2013,0.49,,1.3518767512130616
costa rica,cri,2014,0.49,,1.3518767512130616
costa rica,cri,2015,0.48,,1.2369189879788427
costa rica,cri,2016,0.49,,1.3518767512130616
costa rica,cri,2017,0.48,,1.2369189879788427
costa rica,cri,2018,0.48,,1.2369189879788427
costa rica,cri,2019,0.48,,1.2369189879788427
costa rica,cri,2020,0.49,,1.3518767512130616
costa rica,cri,2021,0.49,,1.3518767512130616
costa rica,cri,2022,0.47,,1.121961224744624
costa rica,cri,2023,0.47,North America,1.121961224744624
costa rica,cri,2024,0.46,,1.0070034615104058
cote d'ivoire,civ,1985,0.46,,1.0070034615104058
cote d'ivoire,civ,1986,0.38,,0.0873413556366558
cote d'ivoire,civ,1987,0.41,,0.43221464533931164
cote d'ivoire,civ,1988,0.37,,-0.02761640759756302
cote d'ivoire,civ,1992,0.39,,0.20229911887087462
cote d'ivoire,civ,1995,0.41,,0.43221464533931164
cote d'ivoire,civ,1998,0.39,,0.20229911887087462
cote d'ivoire,civ,2008,0.43,,0.6621301718077492
cote d'ivoire,civ,2015,0.41,,0.43221464533931164
cote d'ivoire,civ,2018,0.37,,-0.02761640759756302
cote d'ivoire,civ,2021,0.35,,-0.25753193406600067
cote d'ivoire,civ,2023,,Africa,
croatia,hrv,1988,0.23,,-1.637025092876625
croatia,hrv,2009,0.33,,-0.48744746053443766
croatia,hrv,2010,0.32,,-0.6024052237686565
croatia,hrv,2011,0.32,,-0.6024052237686565
croatia,hrv,2012,0.32,,-0.6024052237686565
croatia,hrv,2013,0.32,,-0.6024052237686565
croatia,hrv,2014,0.32,,-0.6024052237686565
croatia,hrv,2015,0.31,,-0.7173629870028754
croatia,hrv,2016,0.31,,-0.7173629870028754
croatia,hrv,2017,0.3,,-0.8323207502370942
croatia,hrv,2018,0.3,,-0.8323207502370942
croatia,hrv,2019,0.29,,-0.947278513471313
croatia,hrv,2020,0.3,,-0.8323207502370942
croatia,hrv,2021,0.29,,-0.947278513471313
croatia,hrv,2022,0.3,,-0.8323207502370942
croatia,hrv,2023,0.3,Europe,-0.8323207502370942
cuba,cub,2023,,North America,
curacao,cuw,2023,,North America,
cyprus,cyp,2004,0.3,,-0.8323207502370942
cyprus,cyp,2005,0.3,,-0.8323207502370942
cyprus,cyp,2006,0.31,,-0.7173629870028754
cyprus,cyp,2007,0.31,,-0.7173629870028754
cyprus,cyp,2008,0.32,,-0.6024052237686565
cyprus,cyp,2009,0.32,,-0.6024052237686565
cyprus,cyp,2010,0.31,,-0.7173629870028754
cyprus,cyp,2011,0.33,,-0.48744746053443766
cyprus,cyp,2012,0.34,,-0.37248969730021886
cyprus,cyp,2013,0.37,,-0.02761640759756302
cyprus,cyp,2014,0.36,,-0.14257417083178184
cyprus,cyp,2015,0.34,,-0.37248969730021886
cyprus,cyp,2016,0.33,,-0.48744746053443766
cyprus,cyp,2017,0.31,,-0.7173629870028754
cyprus,cyp,2018,0.33,,-0.48744746053443766
cyprus,cyp,2019,0.31,,-0.7173629870028754
cyprus,cyp,2020,0.32,,-0.6024052237686565
cyprus,cyp,2021,0.31,,-0.7173629870028754
cyprus,cyp,2022,0.32,,-0.6024052237686565
cyprus,cyp,2023,0.32,Europe,-0.6024052237686565
czechia,cze,1992,0.21,,-1.8669406193450626
czechia,cze,1993,0.27,,-1.17719403993975
czechia,cze,1996,0.26,,-1.2921518031739687
czechia,cze,2002,0.27,,-1.17719403993975
czechia,cze,2004,0.28,,-1.0622362767055311
czechia,cze,2005,0.27,,-1.17719403993975
czechia,cze,2006,0.27,,-1.17719403993975
czechia,cze,2007,0.26,,-1.2921518031739687
czechia,cze,2008,0.26,,-1.2921518031739687
czechia,cze,2009,0.26,,-1.2921518031739687
czechia,cze,2010,0.27,,-1.17719403993975
czechia,cze,2011,0.26,,-1.2921518031739687
czechia,cze,2012,0.26,,-1.2921518031739687
czechia,cze,2013,0.26,,-1.2921518031739687
czechia,cze,2014,0.26,,-1.2921518031739687
czechia,cze,2015,0.26,,-1.2921518031739687
czechia,cze,2016,0.25,,-1.4071095664081876
czechia,cze,2017,0.25,,-1.4071095664081876
czechia,cze,2018,0.25,,-1.4071095664081876
czechia,cze,2019,0.25,,-1.4071095664081876
czechia,cze,2020,0.26,,-1.2921518031739687
czechia,cze,2021,0.26,,-1.2921518031739687
czechia,cze,2022,0.26,,-1.2921518031739687
czechia,cze,2023,0.26,Europe,-1.2921518031739687
czechoslovakia,owid_czs,2023,,Europe,
democratic republic of congo,cod,2004,0.42,,0.5471724085735304
democratic republic of congo,cod,2012,0.42,,0.5471724085735304
democratic republic of congo,cod,2020,0.45,,0.892045698276187
democratic republic of congo,cod,2023,,Africa,
denmark,dnk,1987,0.26,,-1.2921518031739687
denmark,dnk,1992,0.25,,-1.4071095664081876
denmark,dnk,1995,0.23,,-1.637025092876625
denmark,dnk,2000,0.24,,-1.5220673296424065
denmark,dnk,2003,0.26,,-1.2921518031739687
denmark,dnk,2004,0.25,,-1.4071095664081876
denmark,dnk,2005,0.25,,-1.4071095664081876
denmark,dnk,2006,0.26,,-1.2921518031739687
denmark,dnk,2007,0.26,,-1.2921518031739687
denmark,dnk,2008,0.25,,-1.4071095664081876
denmark,dnk,2009,0.27,,-1.17719403993975
denmark,dnk,2010,0.27,,-1.17719403993975
denmark,dnk,2011,0.27,,-1.17719403993975
denmark,dnk,2012,0.28,,-1.0622362767055311
denmark,dnk,2013,0.29,,-0.947278513471313
denmark,dnk,2014,0.28,,-1.0622362767055311
denmark,dnk,2015,0.28,,-1.0622362767055311
denmark,dnk,2016,0.28,,-1.0622362767055311
denmark,dnk,2017,0.29,,-0.947278513471313
denmark,dnk,2018,0.28,,-1.0622362767055311
denmark,dnk,2019,0.28,,-1.0622362767055311
denmark,dnk,2020,0.28,,-1.0622362767055311
denmark,dnk,2021,0.28,,-1.0622362767055311
denmark,dnk,2022,0.29,,-0.947278513471313
denmark,dnk,2023,0.3,Europe,-0.8323207502370942
djibouti,dji,2002,0.4,,0.31725688210509345
djibouti,dji,2012,0.45,,0.892045698276187
djibouti,dji,2013,0.44,,0.7770879350419682
djibouti,dji,2017,0.42,,0.5471724085735304
djibouti,dji,2023,,Africa,
dominica,dma,2023,,North America,
dominican republic,dom,1986,0.48,,1.2369189879788427
dominican republic,dom,1989,0.5,,1.4668345144472803
dominican republic,dom,1992,0.51,,1.5817922776814992
dominican republic,dom,1996,0.47,,1.121961224744624
dominican republic,dom,1997,0.49,,1.3518767512130616
dominican republic,dom,2000,0.52,,1.6967500409157181
dominican republic,dom,2001,0.5,,1.4668345144472803
dominican republic,dom,2002,0.5,,1.4668345144472803
dominican republic,dom,2003,0.52,,1.6967500409157181
dominican republic,dom,2004,0.52,,1.6967500409157181
dominican republic,dom,2005,0.5,,1.4668345144472803
dominican republic,dom,2006,0.52,,1.6967500409157181
dominican republic,dom,2007,0.49,,1.3518767512130616
dominican republic,dom,2008,0.48,,1.2369189879788427
dominican republic,dom,2009,0.49,,1.3518767512130616
dominican republic,dom,2010,0.47,,1.121961224744624
dominican republic,dom,2011,0.48,,1.2369189879788427
dominican republic,dom,2012,0.46,,1.0070034615104058
dominican republic,dom,2013,0.48,,1.2369189879788427
dominican republic,dom,2014,0.44,,0.7770879350419682
dominican republic,dom,2015,0.45,,0.892045698276187
dominican republic,dom,2016,0.46,,1.0070034615104058
dominican republic,dom,2017,0.42,,0.5471724085735304
dominican republic,dom,2018,0.44,,0.7770879350419682
dominican republic,dom,2019,0.42,,0.5471724085735304
dominican republic,dom,2020,0.4,,0.31725688210509345
dominican republic,dom,2021,0.39,,0.20229911887087462
dominican republic,dom,2022,0.37,,-0.02761640759756302
dominican republic,dom,2023,0.38,North America,0.0873413556366558
dominican republic,dom,2024,0.39,,0.20229911887087462
east germany,owid_gdr,2023,,Europe,
east timor,tls,2001,0.36,,-0.14257417083178184
east timor,tls,2007,0.28,,-1.0622362767055311
east timor,tls,2014,0.29,,-0.947278513471313
east timor,tls,2023,,Asia,
ecuador,ecu,1994,0.53,,1.8117078041499368
ecuador,ecu,1999,0.59,,2.5014543835552487
ecuador,ecu,2000,0.56,,2.1565810938525933
ecuador,ecu,2003,0.54,,1.9266655673841557
ecuador,ecu,2004,0.54,,1.9266655673841557
ecuador,ecu,2005,0.53,,1.8117078041499368
ecuador,ecu,2006,0.52,,1.6967500409157181
ecuador,ecu,2007,0.53,,1.8117078041499368
ecuador,ecu,2008,0.5,,1.4668345144472803
ecuador,ecu,2009,0.48,,1.2369189879788427
ecuador,ecu,2010,0.49,,1.3518767512130616
ecuador,ecu,2011,0.46,,1.0070034615104058
ecuador,ecu,2012,0.46,,1.0070034615104058
ecuador,ecu,2013,0.47,,1.121961224744624
ecuador,ecu,2014,0.45,,0.892045698276187
ecuador,ecu,2015,0.46,,1.0070034615104058
ecuador,ecu,2016,0.45,,0.892045698276187
ecuador,ecu,2017,0.45,,0.892045698276187
ecuador,ecu,2018,0.45,,0.892045698276187
ecuador,ecu,2019,0.46,,1.0070034615104058
ecuador,ecu,2020,0.47,,1.121961224744624
ecuador,ecu,2021,0.46,,1.0070034615104058
ecuador,ecu,2022,0.45,,0.892045698276187
ecuador,ecu,2023,0.45,South America,0.892045698276187
ecuador,ecu,2024,0.45,,0.892045698276187
egypt,egy,1990,0.32,,-0.6024052237686565
egypt,egy,1995,0.3,,-0.8323207502370942
egypt,egy,1999,0.31,,-0.7173629870028754
egypt,egy,2004,0.32,,-0.6024052237686565
egypt,egy,2008,0.31,,-0.7173629870028754
egypt,egy,2010,0.3,,-0.8323207502370942
egypt,egy,2012,0.28,,-1.0622362767055311
egypt,egy,2015,0.32,,-0.6024052237686565
egypt,egy,2017,0.32,,-0.6024052237686565
egypt,egy,2019,0.32,,-0.6024052237686565
egypt,egy,2021,0.28,,-1.0622362767055311
egypt,egy,2023,,Africa,
el salvador,slv,1989,0.49,,1.3518767512130616
el salvador,slv,1991,0.54,,1.9266655673841557
el salvador,slv,1995,0.5,,1.4668345144472803
el salvador,slv,1996,0.51,,1.5817922776814992
el salvador,slv,1998,0.54,,1.9266655673841557
el salvador,slv,1999,0.52,,1.6967500409157181
el salvador,slv,2000,0.51,,1.5817922776814992
el salvador,slv,2001,0.51,,1.5817922776814992
el salvador,slv,2002,0.52,,1.6967500409157181
el salvador,slv,2003,0.5,,1.4668345144472803
el salvador,slv,2004,0.48,,1.2369189879788427
el salvador,slv,2005,0.48,,1.2369189879788427
el salvador,slv,2006,0.46,,1.0070034615104058
el salvador,slv,2007,0.45,,0.892045698276187
el salvador,slv,2008,0.47,,1.121961224744624
el salvador,slv,2009,0.46,,1.0070034615104058
el salvador,slv,2010,0.44,,0.7770879350419682
el salvador,slv,2011,0.42,,0.5471724085735304
el salvador,slv,2012,0.42,,0.5471724085735304
el salvador,slv,2013,0.43,,0.6621301718077492
el salvador,slv,2014,0.42,,0.5471724085735304
el salvador,slv,2015,0.41,,0.43221464533931164
el salvador,slv,2016,0.4,,0.31725688210509345
el salvador,slv,2017,0.38,,0.0873413556366558
el salvador,slv,2018,0.39,,0.20229911887087462
el salvador,slv,2019,0.39,,0.20229911887087462
el salvador,slv,2021,0.39,,0.20229911887087462
el salvador,slv,2022,0.39,,0.20229911887087462
el salvador,slv,2023,0.4,North America,0.31725688210509345
equatorial guinea,gnq,2022,0.39,,0.20229911887087462
equatorial guinea,gnq,2023,,Africa,
eritrea,eri,2023,,Africa,
estonia,est,1993,0.39,,0.20229911887087462
estonia,est,2003,0.37,,-0.02761640759756302
estonia,est,2004,0.34,,-0.37248969730021886
estonia,est,2005,0.33,,-0.48744746053443766
estonia,est,2006,0.34,,-0.37248969730021886
estonia,est,2007,0.31,,-0.7173629870028754
estonia,est,2008,0.32,,-0.6024052237686565
estonia,est,2009,0.31,,-0.7173629870028754
estonia,est,2010,0.32,,-0.6024052237686565
estonia,est,2011,0.32,,-0.6024052237686565
estonia,est,2012,0.33,,-0.48744746053443766
estonia,est,2013,0.35,,-0.25753193406600067
estonia,est,2014,0.35,,-0.25753193406600067
estonia,est,2015,0.33,,-0.48744746053443766
estonia,est,2016,0.31,,-0.7173629870028754
estonia,est,2017,0.3,,-0.8323207502370942
estonia,est,2018,0.3,,-0.8323207502370942
estonia,est,2019,0.31,,-0.7173629870028754
estonia,est,2020,0.31,,-0.7173629870028754
estonia,est,2021,0.32,,-0.6024052237686565
estonia,est,2022,0.32,,-0.6024052237686565
estonia,est,2023,0.31,Europe,-0.7173629870028754
eswatini,swz,1994,0.59,,2.5014543835552487
eswatini,swz,2000,0.53,,1.8117078041499368
eswatini,swz,2009,0.51,,1.5817922776814992
eswatini,swz,2016,0.55,,2.0416233306183744
eswatini,swz,2023,,Africa,
ethiopia,eth,1995,0.45,,0.892045698276187
ethiopia,eth,1999,0.3,,-0.8323207502370942
ethiopia,eth,2004,0.3,,-0.8323207502370942
ethiopia,eth,2010,0.33,,-0.48744746053443766
ethiopia,eth,2015,0.35,,-0.25753193406600067
ethiopia,eth,2021,0.31,,-0.7173629870028754
ethiopia,eth,2023,,Africa,
ethiopia (former),owid_ere,2023,,Africa,
falkland islands,flk,2023,,South America,
faroe islands,fro,2023,,Europe,
fiji,fji,2002,0.38,,0.0873413556366558
fiji,fji,2008,0.4,,0.31725688210509345
fiji,fji,2013,0.37,,-0.02761640759756302
fiji,fji,2019,0.31,,-0.7173629870028754
fiji,fji,2023,,Oceania,
finland,fin,1987,0.22,,-1.7519828561108437
finland,fin,1991,0.23,,-1.637025092876625
finland,fin,1995,0.23,,-1.637025092876625
finland,fin,2000,0.27,,-1.17719403993975
finland,fin,2003,0.28,,-1.0622362767055311
finland,fin,2004,0.28,,-1.0622362767055311
finland,fin,2005,0.28,,-1.0622362767055311
finland,fin,2006,0.28,,-1.0622362767055311
finland,fin,2007,0.28,,-1.0622362767055311
finland,fin,2008,0.28,,-1.0622362767055311
finland,fin,2009,0.27,,-1.17719403993975
finland,fin,2010,0.28,,-1.0622362767055311
finland,fin,2011,0.28,,-1.0622362767055311
finland,fin,2012,0.27,,-1.17719403993975
finland,fin,2013,0.27,,-1.17719403993975
finland,fin,2014,0.27,,-1.17719403993975
finland,fin,2015,0.27,,-1.17719403993975
finland,fin,2016,0.27,,-1.17719403993975
finland,fin,2017,0.27,,-1.17719403993975
finland,fin,2018,0.27,,-1.17719403993975
finland,fin,2019,0.28,,-1.0622362767055311
finland,fin,2020,0.27,,-1.17719403993975
finland,fin,2021,0.28,,-1.0622362767055311
finland,fin,2022,0.28,,-1.0622362767055311
finland,fin,2023,0.27,Europe,-1.17719403993975
france,fra,1970,0.37,,-0.02761640759756302
france,fra,1975,0.36,,-0.14257417083178184
france,fra,1979,0.34,,-0.37248969730021886
france,fra,1984,0.33,,-0.48744746053443766
france,fra,1990,0.32,,-0.6024052237686565
france,fra,1996,0.32,,-0.6024052237686565
france,fra,1997,0.32,,-0.6024052237686565
france,fra,1998,0.32,,-0.6024052237686565
france,fra,1999,0.32,,-0.6024052237686565
france,fra,2000,0.33,,-0.48744746053443766
france,fra,2001,0.33,,-0.48744746053443766
france,fra,2002,0.32,,-0.6024052237686565
france,fra,2003,0.31,,-0.7173629870028754
france,fra,2004,0.31,,-0.7173629870028754
france,fra,2005,0.3,,-0.8323207502370942
france,fra,2006,0.3,,-0.8323207502370942
france,fra,2007,0.32,,-0.6024052237686565
france,fra,2008,0.33,,-0.48744746053443766
france,fra,2009,0.33,,-0.48744746053443766
france,fra,2010,0.34,,-0.37248969730021886
france,fra,2011,0.33,,-0.48744746053443766
france,fra,2012,0.33,,-0.48744746053443766
france,fra,2013,0.33,,-0.48744746053443766
france,fra,2014,0.32,,-0.6024052237686565
france,fra,2015,0.33,,-0.48744746053443766
france,fra,2016,0.32,,-0.6024052237686565
france,fra,2017,0.32,,-0.6024052237686565
france,fra,2018,0.32,,-0.6024052237686565
france,fra,2019,0.31,,-0.7173629870028754
france,fra,2020,0.31,,-0.7173629870028754
france,fra,2021,0.32,,-0.6024052237686565
france,fra,2022,0.31,,-0.7173629870028754
france,fra,2023,0.32,Europe,-0.6024052237686565
french guiana,guf,2023,,South America,
french polynesia,pyf,2023,,Oceania,
gabon,gab,2005,0.42,,0.5471724085735304
gabon,gab,2017,0.38,,0.0873413556366558
gabon,gab,2023,,Africa,
gambia,gmb,1998,0.48,,1.2369189879788427
gambia,gmb,2003,0.47,,1.121961224744624
gambia,gmb,2010,0.44,,0.7770879350419682
gambia,gmb,2015,0.36,,-0.14257417083178184
gambia,gmb,2020,0.39,,0.20229911887087462
gambia,gmb,2023,,Africa,
georgia,geo,1996,0.37,,-0.02761640759756302
georgia,geo,1997,0.41,,0.43221464533931164
georgia,geo,1998,0.41,,0.43221464533931164
georgia,geo,1999,0.4,,0.31725688210509345
georgia,geo,2000,0.4,,0.31725688210509345
georgia,geo,2001,0.4,,0.31725688210509345
georgia,geo,2002,0.37,,-0.02761640759756302
georgia,geo,2003,0.37,,-0.02761640759756302
georgia,geo,2004,0.36,,-0.14257417083178184
georgia,geo,2005,0.37,,-0.02761640759756302
georgia,geo,2006,0.37,,-0.02761640759756302
georgia,geo,2007,0.38,,0.0873413556366558
georgia,geo,2008,0.39,,0.20229911887087462
georgia,geo,2009,0.38,,0.0873413556366558
georgia,geo,2010,0.39,,0.20229911887087462
georgia,geo,2011,0.4,,0.31725688210509345
georgia,geo,2012,0.39,,0.20229911887087462
georgia,geo,2013,0.39,,0.20229911887087462
georgia,geo,2014,0.38,,0.0873413556366558
georgia,geo,2015,0.37,,-0.02761640759756302
georgia,geo,2016,0.37,,-0.02761640759756302
georgia,geo,2017,0.38,,0.0873413556366558
georgia,geo,2018,0.36,,-0.14257417083178184
georgia,geo,2019,0.36,,-0.14257417083178184
georgia,geo,2020,0.34,,-0.37248969730021886
georgia,geo,2021,0.34,,-0.37248969730021886
georgia,geo,2022,0.34,,-0.37248969730021886
georgia,geo,2023,0.35,Asia,-0.25753193406600067
georgia,geo,2024,0.34,,-0.37248969730021886
germany,deu,1991,0.29,,-0.947278513471313
germany,deu,1992,0.29,,-0.947278513471313
germany,deu,1993,0.29,,-0.947278513471313
germany,deu,1994,0.29,,-0.947278513471313
germany,deu,1995,0.29,,-0.947278513471313
germany,deu,1996,0.28,,-1.0622362767055311
germany,deu,1997,0.28,,-1.0622362767055311
germany,deu,1998,0.28,,-1.0622362767055311
germany,deu,1999,0.29,,-0.947278513471313
germany,deu,2000,0.29,,-0.947278513471313
germany,deu,2001,0.3,,-0.8323207502370942
germany,deu,2002,0.3,,-0.8323207502370942
germany,deu,2003,0.3,,-0.8323207502370942
germany,deu,2004,0.3,,-0.8323207502370942
germany,deu,2005,0.32,,-0.6024052237686565
germany,deu,2006,0.31,,-0.7173629870028754
germany,deu,2007,0.31,,-0.7173629870028754
germany,deu,2008,0.31,,-0.7173629870028754
germany,deu,2009,0.3,,-0.8323207502370942
germany,deu,2010,0.3,,-0.8323207502370942
germany,deu,2011,0.31,,-0.7173629870028754
germany,deu,2012,0.31,,-0.7173629870028754
germany,deu,2013,0.31,,-0.7173629870028754
germany,deu,2014,0.31,,-0.7173629870028754
germany,deu,2015,0.32,,-0.6024052237686565
germany,deu,2016,0.31,,-0.7173629870028754
germany,deu,2017,0.31,,-0.7173629870028754
germany,deu,2018,0.32,,-0.6024052237686565
germany,deu,2019,0.32,,-0.6024052237686565
germany,deu,2020,0.32,,-0.6024052237686565
germany,deu,2023,,Europe,
ghana,gha,1987,0.35,,-0.25753193406600067
ghana,gha,1988,0.36,,-0.14257417083178184
ghana,gha,1991,0.38,,0.0873413556366558
ghana,gha,1998,0.4,,0.31725688210509345
ghana,gha,2005,0.43,,0.6621301718077492
ghana,gha,2012,0.42,,0.5471724085735304
ghana,gha,2016,0.44,,0.7770879350419682
ghana,gha,2023,,Africa,
gibraltar,gib,2023,,Europe,
greece,grc,1995,0.37,,-0.02761640759756302
greece,grc,2000,0.34,,-0.37248969730021886
greece,grc,2002,0.36,,-0.14257417083178184
greece,grc,2003,0.33,,-0.48744746053443766
greece,grc,2004,0.34,,-0.37248969730021886
greece,grc,2005,0.35,,-0.25753193406600067
greece,grc,2006,0.35,,-0.25753193406600067
greece,grc,2007,0.34,,-0.37248969730021886
greece,grc,2008,0.34,,-0.37248969730021886
greece,grc,2009,0.34,,-0.37248969730021886
greece,grc,2010,0.34,,-0.37248969730021886
greece,grc,2011,0.35,,-0.25753193406600067
greece,grc,2012,0.36,,-0.14257417083178184
greece,grc,2013,0.36,,-0.14257417083178184
greece,grc,2014,0.36,,-0.14257417083178184
greece,grc,2015,0.36,,-0.14257417083178184
greece,grc,2016,0.35,,-0.25753193406600067
greece,grc,2017,0.34,,-0.37248969730021886
greece,grc,2018,0.33,,-0.48744746053443766
greece,grc,2019,0.33,,-0.48744746053443766
greece,grc,2020,0.34,,-0.37248969730021886
greece,grc,2021,0.33,,-0.48744746053443766
greece,grc,2022,0.33,,-0.48744746053443766
greece,grc,2023,0.33,Europe,-0.48744746053443766
greenland,grl,2023,,North America,
grenada,grd,2018,0.44,,0.7770879350419682
grenada,grd,2023,,North America,
guadeloupe,glp,2023,,North America,
guam,gum,2023,,Oceania,
guatemala,gtm,1986,0.54,,1.9266655673841557
guatemala,gtm,1989,0.59,,2.5014543835552487
guatemala,gtm,1998,0.49,,1.3518767512130616
guatemala,gtm,2000,0.54,,1.9266655673841557
guatemala,gtm,2006,0.55,,2.0416233306183744
guatemala,gtm,2014,0.48,,1.2369189879788427
guatemala,gtm,2023,0.45,North America,0.892045698276187
guernsey,ggy,2023,,Europe,
guinea,gin,1991,0.46,,1.0070034615104058
guinea,gin,1994,0.46,,1.0070034615104058
guinea,gin,2002,0.43,,0.6621301718077492
guinea,gin,2007,0.39,,0.20229911887087462
guinea,gin,2012,0.34,,-0.37248969730021886
guinea,gin,2018,0.3,,-0.8323207502370942
guinea,gin,2023,,Africa,
guinea-bissau,gnb,1991,0.56,,2.1565810938525933
guinea-bissau,gnb,1993,0.44,,0.7770879350419682
guinea-bissau,gnb,2002,0.36,,-0.14257417083178184
guinea-bissau,gnb,2010,0.51,,1.5817922776814992
guinea-bissau,gnb,2018,0.35,,-0.25753193406600067
guinea-bissau,gnb,2021,0.33,,-0.48744746053443766
guinea-bissau,gnb,2023,,Africa,
guyana,guy,1992,0.39,,0.20229911887087462
guyana,guy,1998,0.45,,0.892045698276187
guyana,guy,2023,,South America,
haiti,hti,2001,0.59,,2.5014543835552487
haiti,hti,2012,0.6,,2.616412146789467
haiti,hti,2023,,North America,
honduras,hnd,1989,0.55,,2.0416233306183744
honduras,hnd,1990,0.56,,2.1565810938525933
honduras,hnd,1991,0.52,,1.6967500409157181
honduras,hnd,1992,0.52,,1.6967500409157181
honduras,hnd,1993,0.53,,1.8117078041499368
honduras,hnd,1994,0.55,,2.0416233306183744
honduras,hnd,1995,0.55,,2.0416233306183744
honduras,hnd,1996,0.56,,2.1565810938525933
honduras,hnd,1997,0.53,,1.8117078041499368
honduras,hnd,1998,0.57,,2.271538857086811
honduras,hnd,1999,0.55,,2.0416233306183744
honduras,hnd,2001,0.55,,2.0416233306183744
honduras,hnd,2002,0.56,,2.1565810938525933
honduras,hnd,2003,0.58,,2.38649662032103
honduras,hnd,2004,0.58,,2.38649662032103
honduras,hnd,2005,0.59,,2.5014543835552487
honduras,hnd,2006,0.58,,2.38649662032103
honduras,hnd,2007,0.56,,2.1565810938525933
honduras,hnd,2008,0.55,,2.0416233306183744
honduras,hnd,2009,0.51,,1.5817922776814992
honduras,hnd,2010,0.53,,1.8117078041499368
honduras,hnd,2011,0.53,,1.8117078041499368
honduras,hnd,2012,0.53,,1.8117078041499368
honduras,hnd,2013,0.5,,1.4668345144472803
honduras,hnd,2014,0.5,,1.4668345144472803
honduras,hnd,2015,0.49,,1.3518767512130616
honduras,hnd,2016,0.5,,1.4668345144472803
honduras,hnd,2017,0.49,,1.3518767512130616
honduras,hnd,2018,0.49,,1.3518767512130616
honduras,hnd,2019,0.48,,1.2369189879788427
honduras,hnd,2023,0.47,North America,1.121961224744624
honduras,hnd,2024,0.46,,1.0070034615104058
hong kong,hkg,2023,,Asia,
hungary,hun,1987,0.21,,-1.8669406193450626
hungary,hun,1989,0.25,,-1.4071095664081876
hungary,hun,1991,0.3,,-0.8323207502370942
hungary,hun,1993,0.28,,-1.0622362767055311
hungary,hun,1994,0.33,,-0.48744746053443766
hungary,hun,1999,0.3,,-0.8323207502370942
hungary,hun,2004,0.3,,-0.8323207502370942
hungary,hun,2005,0.35,,-0.25753193406600067
hungary,hun,2006,0.28,,-1.0622362767055311
hungary,hun,2007,0.28,,-1.0622362767055311
hungary,hun,2008,0.28,,-1.0622362767055311
hungary,hun,2009,0.27,,-1.17719403993975
hungary,hun,2010,0.29,,-0.947278513471313
hungary,hun,2011,0.29,,-0.947278513471313
hungary,hun,2012,0.31,,-0.7173629870028754
hungary,hun,2013,0.32,,-0.6024052237686565
hungary,hun,2014,0.31,,-0.7173629870028754
hungary,hun,2015,0.3,,-0.8323207502370942
hungary,hun,2016,0.3,,-0.8323207502370942
hungary,hun,2017,0.31,,-0.7173629870028754
hungary,hun,2023,,Europe,
iceland,isl,2003,0.27,,-1.17719403993975
iceland,isl,2004,0.28,,-1.0622362767055311
iceland,isl,2005,0.29,,-0.947278513471313
iceland,isl,2006,0.3,,-0.8323207502370942
iceland,isl,2007,0.29,,-0.947278513471313
iceland,isl,2008,0.32,,-0.6024052237686565
iceland,isl,2009,0.29,,-0.947278513471313
iceland,isl,2010,0.26,,-1.2921518031739687
iceland,isl,2011,0.27,,-1.17719403993975
iceland,isl,2012,0.27,,-1.17719403993975
iceland,isl,2013,0.25,,-1.4071095664081876
iceland,isl,2014,0.28,,-1.0622362767055311
iceland,isl,2015,0.27,,-1.17719403993975
iceland,isl,2016,0.27,,-1.17719403993975
iceland,isl,2017,0.26,,-1.2921518031739687
iceland,isl,2018,0.27,,-1.17719403993975
iceland,isl,2019,0.27,,-1.17719403993975
iceland,isl,2023,,Europe,
india,ind,1977,0.3,,-0.8323207502370942
india,ind,1983,0.27,,-1.17719403993975
india,ind,1987,0.28,,-1.0622362767055311
india,ind,1993,0.26,,-1.2921518031739687
india,ind,2004,0.28,,-1.0622362767055311
india,ind,2009,0.28,,-1.0622362767055311
india,ind,2011,0.29,,-0.947278513471313
india,ind,2022,0.26,,-1.2921518031739687
india,ind,2023,,Asia,
indonesia,idn,1984,0.32,,-0.6024052237686565
indonesia,idn,1987,0.3,,-0.8323207502370942
indonesia,idn,1990,0.31,,-0.7173629870028754
indonesia,idn,1993,0.32,,-0.6024052237686565
indonesia,idn,1996,0.34,,-0.37248969730021886
indonesia,idn,1998,0.31,,-0.7173629870028754
indonesia,idn,1999,0.31,,-0.7173629870028754
indonesia,idn,2000,0.3,,-0.8323207502370942
indonesia,idn,2001,0.31,,-0.7173629870028754
indonesia,idn,2002,0.3,,-0.8323207502370942
indonesia,idn,2003,0.29,,-0.947278513471313
indonesia,idn,2004,0.3,,-0.8323207502370942
indonesia,idn,2005,0.3,,-0.8323207502370942
indonesia,idn,2006,0.32,,-0.6024052237686565
indonesia,idn,2007,0.33,,-0.48744746053443766
indonesia,idn,2008,0.33,,-0.48744746053443766
indonesia,idn,2009,0.33,,-0.48744746053443766
indonesia,idn,2010,0.35,,-0.25753193406600067
indonesia,idn,2011,0.38,,0.0873413556366558
indonesia,idn,2012,0.37,,-0.02761640759756302
indonesia,idn,2013,0.39,,0.20229911887087462
indonesia,idn,2014,0.39,,0.20229911887087462
indonesia,idn,2015,0.38,,0.0873413556366558
indonesia,idn,2016,0.37,,-0.02761640759756302
indonesia,idn,2017,0.36,,-0.14257417083178184
indonesia,idn,2018,0.36,,-0.14257417083178184
indonesia,idn,2019,0.35,,-0.25753193406600067
indonesia,idn,2020,0.35,,-0.25753193406600067
indonesia,idn,2021,0.36,,-0.14257417083178184
indonesia,idn,2022,0.36,,-0.14257417083178184
indonesia,idn,2023,0.36,Asia,-0.14257417083178184
indonesia,idn,2024,0.35,,-0.25753193406600067
iran,irn,1986,0.47,,1.121961224744624
iran,irn,1990,0.44,,0.7770879350419682
iran,irn,1994,0.43,,0.6621301718077492
iran,irn,1998,0.44,,0.7770879350419682
iran,irn,2005,0.44,,0.7770879350419682
iran,irn,2006,0.45,,0.892045698276187
iran,irn,2009,0.42,,0.5471724085735304
iran,irn,2011,0.35,,-0.25753193406600067
iran,irn,2012,0.34,,-0.37248969730021886
iran,irn,2013,0.34,,-0.37248969730021886
iran,irn,2014,0.35,,-0.25753193406600067
iran,irn,2015,0.35,,-0.25753193406600067
iran,irn,2016,0.36,,-0.14257417083178184
iran,irn,2017,0.37,,-0.02761640759756302
iran,irn,2018,0.37,,-0.02761640759756302
iran,irn,2019,0.36,,-0.14257417083178184
iran,irn,2020,0.36,,-0.14257417083178184
iran,irn,2021,0.35,,-0.25753193406600067
iran,irn,2022,0.35,,-0.25753193406600067
iran,irn,2023,0.36,Asia,-0.14257417083178184
iraq,irq,2006,0.29,,-0.947278513471313
iraq,irq,2012,0.3,,-0.8323207502370942
iraq,irq,2023,0.3,Asia,-0.8323207502370942
ireland,irl,1987,0.35,,-0.25753193406600067
ireland,irl,1994,0.37,,-0.02761640759756302
ireland,irl,1995,0.37,,-0.02761640759756302
ireland,irl,1996,0.36,,-0.14257417083178184
ireland,irl,2000,0.33,,-0.48744746053443766
ireland,irl,2002,0.32,,-0.6024052237686565
ireland,irl,2003,0.33,,-0.48744746053443766
ireland,irl,2004,0.34,,-0.37248969730021886
ireland,irl,2005,0.34,,-0.37248969730021886
ireland,irl,2006,0.33,,-0.48744746053443766
ireland,irl,2007,0.32,,-0.6024052237686565
ireland,irl,2008,0.31,,-0.7173629870028754
ireland,irl,2009,0.33,,-0.48744746053443766
ireland,irl,2010,0.32,,-0.6024052237686565
ireland,irl,2011,0.33,,-0.48744746053443766
ireland,irl,2012,0.33,,-0.48744746053443766
ireland,irl,2013,0.33,,-0.48744746053443766
ireland,irl,2014,0.32,,-0.6024052237686565
ireland,irl,2015,0.32,,-0.6024052237686565
ireland,irl,2016,0.33,,-0.48744746053443766
ireland,irl,2017,0.31,,-0.7173629870028754
ireland,irl,2018,0.31,,-0.7173629870028754
ireland,irl,2019,0.3,,-0.8323207502370942
ireland,irl,2020,0.29,,-0.947278513471313
ireland,irl,2021,0.29,,-0.947278513471313
ireland,irl,2022,0.3,,-0.8323207502370942
ireland,irl,2023,0.29,Europe,-0.947278513471313
isle of man,imn,2023,,Europe,
israel,isr,1979,0.36,,-0.14257417083178184
israel,isr,1986,0.36,,-0.14257417083178184
israel,isr,1992,0.36,,-0.14257417083178184
israel,isr,1997,0.38,,0.0873413556366558
israel,isr,2001,0.39,,0.20229911887087462
israel,isr,2002,0.4,,0.31725688210509345
israel,isr,2003,0.41,,0.43221464533931164
israel,isr,2004,0.41,,0.43221464533931164
israel,isr,2005,0.42,,0.5471724085735304
israel,isr,2006,0.42,,0.5471724085735304
israel,isr,2007,0.41,,0.43221464533931164
israel,isr,2008,0.42,,0.5471724085735304
israel,isr,2009,0.43,,0.6621301718077492
israel,isr,2010,0.43,,0.6621301718077492
israel,isr,2011,0.41,,0.43221464533931164
israel,isr,2012,0.41,,0.43221464533931164
israel,isr,2013,0.4,,0.31725688210509345
israel,isr,2014,0.4,,0.31725688210509345
israel,isr,2015,0.4,,0.31725688210509345
israel,isr,2016,0.39,,0.20229911887087462
israel,isr,2017,0.38,,0.0873413556366558
israel,isr,2018,0.39,,0.20229911887087462
israel,isr,2019,0.38,,0.0873413556366558
israel,isr,2020,0.38,,0.0873413556366558
israel,isr,2021,0.38,,0.0873413556366558
israel,isr,2023,,Asia,
italy,ita,1977,0.34,,-0.37248969730021886
italy,ita,1978,0.33,,-0.48744746053443766
italy,ita,1979,0.33,,-0.48744746053443766
italy,ita,1980,0.33,,-0.48744746053443766
italy,ita,1981,0.32,,-0.6024052237686565
italy,ita,1982,0.29,,-0.947278513471313
italy,ita,1983,0.3,,-0.8323207502370942
italy,ita,1984,0.31,,-0.7173629870028754
italy,ita,1986,0.31,,-0.7173629870028754
italy,ita,1987,0.34,,-0.37248969730021886
italy,ita,1989,0.32,,-0.6024052237686565
italy,ita,1991,0.31,,-0.7173629870028754
italy,ita,1993,0.35,,-0.25753193406600067
italy,ita,1995,0.35,,-0.25753193406600067
italy,ita,1998,0.37,,-0.02761640759756302
italy,ita,2000,0.35,,-0.25753193406600067
italy,ita,2002,0.35,,-0.25753193406600067
italy,ita,2003,0.35,,-0.25753193406600067
italy,ita,2004,0.34,,-0.37248969730021886
italy,ita,2005,0.34,,-0.37248969730021886
italy,ita,2006,0.34,,-0.37248969730021886
italy,ita,2007,0.33,,-0.48744746053443766
italy,ita,2008,0.34,,-0.37248969730021886
italy,ita,2009,0.34,,-0.37248969730021886
italy,ita,2010,0.35,,-0.25753193406600067
italy,ita,2011,0.35,,-0.25753193406600067
italy,ita,2012,0.35,,-0.25753193406600067
italy,ita,2013,0.35,,-0.25753193406600067
italy,ita,2014,0.35,,-0.25753193406600067
italy,ita,2015,0.35,,-0.25753193406600067
italy,ita,2016,0.35,,-0.25753193406600067
italy,ita,2017,0.36,,-0.14257417083178184
italy,ita,2018,0.35,,-0.25753193406600067
italy,ita,2019,0.35,,-0.25753193406600067
italy,ita,2020,0.35,,-0.25753193406600067
italy,ita,2021,0.35,,-0.25753193406600067
italy,ita,2022,0.34,,-0.37248969730021886
italy,ita,2023,0.34,Europe,-0.37248969730021886
jamaica,jam,1988,0.43,,0.6621301718077492
jamaica,jam,1990,0.41,,0.43221464533931164
jamaica,jam,1993,0.36,,-0.14257417083178184
jamaica,jam,1996,0.4,,0.31725688210509345
jamaica,jam,1999,0.44,,0.7770879350419682
jamaica,jam,2002,0.48,,1.2369189879788427
jamaica,jam,2004,0.45,,0.892045698276187
jamaica,jam,2018,0.35,,-0.25753193406600067
jamaica,jam,2021,0.4,,0.31725688210509345
jamaica,jam,2023,,North America,
japan,jpn,2008,0.35,,-0.25753193406600067
japan,jpn,2009,0.33,,-0.48744746053443766
japan,jpn,2010,0.31,,-0.7173629870028754
japan,jpn,2011,0.33,,-0.48744746053443766
japan,jpn,2012,0.33,,-0.48744746053443766
japan,jpn,2013,0.32,,-0.6024052237686565
japan,jpn,2014,0.31,,-0.7173629870028754
japan,jpn,2015,0.31,,-0.7173629870028754
japan,jpn,2016,0.32,,-0.6024052237686565
japan,jpn,2017,0.32,,-0.6024052237686565
japan,jpn,2018,0.33,,-0.48744746053443766
japan,jpn,2019,0.33,,-0.48744746053443766
japan,jpn,2020,0.32,,-0.6024052237686565
japan,jpn,2023,,Asia,
jersey,jey,2023,,Europe,
jordan,jor,1986,0.36,,-0.14257417083178184
jordan,jor,1992,0.43,,0.6621301718077492
jordan,jor,1997,0.36,,-0.14257417083178184
jordan,jor,2002,0.37,,-0.02761640759756302
jordan,jor,2006,0.34,,-0.37248969730021886
jordan,jor,2008,0.33,,-0.48744746053443766
jordan,jor,2010,0.34,,-0.37248969730021886
jordan,jor,2023,,Asia,
kazakhstan,kaz,1993,0.33,,-0.48744746053443766
kazakhstan,kaz,1996,0.35,,-0.25753193406600067
kazakhstan,kaz,2001,0.36,,-0.14257417083178184
kazakhstan,kaz,2002,0.35,,-0.25753193406600067
kazakhstan,kaz,2003,0.34,,-0.37248969730021886
kazakhstan,kaz,2004,0.32,,-0.6024052237686565
kazakhstan,kaz,2005,0.4,,0.31725688210509345
kazakhstan,kaz,2006,0.3,,-0.8323207502370942
kazakhstan,kaz,2007,0.3,,-0.8323207502370942
kazakhstan,kaz,2008,0.28,,-1.0622362767055311
kazakhstan,kaz,2009,0.28,,-1.0622362767055311
kazakhstan,kaz,2010,0.28,,-1.0622362767055311
kazakhstan,kaz,2011,0.28,,-1.0622362767055311
kazakhstan,kaz,2012,0.28,,-1.0622362767055311
kazakhstan,kaz,2013,0.27,,-1.17719403993975
kazakhstan,kaz,2014,0.27,,-1.17719403993975
kazakhstan,kaz,2015,0.27,,-1.17719403993975
kazakhstan,kaz,2016,0.27,,-1.17719403993975
kazakhstan,kaz,2017,0.27,,-1.17719403993975
kazakhstan,kaz,2018,0.28,,-1.0622362767055311
kazakhstan,kaz,2019,0.28,,-1.0622362767055311
kazakhstan,kaz,2020,0.29,,-0.947278513471313
kazakhstan,kaz,2021,0.29,,-0.947278513471313
kazakhstan,kaz,2023,,Asia,
kenya,ken,1992,0.57,,2.271538857086811
kenya,ken,1994,0.43,,0.6621301718077492
kenya,ken,1997,0.45,,0.892045698276187
kenya,ken,2005,0.46,,1.0070034615104058
kenya,ken,2015,0.41,,0.43221464533931164
kenya,ken,2020,0.36,,-0.14257417083178184
kenya,ken,2021,0.39,,0.20229911887087462
kenya,ken,2022,0.38,,0.0873413556366558
kenya,ken,2023,,Africa,
kiribati,kir,2006,0.37,,-0.02761640759756302
kiribati,kir,2019,0.28,,-1.0622362767055311
kiribati,kir,2023,,Oceania,
korea (former),owid_kru,2023,,Asia,
kosovo,owid_kos,2017,0.44,,0.7770879350419682
kosovo,owid_kos,2018,0.45,,0.892045698276187
kosovo,owid_kos,2019,0.4,,0.31725688210509345
kosovo,owid_kos,2020,0.57,,2.271538857086811
kosovo,owid_kos,2021,0.49,,1.3518767512130616
kosovo,owid_kos,2022,0.38,,0.0873413556366558
kosovo,owid_kos,2023,,Europe,
kuwait,kwt,2023,,Asia,
kyrgyzstan,kgz,2000,0.31,,-0.7173629870028754
kyrgyzstan,kgz,2001,0.3,,-0.8323207502370942
kyrgyzstan,kgz,2002,0.3,,-0.8323207502370942
kyrgyzstan,kgz,2003,0.29,,-0.947278513471313
kyrgyzstan,kgz,2004,0.35,,-0.25753193406600067
kyrgyzstan,kgz,2005,0.33,,-0.48744746053443766
kyrgyzstan,kgz,2006,0.37,,-0.02761640759756302
kyrgyzstan,kgz,2007,0.34,,-0.37248969730021886
kyrgyzstan,kgz,2008,0.31,,-0.7173629870028754
kyrgyzstan,kgz,2009,0.3,,-0.8323207502370942
kyrgyzstan,kgz,2010,0.3,,-0.8323207502370942
kyrgyzstan,kgz,2011,0.28,,-1.0622362767055311
kyrgyzstan,kgz,2012,0.27,,-1.17719403993975
kyrgyzstan,kgz,2013,0.29,,-0.947278513471313
kyrgyzstan,kgz,2014,0.27,,-1.17719403993975
kyrgyzstan,kgz,2015,0.29,,-0.947278513471313
kyrgyzstan,kgz,2016,0.27,,-1.17719403993975
kyrgyzstan,kgz,2017,0.27,,-1.17719403993975
kyrgyzstan,kgz,2018,0.28,,-1.0622362767055311
kyrgyzstan,kgz,2019,0.3,,-0.8323207502370942
kyrgyzstan,kgz,2020,0.29,,-0.947278513471313
kyrgyzstan,kgz,2021,0.29,,-0.947278513471313
kyrgyzstan,kgz,2022,0.26,,-1.2921518031739687
kyrgyzstan,kgz,2023,0.27,Asia,-1.17719403993975
laos,lao,1992,0.34,,-0.37248969730021886
laos,lao,1997,0.35,,-0.25753193406600067
laos,lao,2002,0.33,,-0.48744746053443766
laos,lao,2007,0.35,,-0.25753193406600067
laos,lao,2012,0.36,,-0.14257417083178184
laos,lao,2018,0.39,,0.20229911887087462
laos,lao,2023,,Asia,
latvia,lva,1993,0.27,,-1.17719403993975
latvia,lva,1995,0.31,,-0.7173629870028754
latvia,lva,1996,0.32,,-0.6024052237686565
latvia,lva,2004,0.36,,-0.14257417083178184
latvia,lva,2005,0.39,,0.20229911887087462
latvia,lva,2006,0.36,,-0.14257417083178184
latvia,lva,2007,0.37,,-0.02761640759756302
latvia,lva,2008,0.37,,-0.02761640759756302
latvia,lva,2009,0.36,,-0.14257417083178184
latvia,lva,2010,0.35,,-0.25753193406600067
latvia,lva,2011,0.36,,-0.14257417083178184
latvia,lva,2012,0.35,,-0.25753193406600067
latvia,lva,2013,0.35,,-0.25753193406600067
latvia,lva,2014,0.35,,-0.25753193406600067
latvia,lva,2015,0.34,,-0.37248969730021886
latvia,lva,2016,0.34,,-0.37248969730021886
latvia,lva,2017,0.36,,-0.14257417083178184
latvia,lva,2018,0.35,,-0.25753193406600067
latvia,lva,2019,0.34,,-0.37248969730021886
latvia,lva,2020,0.36,,-0.14257417083178184
latvia,lva,2021,0.34,,-0.37248969730021886
latvia,lva,2022,0.34,,-0.37248969730021886
latvia,lva,2023,0.34,Europe,-0.37248969730021886
lebanon,lbn,2011,0.32,,-0.6024052237686565
lebanon,lbn,2022,0.35,,-0.25753193406600067
lebanon,lbn,2023,,Asia,
lesotho,lso,1986,0.56,,2.1565810938525933
lesotho,lso,1994,0.63,,2.961285436492124
lesotho,lso,2002,0.51,,1.5817922776814992
lesotho,lso,2017,0.45,,0.892045698276187
lesotho,lso,2023,,Africa,
liberia,lbr,2007,0.36,,-0.14257417083178184
liberia,lbr,2014,0.33,,-0.48744746053443766
liberia,lbr,2016,0.35,,-0.25753193406600067
liberia,lbr,2023,,Africa,
libya,lby,2023,,Africa,
liechtenstein,lie,2023,,Europe,
lithuania,ltu,1993,0.33,,-0.48744746053443766
lithuania,ltu,2004,0.37,,-0.02761640759756302
lithuania,ltu,2005,0.35,,-0.25753193406600067
lithuania,ltu,2006,0.34,,-0.37248969730021886
lithuania,ltu,2007,0.35,,-0.25753193406600067
lithuania,ltu,2008,0.36,,-0.14257417083178184
lithuania,ltu,2009,0.37,,-0.02761640759756302
lithuania,ltu,2010,0.34,,-0.37248969730021886
lithuania,ltu,2011,0.32,,-0.6024052237686565
lithuania,ltu,2012,0.35,,-0.25753193406600067
lithuania,ltu,2013,0.35,,-0.25753193406600067
lithuania,ltu,2014,0.38,,0.0873413556366558
lithuania,ltu,2015,0.37,,-0.02761640759756302
lithuania,ltu,2016,0.38,,0.0873413556366558
lithuania,ltu,2017,0.37,,-0.02761640759756302
lithuania,ltu,2018,0.36,,-0.14257417083178184
lithuania,ltu,2019,0.35,,-0.25753193406600067
lithuania,ltu,2020,0.36,,-0.14257417083178184
lithuania,ltu,2021,0.37,,-0.02761640759756302
lithuania,ltu,2022,0.37,,-0.02761640759756302
lithuania,ltu,2023,0.36,Europe,-0.14257417083178184
luxembourg,lux,1985,0.26,,-1.2921518031739687
luxembourg,lux,1986,0.28,,-1.0622362767055311
luxembourg,lux,1987,0.3,,-0.8323207502370942
luxembourg,lux,1988,0.29,,-0.947278513471313
luxembourg,lux,1989,0.31,,-0.7173629870028754
luxembourg,lux,1990,0.28,,-1.0622362767055311
luxembourg,lux,1991,0.27,,-1.17719403993975
luxembourg,lux,1992,0.27,,-1.17719403993975
luxembourg,lux,1993,0.27,,-1.17719403993975
luxembourg,lux,1994,0.28,,-1.0622362767055311
luxembourg,lux,1995,0.28,,-1.0622362767055311
luxembourg,lux,1996,0.29,,-0.947278513471313
luxembourg,lux,1997,0.3,,-0.8323207502370942
luxembourg,lux,1998,0.31,,-0.7173629870028754
luxembourg,lux,1999,0.3,,-0.8323207502370942
luxembourg,lux,2000,0.3,,-0.8323207502370942
luxembourg,lux,2001,0.31,,-0.7173629870028754
luxembourg,lux,2002,0.31,,-0.7173629870028754
luxembourg,lux,2003,0.3,,-0.8323207502370942
luxembourg,lux,2004,0.3,,-0.8323207502370942
luxembourg,lux,2005,0.31,,-0.7173629870028754
luxembourg,lux,2006,0.31,,-0.7173629870028754
luxembourg,lux,2007,0.31,,-0.7173629870028754
luxembourg,lux,2008,0.33,,-0.48744746053443766
luxembourg,lux,2009,0.31,,-0.7173629870028754
luxembourg,lux,2010,0.31,,-0.7173629870028754
luxembourg,lux,2011,0.32,,-0.6024052237686565
luxembourg,lux,2012,0.34,,-0.37248969730021886
luxembourg,lux,2013,0.32,,-0.6024052237686565
luxembourg,lux,2014,0.31,,-0.7173629870028754
luxembourg,lux,2015,0.33,,-0.48744746053443766
luxembourg,lux,2016,0.32,,-0.6024052237686565
luxembourg,lux,2017,0.35,,-0.25753193406600067
luxembourg,lux,2018,0.35,,-0.25753193406600067
luxembourg,lux,2019,0.34,,-0.37248969730021886
luxembourg,lux,2020,0.33,,-0.48744746053443766
luxembourg,lux,2021,0.33,,-0.48744746053443766
luxembourg,lux,2022,0.34,,-0.37248969730021886
luxembourg,lux,2023,0.34,Europe,-0.37248969730021886
macao,mac,2023,,Asia,
madagascar,mdg,1980,0.47,,1.121961224744624
madagascar,mdg,1993,0.45,,0.892045698276187
madagascar,mdg,1997,0.39,,0.20229911887087462
madagascar,mdg,1999,0.39,,0.20229911887087462
madagascar,mdg,2001,0.47,,1.121961224744624
madagascar,mdg,2005,0.4,,0.31725688210509345
madagascar,mdg,2010,0.42,,0.5471724085735304
madagascar,mdg,2012,0.43,,0.6621301718077492
madagascar,mdg,2021,0.37,,-0.02761640759756302
madagascar,mdg,2023,,Africa,
malawi,mwi,1997,0.66,,3.3061587261947802
malawi,mwi,2004,0.4,,0.31725688210509345
malawi,mwi,2010,0.45,,0.892045698276187
malawi,mwi,2016,0.45,,0.892045698276187
malawi,mwi,2019,0.39,,0.20229911887087462
malawi,mwi,2023,,Africa,
malaysia,mys,1984,0.48,,1.2369189879788427
malaysia,mys,1987,0.47,,1.121961224744624
malaysia,mys,1989,0.46,,1.0070034615104058
malaysia,mys,1992,0.48,,1.2369189879788427
malaysia,mys,1995,0.49,,1.3518767512130616
malaysia,mys,1997,0.49,,1.3518767512130616
malaysia,mys,2003,0.46,,1.0070034615104058
malaysia,mys,2006,0.45,,0.892045698276187
malaysia,mys,2008,0.45,,0.892045698276187
malaysia,mys,2011,0.44,,0.7770879350419682
malaysia,mys,2013,0.41,,0.43221464533931164
malaysia,mys,2015,0.41,,0.43221464533931164
malaysia,mys,2018,0.41,,0.43221464533931164
malaysia,mys,2021,0.41,,0.43221464533931164
malaysia,mys,2023,,Asia,
maldives,mdv,2002,0.41,,0.43221464533931164
maldives,mdv,2009,0.38,,0.0873413556366558
maldives,mdv,2016,0.31,,-0.7173629870028754
maldives,mdv,2019,0.29,,-0.947278513471313
maldives,mdv,2023,,Asia,
mali,mli,1994,0.5,,1.4668345144472803
mali,mli,2001,0.4,,0.31725688210509345
mali,mli,2006,0.39,,0.20229911887087462
mali,mli,2009,0.33,,-0.48744746053443766
mali,mli,2018,0.36,,-0.14257417083178184
mali,mli,2021,0.36,,-0.14257417083178184
mali,mli,2023,,Africa,
malta,mlt,2006,0.28,,-1.0622362767055311
malta,mlt,2007,0.29,,-0.947278513471313
malta,mlt,2008,0.29,,-0.947278513471313
malta,mlt,2009,0.3,,-0.8323207502370942
malta,mlt,2010,0.29,,-0.947278513471313
malta,mlt,2011,0.29,,-0.947278513471313
malta,mlt,2012,0.29,,-0.947278513471313
malta,mlt,2013,0.29,,-0.947278513471313
malta,mlt,2014,0.29,,-0.947278513471313
malta,mlt,2015,0.29,,-0.947278513471313
malta,mlt,2016,0.29,,-0.947278513471313
malta,mlt,2017,0.29,,-0.947278513471313
malta,mlt,2018,0.29,,-0.947278513471313
malta,mlt,2019,0.31,,-0.7173629870028754
malta,mlt,2020,0.31,,-0.7173629870028754
malta,mlt,2021,0.32,,-0.6024052237686565
malta,mlt,2022,0.35,,-0.25753193406600067
malta,mlt,2023,,Europe,
marshall islands,mhl,2019,0.35,,-0.25753193406600067
marshall islands,mhl,2023,,Oceania,
martinique,mtq,2023,,North America,
mauritania,mrt,1987,0.44,,0.7770879350419682
mauritania,mrt,1993,0.5,,1.4668345144472803
mauritania,mrt,1995,0.38,,0.0873413556366558
mauritania,mrt,2000,0.39,,0.20229911887087462
mauritania,mrt,2004,0.4,,0.31725688210509345
mauritania,mrt,2008,0.36,,-0.14257417083178184
mauritania,mrt,2014,0.33,,-0.48744746053443766
mauritania,mrt,2019,0.32,,-0.6024052237686565
mauritania,mrt,2023,,Africa,
mauritius,mus,2006,0.36,,-0.14257417083178184
mauritius,mus,2012,0.38,,0.0873413556366558
mauritius,mus,2017,0.37,,-0.02761640759756302
mauritius,mus,2023,,Africa,
mayotte,myt,2023,,Africa,
mexico,mex,1984,0.49,,1.3518767512130616
mexico,mex,1989,0.5,,1.4668345144472803
mexico,mex,1992,0.52,,1.6967500409157181
mexico,mex,1994,0.53,,1.8117078041499368
mexico,mex,1996,0.52,,1.6967500409157181
mexico,mex,1998,0.53,,1.8117078041499368
mexico,mex,2000,0.53,,1.8117078041499368
mexico,mex,2002,0.51,,1.5817922776814992
mexico,mex,2004,0.5,,1.4668345144472803
mexico,mex,2005,0.51,,1.5817922776814992
mexico,mex,2006,0.5,,1.4668345144472803
mexico,mex,2008,0.51,,1.5817922776814992
mexico,mex,2010,0.48,,1.2369189879788427
mexico,mex,2012,0.5,,1.4668345144472803
mexico,mex,2014,0.49,,1.3518767512130616
mexico,mex,2016,0.47,,1.121961224744624
mexico,mex,2018,0.46,,1.0070034615104058
mexico,mex,2020,0.45,,0.892045698276187
mexico,mex,2022,0.43,,0.6621301718077492
mexico,mex,2023,,North America,
micronesia (country),fsm,2005,0.42,,0.5471724085735304
micronesia (country),fsm,2013,0.4,,0.31725688210509345
micronesia (country),fsm,2023,,Oceania,
moldova,mda,1997,0.37,,-0.02761640759756302
moldova,mda,1998,0.4,,0.31725688210509345
moldova,mda,1999,0.43,,0.6621301718077492
moldova,mda,2000,0.36,,-0.14257417083178184
moldova,mda,2001,0.38,,0.0873413556366558
moldova,mda,2002,0.36,,-0.14257417083178184
moldova,mda,2003,0.35,,-0.25753193406600067
moldova,mda,2004,0.35,,-0.25753193406600067
moldova,mda,2005,0.36,,-0.14257417083178184
moldova,mda,2006,0.35,,-0.25753193406600067
moldova,mda,2007,0.34,,-0.37248969730021886
moldova,mda,2008,0.35,,-0.25753193406600067
moldova,mda,2009,0.33,,-0.48744746053443766
moldova,mda,2010,0.32,,-0.6024052237686565
moldova,mda,2011,0.31,,-0.7173629870028754
moldova,mda,2012,0.29,,-0.947278513471313
moldova,mda,2013,0.29,,-0.947278513471313
moldova,mda,2014,0.27,,-1.17719403993975
moldova,mda,2015,0.27,,-1.17719403993975
moldova,mda,2016,0.26,,-1.2921518031739687
moldova,mda,2017,0.26,,-1.2921518031739687
moldova,mda,2018,0.26,,-1.2921518031739687
moldova,mda,2019,0.26,,-1.2921518031739687
moldova,mda,2020,0.25,,-1.4071095664081876
moldova,mda,2021,0.26,,-1.2921518031739687
moldova,mda,2022,0.26,,-1.2921518031739687
moldova,mda,2023,0.27,Europe,-1.17719403993975
monaco,mco,2023,,Europe,
mongolia,mng,1995,0.33,,-0.48744746053443766
mongolia,mng,1998,0.3,,-0.8323207502370942
mongolia,mng,2002,0.33,,-0.48744746053443766
mongolia,mng,2007,0.36,,-0.14257417083178184
mongolia,mng,2010,0.33,,-0.48744746053443766
mongolia,mng,2011,0.34,,-0.37248969730021886
mongolia,mng,2012,0.34,,-0.37248969730021886
mongolia,mng,2014,0.32,,-0.6024052237686565
mongolia,mng,2016,0.32,,-0.6024052237686565
mongolia,mng,2018,0.33,,-0.48744746053443766
mongolia,mng,2022,0.31,,-0.7173629870028754
mongolia,mng,2023,,Asia,
montenegro,mne,2012,0.41,,0.43221464533931164
montenegro,mne,2013,0.39,,0.20229911887087462
montenegro,mne,2014,0.39,,0.20229911887087462
montenegro,mne,2015,0.39,,0.20229911887087462
montenegro,mne,2016,0.38,,0.0873413556366558
montenegro,mne,2017,0.37,,-0.02761640759756302
montenegro,mne,2018,0.37,,-0.02761640759756302
montenegro,mne,2019,0.36,,-0.14257417083178184
montenegro,mne,2020,0.35,,-0.25753193406600067
montenegro,mne,2021,0.34,,-0.37248969730021886
montenegro,mne,2023,,Europe,
montserrat,msr,2023,,North America,
morocco,mar,1984,0.36,,-0.14257417083178184
morocco,mar,1990,0.39,,0.20229911887087462
morocco,mar,1998,0.39,,0.20229911887087462
morocco,mar,2000,0.41,,0.43221464533931164
morocco,mar,2006,0.41,,0.43221464533931164
morocco,mar,2013,0.4,,0.31725688210509345
morocco,mar,2023,,Africa,
mozambique,moz,1996,0.53,,1.8117078041499368
mozambique,moz,2002,0.47,,1.121961224744624
mozambique,moz,2008,0.45,,0.892045698276187
mozambique,moz,2014,0.54,,1.9266655673841557
mozambique,moz,2019,0.51,,1.5817922776814992
mozambique,moz,2022,0.5,,1.4668345144472803
mozambique,moz,2023,,Africa,
myanmar,mmr,2015,0.38,,0.0873413556366558
myanmar,mmr,2017,0.31,,-0.7173629870028754
myanmar,mmr,2023,,Asia,
namibia,nam,1993,0.71,,3.880947542365873
namibia,nam,2003,0.63,,2.961285436492124
namibia,nam,2009,0.61,,2.731369910023686
namibia,nam,2015,0.59,,2.5014543835552487
namibia,nam,2023,,Africa,
nauru,nru,2012,0.32,,-0.6024052237686565
nauru,nru,2023,,Oceania,
nepal,npl,1984,0.3,,-0.8323207502370942
nepal,npl,1995,0.35,,-0.25753193406600067
nepal,npl,2003,0.44,,0.7770879350419682
nepal,npl,2010,0.33,,-0.48744746053443766
nepal,npl,2022,0.3,,-0.8323207502370942
nepal,npl,2023,,Asia,
netherlands,nld,1983,0.28,,-1.0622362767055311
netherlands,nld,1987,0.27,,-1.17719403993975
netherlands,nld,1990,0.31,,-0.7173629870028754
netherlands,nld,1993,0.3,,-0.8323207502370942
netherlands,nld,1999,0.28,,-1.0622362767055311
netherlands,nld,2004,0.3,,-0.8323207502370942
netherlands,nld,2005,0.29,,-0.947278513471313
netherlands,nld,2006,0.3,,-0.8323207502370942
netherlands,nld,2007,0.3,,-0.8323207502370942
netherlands,nld,2008,0.29,,-0.947278513471313
netherlands,nld,2009,0.28,,-1.0622362767055311
netherlands,nld,2010,0.28,,-1.0622362767055311
netherlands,nld,2011,0.28,,-1.0622362767055311
netherlands,nld,2012,0.28,,-1.0622362767055311
netherlands,nld,2013,0.28,,-1.0622362767055311
netherlands,nld,2014,0.29,,-0.947278513471313
netherlands,nld,2015,0.28,,-1.0622362767055311
netherlands,nld,2016,0.28,,-1.0622362767055311
netherlands,nld,2017,0.29,,-0.947278513471313
netherlands,nld,2018,0.28,,-1.0622362767055311
netherlands,nld,2019,0.29,,-0.947278513471313
netherlands,nld,2020,0.26,,-1.2921518031739687
netherlands,nld,2021,0.26,,-1.2921518031739687
netherlands,nld,2023,,Europe,
netherlands antilles,ant,2023,,North America,
new caledonia,ncl,2023,,Oceania,
new zealand,nzl,2023,,Oceania,
nicaragua,nic,1993,0.57,,2.271538857086811
nicaragua,nic,1998,0.54,,1.9266655673841557
nicaragua,nic,2001,0.53,,1.8117078041499368
nicaragua,nic,2005,0.49,,1.3518767512130616
nicaragua,nic,2009,0.44,,0.7770879350419682
nicaragua,nic,2014,0.46,,1.0070034615104058
nicaragua,nic,2023,,North America,
niger,ner,1992,0.36,,-0.14257417083178184
niger,ner,1994,0.41,,0.43221464533931164
niger,ner,2005,0.44,,0.7770879350419682
niger,ner,2007,0.37,,-0.02761640759756302
niger,ner,2011,0.31,,-0.7173629870028754
niger,ner,2014,0.34,,-0.37248969730021886
niger,ner,2018,0.37,,-0.02761640759756302
niger,ner,2021,0.33,,-0.48744746053443766
niger,ner,2023,,Africa,
nigeria,nga,1985,0.39,,0.20229911887087462
nigeria,nga,1992,0.45,,0.892045698276187
nigeria,nga,1996,0.52,,1.6967500409157181
nigeria,nga,2003,0.4,,0.31725688210509345
nigeria,nga,2010,0.36,,-0.14257417083178184
nigeria,nga,2012,0.36,,-0.14257417083178184
nigeria,nga,2015,0.36,,-0.14257417083178184
nigeria,nga,2018,0.35,,-0.25753193406600067
nigeria,nga,2022,0.34,,-0.37248969730021886
nigeria,nga,2023,,Africa,
niue,niu,2023,,Oceania,
norfolk island,nfk,2023,,Oceania,
north korea,prk,2023,,Asia,
north macedonia,mkd,2009,0.43,,0.6621301718077492
north macedonia,mkd,2010,0.4,,0.31725688210509345
north macedonia,mkd,2011,0.39,,0.20229911887087462
north macedonia,mkd,2012,0.38,,0.0873413556366558
north macedonia,mkd,2013,0.36,,-0.14257417083178184
north macedonia,mkd,2014,0.35,,-0.25753193406600067
north macedonia,mkd,2015,0.36,,-0.14257417083178184
north macedonia,mkd,2016,0.35,,-0.25753193406600067
north macedonia,mkd,2017,0.34,,-0.37248969730021886
north macedonia,mkd,2018,0.33,,-0.48744746053443766
north macedonia,mkd,2019,0.34,,-0.37248969730021886
north macedonia,mkd,2023,,Europe,
northern mariana islands,mnp,2023,,Oceania,
norway,nor,1979,0.27,,-1.17719403993975
norway,nor,1986,0.25,,-1.4071095664081876
norway,nor,1991,0.25,,-1.4071095664081876
norway,nor,1995,0.26,,-1.2921518031739687
norway,nor,2000,0.27,,-1.17719403993975
norway,nor,2003,0.28,,-1.0622362767055311
norway,nor,2004,0.32,,-0.6024052237686565
norway,nor,2005,0.31,,-0.7173629870028754
norway,nor,2006,0.26,,-1.2921518031739687
norway,nor,2007,0.27,,-1.17719403993975
norway,nor,2008,0.27,,-1.17719403993975
norway,nor,2009,0.26,,-1.2921518031739687
norway,nor,2010,0.26,,-1.2921518031739687
norway,nor,2011,0.25,,-1.4071095664081876
norway,nor,2012,0.26,,-1.2921518031739687
norway,nor,2013,0.26,,-1.2921518031739687
norway,nor,2014,0.27,,-1.17719403993975
norway,nor,2015,0.27,,-1.17719403993975
norway,nor,2016,0.28,,-1.0622362767055311
norway,nor,2017,0.27,,-1.17719403993975
norway,nor,2018,0.28,,-1.0622362767055311
norway,nor,2019,0.28,,-1.0622362767055311
norway,nor,2020,0.28,,-1.0622362767055311
norway,nor,2021,0.29,,-0.947278513471313
norway,nor,2022,0.27,,-1.17719403993975
norway,nor,2023,0.27,Europe,-1.17719403993975
oman,omn,2023,,Asia,
pakistan,pak,1987,0.33,,-0.48744746053443766
pakistan,pak,1990,0.33,,-0.48744746053443766
pakistan,pak,1996,0.29,,-0.947278513471313
pakistan,pak,1998,0.33,,-0.48744746053443766
pakistan,pak,2001,0.29,,-0.947278513471313
pakistan,pak,2004,0.31,,-0.7173629870028754
pakistan,pak,2005,0.31,,-0.7173629870028754
pakistan,pak,2007,0.3,,-0.8323207502370942
pakistan,pak,2010,0.29,,-0.947278513471313
pakistan,pak,2011,0.3,,-0.8323207502370942
pakistan,pak,2013,0.3,,-0.8323207502370942
pakistan,pak,2015,0.31,,-0.7173629870028754
pakistan,pak,2018,0.3,,-0.8323207502370942
pakistan,pak,2023,,Asia,
palau,plw,2023,,Oceania,
palestine,pse,2004,0.34,,-0.37248969730021886
palestine,pse,2005,0.35,,-0.25753193406600067
palestine,pse,2006,0.34,,-0.37248969730021886
palestine,pse,2007,0.36,,-0.14257417083178184
palestine,pse,2009,0.34,,-0.37248969730021886
palestine,pse,2010,0.35,,-0.25753193406600067
palestine,pse,2011,0.34,,-0.37248969730021886
palestine,pse,2016,0.34,,-0.37248969730021886
palestine,pse,2023,0.36,Asia,-0.14257417083178184
panama,pan,1979,0.49,,1.3518767512130616
panama,pan,1989,0.59,,2.5014543835552487
panama,pan,1991,0.58,,2.38649662032103
panama,pan,1995,0.58,,2.38649662032103
panama,pan,1997,0.58,,2.38649662032103
panama,pan,1998,0.57,,2.271538857086811
panama,pan,1999,0.56,,2.1565810938525933
panama,pan,2000,0.57,,2.271538857086811
panama,pan,2001,0.57,,2.271538857086811
panama,pan,2002,0.56,,2.1565810938525933
panama,pan,2003,0.56,,2.1565810938525933
panama,pan,2004,0.55,,2.0416233306183744
panama,pan,2005,0.54,,1.9266655673841557
panama,pan,2006,0.55,,2.0416233306183744
panama,pan,2007,0.53,,1.8117078041499368
panama,pan,2008,0.53,,1.8117078041499368
panama,pan,2009,0.52,,1.6967500409157181
panama,pan,2010,0.52,,1.6967500409157181
panama,pan,2011,0.51,,1.5817922776814992
panama,pan,2012,0.52,,1.6967500409157181
panama,pan,2013,0.51,,1.5817922776814992
panama,pan,2014,0.5,,1.4668345144472803
panama,pan,2015,0.51,,1.5817922776814992
panama,pan,2016,0.5,,1.4668345144472803
panama,pan,2017,0.5,,1.4668345144472803
panama,pan,2018,0.49,,1.3518767512130616
panama,pan,2019,0.5,,1.4668345144472803
panama,pan,2021,0.51,,1.5817922776814992
panama,pan,2023,0.49,North America,1.3518767512130616
panama,pan,2024,0.5,,1.4668345144472803
papua new guinea,png,1996,0.46,,1.0070034615104058
papua new guinea,png,2009,0.42,,0.5471724085735304
papua new guinea,png,2023,,Oceania,
paraguay,pry,1990,0.41,,0.43221464533931164
paraguay,pry,1995,0.58,,2.38649662032103
paraguay,pry,1997,0.55,,2.0416233306183744
paraguay,pry,1999,0.55,,2.0416233306183744
paraguay,pry,2001,0.55,,2.0416233306183744
paraguay,pry,2002,0.57,,2.271538857086811
paraguay,pry,2003,0.55,,2.0416233306183744
paraguay,pry,2004,0.52,,1.6967500409157181
paraguay,pry,2005,0.51,,1.5817922776814992
paraguay,pry,2006,0.53,,1.8117078041499368
paraguay,pry,2007,0.53,,1.8117078041499368
paraguay,pry,2008,0.51,,1.5817922776814992
paraguay,pry,2009,0.49,,1.3518767512130616
paraguay,pry,2010,0.51,,1.5817922776814992
paraguay,pry,2011,0.52,,1.6967500409157181
paraguay,pry,2012,0.48,,1.2369189879788427
paraguay,pry,2013,0.48,,1.2369189879788427
paraguay,pry,2014,0.51,,1.5817922776814992
paraguay,pry,2015,0.48,,1.2369189879788427
paraguay,pry,2016,0.48,,1.2369189879788427
paraguay,pry,2017,0.49,,1.3518767512130616
paraguay,pry,2018,0.46,,1.0070034615104058
paraguay,pry,2019,0.46,,1.0070034615104058
paraguay,pry,2020,0.43,,0.6621301718077492
paraguay,pry,2021,0.43,,0.6621301718077492
paraguay,pry,2022,0.45,,0.892045698276187
paraguay,pry,2023,0.44,South America,0.7770879350419682
paraguay,pry,2024,0.44,,0.7770879350419682
peru,per,1997,0.53,,1.8117078041499368
peru,per,1998,0.55,,2.0416233306183744
peru,per,1999,0.55,,2.0416233306183744
peru,per,2000,0.49,,1.3518767512130616
peru,per,2001,0.51,,1.5817922776814992
peru,per,2002,0.54,,1.9266655673841557
peru,per,2003,0.53,,1.8117078041499368
peru,per,2004,0.5,,1.4668345144472803
peru,per,2005,0.5,,1.4668345144472803
peru,per,2006,0.5,,1.4668345144472803
peru,per,2007,0.5,,1.4668345144472803
peru,per,2008,0.47,,1.121961224744624
peru,per,2009,0.47,,1.121961224744624
peru,per,2010,0.46,,1.0070034615104058
peru,per,2011,0.45,,0.892045698276187
peru,per,2012,0.44,,0.7770879350419682
peru,per,2013,0.44,,0.7770879350419682
peru,per,2014,0.43,,0.6621301718077492
peru,per,2015,0.43,,0.6621301718077492
peru,per,2016,0.44,,0.7770879350419682
peru,per,2017,0.43,,0.6621301718077492
peru,per,2018,0.42,,0.5471724085735304
peru,per,2019,0.42,,0.5471724085735304
peru,per,2020,0.44,,0.7770879350419682
peru,per,2021,0.4,,0.31725688210509345
peru,per,2022,0.4,,0.31725688210509345
peru,per,2023,0.41,South America,0.43221464533931164
peru,per,2024,0.4,,0.31725688210509345
philippines,phl,1985,0.41,,0.43221464533931164
philippines,phl,1988,0.41,,0.43221464533931164
philippines,phl,1991,0.44,,0.7770879350419682
philippines,phl,1994,0.43,,0.6621301718077492
philippines,phl,1997,0.46,,1.0070034615104058
philippines,phl,2000,0.43,,0.6621301718077492
philippines,phl,2003,0.41,,0.43221464533931164
philippines,phl,2006,0.43,,0.6621301718077492
philippines,phl,2009,0.42,,0.5471724085735304
philippines,phl,2012,0.42,,0.5471724085735304
philippines,phl,2015,0.4,,0.31725688210509345
philippines,phl,2018,0.38,,0.0873413556366558
philippines,phl,2021,0.37,,-0.02761640759756302
philippines,phl,2023,0.35,Asia,-0.25753193406600067
pitcairn,pcn,2023,,Oceania,
poland,pol,1985,0.25,,-1.4071095664081876
poland,pol,1986,0.28,,-1.0622362767055311
poland,pol,1987,0.26,,-1.2921518031739687
poland,pol,1989,0.27,,-1.17719403993975
poland,pol,1992,0.29,,-0.947278513471313
poland,pol,1995,0.35,,-0.25753193406600067
poland,pol,1999,0.32,,-0.6024052237686565
poland,pol,2004,0.38,,0.0873413556366558
poland,pol,2005,0.36,,-0.14257417083178184
poland,pol,2006,0.35,,-0.25753193406600067
poland,pol,2007,0.34,,-0.37248969730021886
poland,pol,2008,0.33,,-0.48744746053443766
poland,pol,2009,0.33,,-0.48744746053443766
poland,pol,2010,0.33,,-0.48744746053443766
poland,pol,2011,0.33,,-0.48744746053443766
poland,pol,2012,0.33,,-0.48744746053443766
poland,pol,2013,0.33,,-0.48744746053443766
poland,pol,2014,0.33,,-0.48744746053443766
poland,pol,2015,0.32,,-0.6024052237686565
poland,pol,2016,0.31,,-0.7173629870028754
poland,pol,2017,0.3,,-0.8323207502370942
poland,pol,2018,0.3,,-0.8323207502370942
poland,pol,2019,0.29,,-0.947278513471313
poland,pol,2020,0.28,,-1.0622362767055311
poland,pol,2021,0.28,,-1.0622362767055311
poland,pol,2022,0.29,,-0.947278513471313
poland,pol,2023,0.28,Europe,-1.0622362767055311
portugal,prt,2003,0.39,,0.20229911887087462
portugal,prt,2004,0.39,,0.20229911887087462
portugal,prt,2005,0.38,,0.0873413556366558
portugal,prt,2006,0.38,,0.0873413556366558
portugal,prt,2007,0.37,,-0.02761640759756302
portugal,prt,2008,0.37,,-0.02761640759756302
portugal,prt,2009,0.35,,-0.25753193406600067
portugal,prt,2010,0.36,,-0.14257417083178184
portugal,prt,2011,0.36,,-0.14257417083178184
portugal,prt,2012,0.36,,-0.14257417083178184
portugal,prt,2013,0.36,,-0.14257417083178184
portugal,prt,2014,0.36,,-0.14257417083178184
portugal,prt,2015,0.36,,-0.14257417083178184
portugal,prt,2016,0.35,,-0.25753193406600067
portugal,prt,2017,0.34,,-0.37248969730021886
portugal,prt,2018,0.33,,-0.48744746053443766
portugal,prt,2019,0.33,,-0.48744746053443766
portugal,prt,2020,0.35,,-0.25753193406600067
portugal,prt,2021,0.35,,-0.25753193406600067
portugal,prt,2022,0.36,,-0.14257417083178184
portugal,prt,2023,0.34,Europe,-0.37248969730021886
puerto rico,pri,2023,,North America,
qatar,qat,2017,0.35,,-0.25753193406600067
qatar,qat,2023,,Asia,
republic of vietnam,owid_rvn,2023,,Asia,
reunion,reu,2023,,Africa,
romania,rou,1989,0.23,,-1.637025092876625
romania,rou,1992,0.25,,-1.4071095664081876
romania,rou,1994,0.28,,-1.0622362767055311
romania,rou,1995,0.31,,-0.7173629870028754
romania,rou,1997,0.31,,-0.7173629870028754
romania,rou,2006,0.4,,0.31725688210509345
romania,rou,2007,0.38,,0.0873413556366558
romania,rou,2008,0.36,,-0.14257417083178184
romania,rou,2009,0.36,,-0.14257417083178184
romania,rou,2010,0.35,,-0.25753193406600067
romania,rou,2011,0.36,,-0.14257417083178184
romania,rou,2012,0.37,,-0.02761640759756302
romania,rou,2013,0.37,,-0.02761640759756302
romania,rou,2014,0.36,,-0.14257417083178184
romania,rou,2015,0.36,,-0.14257417083178184
romania,rou,2016,0.34,,-0.37248969730021886
romania,rou,2017,0.36,,-0.14257417083178184
romania,rou,2018,0.36,,-0.14257417083178184
romania,rou,2019,0.35,,-0.25753193406600067
romania,rou,2020,0.35,,-0.25753193406600067
romania,rou,2021,0.34,,-0.37248969730021886
romania,rou,2022,0.32,,-0.6024052237686565
romania,rou,2023,0.3,Europe,-0.8323207502370942
russia,rus,1993,0.45,,0.892045698276187
russia,rus,1996,0.46,,1.0070034615104058
russia,rus,1997,0.38,,0.0873413556366558
russia,rus,1998,0.38,,0.0873413556366558
russia,rus,1999,0.37,,-0.02761640759756302
russia,rus,2000,0.37,,-0.02761640759756302
russia,rus,2001,0.37,,-0.02761640759756302
russia,rus,2002,0.37,,-0.02761640759756302
russia,rus,2003,0.4,,0.31725688210509345
russia,rus,2004,0.4,,0.31725688210509345
russia,rus,2005,0.41,,0.43221464533931164
russia,rus,2006,0.41,,0.43221464533931164
russia,rus,2007,0.42,,0.5471724085735304
russia,rus,2008,0.42,,0.5471724085735304
russia,rus,2009,0.4,,0.31725688210509345
russia,rus,2010,0.4,,0.31725688210509345
russia,rus,2011,0.4,,0.31725688210509345
russia,rus,2012,0.41,,0.43221464533931164
russia,rus,2013,0.41,,0.43221464533931164
russia,rus,2014,0.4,,0.31725688210509345
russia,rus,2015,0.38,,0.0873413556366558
russia,rus,2016,0.37,,-0.02761640759756302
russia,rus,2017,0.37,,-0.02761640759756302
russia,rus,2018,0.37,,-0.02761640759756302
russia,rus,2019,0.38,,0.0873413556366558
russia,rus,2020,0.36,,-0.14257417083178184
russia,rus,2023,,Europe,
rwanda,rwa,2000,0.49,,1.3518767512130616
rwanda,rwa,2005,0.52,,1.6967500409157181
rwanda,rwa,2010,0.47,,1.121961224744624
rwanda,rwa,2013,0.45,,0.892045698276187
rwanda,rwa,2016,0.44,,0.7770879350419682
rwanda,rwa,2023,0.39,Africa,0.20229911887087462
saint barthelemy,blm,2023,,North America,
saint helena,shn,2023,,Africa,
saint kitts and nevis,kna,2023,,North America,
saint lucia,lca,1995,0.43,,0.6621301718077492
saint lucia,lca,2015,0.51,,1.5817922776814992
saint lucia,lca,2023,,North America,
saint martin (french part),maf,2023,,North America,
saint pierre and miquelon,spm,2023,,North America,
saint vincent and the grenadines,vct,2023,,North America,
samoa,wsm,2002,0.41,,0.43221464533931164
samoa,wsm,2008,0.42,,0.5471724085735304
samoa,wsm,2013,0.39,,0.20229911887087462
samoa,wsm,2023,,Oceania,
san marino,smr,2023,,Europe,
sao tome and principe,stp,2000,0.32,,-0.6024052237686565
sao tome and principe,stp,2010,0.31,,-0.7173629870028754
sao tome and principe,stp,2017,0.41,,0.43221464533931164
sao tome and principe,stp,2023,,Africa,
saudi arabia,sau,2023,,Asia,
senegal,sen,1991,0.54,,1.9266655673841557
senegal,sen,1994,0.39,,0.20229911887087462
senegal,sen,2001,0.41,,0.43221464533931164
senegal,sen,2005,0.39,,0.20229911887087462
senegal,sen,2011,0.4,,0.31725688210509345
senegal,sen,2018,0.38,,0.0873413556366558
senegal,sen,2021,0.36,,-0.14257417083178184
senegal,sen,2023,,Africa,
serbia,srb,2012,0.4,,0.31725688210509345
serbia,srb,2013,0.39,,0.20229911887087462
serbia,srb,2014,0.4,,0.31725688210509345
serbia,srb,2015,0.4,,0.31725688210509345
serbia,srb,2016,0.39,,0.20229911887087462
serbia,srb,2017,0.36,,-0.14257417083178184
serbia,srb,2018,0.35,,-0.25753193406600067
serbia,srb,2019,0.34,,-0.37248969730021886
serbia,srb,2020,0.35,,-0.25753193406600067
serbia,srb,2021,0.33,,-0.48744746053443766
serbia,srb,2022,0.33,,-0.48744746053443766
serbia,srb,2023,,Europe,
serbia and montenegro,owid_srm,2023,,Europe,
seychelles,syc,1999,0.43,,0.6621301718077492
seychelles,syc,2006,0.43,,0.6621301718077492
seychelles,syc,2013,0.47,,1.121961224744624
seychelles,syc,2018,0.32,,-0.6024052237686565
seychelles,syc,2023,,Africa,
sierra leone,sle,2003,0.4,,0.31725688210509345
sierra leone,sle,2011,0.34,,-0.37248969730021886
sierra leone,sle,2018,0.36,,-0.14257417083178184
sierra leone,sle,2023,,Africa,
singapore,sgp,2023,,Asia,
sint maarten (dutch part),sxm,2023,,North America,
slovakia,svk,1992,0.2,,-1.981898382579281
slovakia,svk,1996,0.26,,-1.2921518031739687
slovakia,svk,2004,0.27,,-1.17719403993975
slovakia,svk,2005,0.29,,-0.947278513471313
slovakia,svk,2006,0.26,,-1.2921518031739687
slovakia,svk,2007,0.25,,-1.4071095664081876
slovakia,svk,2008,0.26,,-1.2921518031739687
slovakia,svk,2009,0.27,,-1.17719403993975
slovakia,svk,2010,0.27,,-1.17719403993975
slovakia,svk,2011,0.27,,-1.17719403993975
slovakia,svk,2012,0.26,,-1.2921518031739687
slovakia,svk,2013,0.28,,-1.0622362767055311
slovakia,svk,2014,0.26,,-1.2921518031739687
slovakia,svk,2015,0.26,,-1.2921518031739687
slovakia,svk,2016,0.25,,-1.4071095664081876
slovakia,svk,2017,0.23,,-1.637025092876625
slovakia,svk,2018,0.25,,-1.4071095664081876
slovakia,svk,2019,0.23,,-1.637025092876625
slovakia,svk,2020,0.24,,-1.5220673296424065
slovakia,svk,2021,0.24,,-1.5220673296424065
slovakia,svk,2022,0.24,,-1.5220673296424065
slovakia,svk,2023,0.24,Europe,-1.5220673296424065
slovenia,svn,1987,0.24,,-1.5220673296424065
slovenia,svn,1993,0.29,,-0.947278513471313
slovenia,svn,1997,0.24,,-1.5220673296424065
slovenia,svn,1999,0.24,,-1.5220673296424065
slovenia,svn,2004,0.25,,-1.4071095664081876
slovenia,svn,2005,0.25,,-1.4071095664081876
slovenia,svn,2006,0.24,,-1.5220673296424065
slovenia,svn,2007,0.24,,-1.5220673296424065
slovenia,svn,2008,0.24,,-1.5220673296424065
slovenia,svn,2009,0.25,,-1.4071095664081876
slovenia,svn,2010,0.25,,-1.4071095664081876
slovenia,svn,2011,0.25,,-1.4071095664081876
slovenia,svn,2012,0.26,,-1.2921518031739687
slovenia,svn,2013,0.26,,-1.2921518031739687
slovenia,svn,2014,0.26,,-1.2921518031739687
slovenia,svn,2015,0.25,,-1.4071095664081876
slovenia,svn,2016,0.25,,-1.4071095664081876
slovenia,svn,2017,0.24,,-1.5220673296424065
slovenia,svn,2018,0.25,,-1.4071095664081876
slovenia,svn,2019,0.24,,-1.5220673296424065
slovenia,svn,2020,0.24,,-1.5220673296424065
slovenia,svn,2021,0.24,,-1.5220673296424065
slovenia,svn,2022,0.24,,-1.5220673296424065
slovenia,svn,2023,0.25,Europe,-1.4071095664081876
solomon islands,slb,2005,0.46,,1.0070034615104058
solomon islands,slb,2012,0.37,,-0.02761640759756302
solomon islands,slb,2023,,Oceania,
somalia,som,2023,,Africa,
south africa,zaf,1993,0.59,,2.5014543835552487
south africa,zaf,2000,0.58,,2.38649662032103
south africa,zaf,2005,0.65,,3.1912009629605613
south africa,zaf,2008,0.63,,2.961285436492124
south africa,zaf,2010,0.63,,2.961285436492124
south africa,zaf,2014,0.63,,2.961285436492124
south africa,zaf,2023,,Africa,
south georgia and the south sandwich islands,sgs,2023,,South America,
south korea,kor,2006,0.32,,-0.6024052237686565
south korea,kor,2008,0.32,,-0.6024052237686565
south korea,kor,2010,0.32,,-0.6024052237686565
south korea,kor,2012,0.32,,-0.6024052237686565
south korea,kor,2014,0.31,,-0.7173629870028754
south korea,kor,2016,0.35,,-0.25753193406600067
south korea,kor,2017,0.35,,-0.25753193406600067
south korea,kor,2018,0.34,,-0.37248969730021886
south korea,kor,2019,0.33,,-0.48744746053443766
south korea,kor,2020,0.33,,-0.48744746053443766
south korea,kor,2021,0.33,,-0.48744746053443766
south korea,kor,2023,,Asia,
south sudan,ssd,2009,0.46,,1.0070034615104058
south sudan,ssd,2016,0.44,,0.7770879350419682
south sudan,ssd,2023,,Africa,
spain,esp,1980,0.34,,-0.37248969730021886
spain,esp,1985,0.34,,-0.37248969730021886
spain,esp,1990,0.32,,-0.6024052237686565
spain,esp,1993,0.36,,-0.14257417083178184
spain,esp,1994,0.35,,-0.25753193406600067
spain,esp,1995,0.36,,-0.14257417083178184
spain,esp,1996,0.36,,-0.14257417083178184
spain,esp,1997,0.35,,-0.25753193406600067
spain,esp,1998,0.35,,-0.25753193406600067
spain,esp,1999,0.34,,-0.37248969730021886
spain,esp,2000,0.34,,-0.37248969730021886
spain,esp,2003,0.32,,-0.6024052237686565
spain,esp,2004,0.33,,-0.48744746053443766
spain,esp,2005,0.32,,-0.6024052237686565
spain,esp,2006,0.34,,-0.37248969730021886
spain,esp,2007,0.34,,-0.37248969730021886
spain,esp,2008,0.34,,-0.37248969730021886
spain,esp,2009,0.35,,-0.25753193406600067
spain,esp,2010,0.35,,-0.25753193406600067
spain,esp,2011,0.36,,-0.14257417083178184
spain,esp,2012,0.35,,-0.25753193406600067
spain,esp,2013,0.36,,-0.14257417083178184
spain,esp,2014,0.36,,-0.14257417083178184
spain,esp,2015,0.36,,-0.14257417083178184
spain,esp,2016,0.36,,-0.14257417083178184
spain,esp,2017,0.35,,-0.25753193406600067
spain,esp,2018,0.35,,-0.25753193406600067
spain,esp,2019,0.34,,-0.37248969730021886
spain,esp,2020,0.35,,-0.25753193406600067
spain,esp,2021,0.34,,-0.37248969730021886
spain,esp,2022,0.34,,-0.37248969730021886
spain,esp,2023,0.33,Europe,-0.48744746053443766
sri lanka,lka,1985,0.32,,-0.6024052237686565
sri lanka,lka,1990,0.32,,-0.6024052237686565
sri lanka,lka,1995,0.35,,-0.25753193406600067
sri lanka,lka,2002,0.4,,0.31725688210509345
sri lanka,lka,2006,0.4,,0.31725688210509345
sri lanka,lka,2009,0.36,,-0.14257417083178184
sri lanka,lka,2012,0.39,,0.20229911887087462
sri lanka,lka,2016,0.39,,0.20229911887087462
sri lanka,lka,2019,0.38,,0.0873413556366558
sri lanka,lka,2023,,Asia,
sudan,sdn,2009,0.35,,-0.25753193406600067
sudan,sdn,2014,0.34,,-0.37248969730021886
sudan,sdn,2023,,Africa,
suriname,sur,2022,0.39,,0.20229911887087462
suriname,sur,2023,,South America,
sweden,swe,1975,0.24,,-1.5220673296424065
sweden,swe,1981,0.23,,-1.637025092876625
sweden,swe,1987,0.23,,-1.637025092876625
sweden,swe,1992,0.25,,-1.4071095664081876
sweden,swe,1995,0.25,,-1.4071095664081876
sweden,swe,2000,0.27,,-1.17719403993975
sweden,swe,2001,0.27,,-1.17719403993975
sweden,swe,2002,0.26,,-1.2921518031739687
sweden,swe,2003,0.25,,-1.4071095664081876
sweden,swe,2004,0.26,,-1.2921518031739687
sweden,swe,2005,0.27,,-1.17719403993975
sweden,swe,2006,0.26,,-1.2921518031739687
sweden,swe,2007,0.27,,-1.17719403993975
sweden,swe,2008,0.28,,-1.0622362767055311
sweden,swe,2009,0.27,,-1.17719403993975
sweden,swe,2010,0.28,,-1.0622362767055311
sweden,swe,2011,0.28,,-1.0622362767055311
sweden,swe,2012,0.28,,-1.0622362767055311
sweden,swe,2013,0.29,,-0.947278513471313
sweden,swe,2014,0.28,,-1.0622362767055311
sweden,swe,2015,0.29,,-0.947278513471313
sweden,swe,2016,0.3,,-0.8323207502370942
sweden,swe,2017,0.29,,-0.947278513471313
sweden,swe,2018,0.3,,-0.8323207502370942
sweden,swe,2019,0.29,,-0.947278513471313
sweden,swe,2020,0.29,,-0.947278513471313
sweden,swe,2021,0.3,,-0.8323207502370942
sweden,swe,2022,0.32,,-0.6024052237686565
sweden,swe,2023,0.29,Europe,-0.947278513471313
switzerland,che,1982,0.36,,-0.14257417083178184
switzerland,che,1992,0.34,,-0.37248969730021886
switzerland,che,2000,0.33,,-0.48744746053443766
switzerland,che,2002,0.32,,-0.6024052237686565
switzerland,che,2004,0.32,,-0.6024052237686565
switzerland,che,2006,0.34,,-0.37248969730021886
switzerland,che,2007,0.34,,-0.37248969730021886
switzerland,che,2008,0.34,,-0.37248969730021886
switzerland,che,2009,0.33,,-0.48744746053443766
switzerland,che,2010,0.33,,-0.48744746053443766
switzerland,che,2011,0.32,,-0.6024052237686565
switzerland,che,2012,0.32,,-0.6024052237686565
switzerland,che,2013,0.32,,-0.6024052237686565
switzerland,che,2014,0.33,,-0.48744746053443766
switzerland,che,2015,0.32,,-0.6024052237686565
switzerland,che,2016,0.33,,-0.48744746053443766
switzerland,che,2017,0.33,,-0.48744746053443766
switzerland,che,2018,0.33,,-0.48744746053443766
switzerland,che,2019,0.34,,-0.37248969730021886
switzerland,che,2020,0.34,,-0.37248969730021886
switzerland,che,2021,0.34,,-0.37248969730021886
switzerland,che,2022,0.34,,-0.37248969730021886
switzerland,che,2023,,Europe,
syria,syr,1996,0.35,,-0.25753193406600067
syria,syr,2003,0.38,,0.0873413556366558
syria,syr,2006,0.4,,0.31725688210509345
syria,syr,2009,0.4,,0.31725688210509345
syria,syr,2022,0.27,,-1.17719403993975
syria,syr,2023,,Asia,
taiwan,twn,1981,0.3,,-0.8323207502370942
taiwan,twn,1986,0.3,,-0.8323207502370942
taiwan,twn,1991,0.3,,-0.8323207502370942
taiwan,twn,1995,0.31,,-0.7173629870028754
taiwan,twn,1997,0.31,,-0.7173629870028754
taiwan,twn,2000,0.31,,-0.7173629870028754
taiwan,twn,2005,0.32,,-0.6024052237686565
taiwan,twn,2007,0.32,,-0.6024052237686565
taiwan,twn,2010,0.33,,-0.48744746053443766
taiwan,twn,2013,0.32,,-0.6024052237686565
taiwan,twn,2016,0.31,,-0.7173629870028754
taiwan,twn,2017,0.32,,-0.6024052237686565
taiwan,twn,2018,0.32,,-0.6024052237686565
taiwan,twn,2019,0.31,,-0.7173629870028754
taiwan,twn,2020,0.31,,-0.7173629870028754
taiwan,twn,2021,0.32,,-0.6024052237686565
taiwan,twn,2023,,Asia,
tajikistan,tjk,1999,0.3,,-0.8323207502370942
tajikistan,tjk,2003,0.33,,-0.48744746053443766
tajikistan,tjk,2004,0.34,,-0.37248969730021886
tajikistan,tjk,2007,0.32,,-0.6024052237686565
tajikistan,tjk,2009,0.31,,-0.7173629870028754
tajikistan,tjk,2015,0.34,,-0.37248969730021886
tajikistan,tjk,2021,0.32,,-0.6024052237686565
tajikistan,tjk,2022,0.39,,0.20229911887087462
tajikistan,tjk,2023,0.38,Asia,0.0873413556366558
tajikistan,tjk,2024,0.36,,-0.14257417083178184
tanzania,tza,1991,0.35,,-0.25753193406600067
tanzania,tza,2000,0.37,,-0.02761640759756302
tanzania,tza,2007,0.4,,0.31725688210509345
tanzania,tza,2011,0.38,,0.0873413556366558
tanzania,tza,2018,0.4,,0.31725688210509345
tanzania,tza,2023,,Africa,
thailand,tha,1981,0.45,,0.892045698276187
thailand,tha,1988,0.44,,0.7770879350419682
thailand,tha,1990,0.45,,0.892045698276187
thailand,tha,1992,0.48,,1.2369189879788427
thailand,tha,1994,0.43,,0.6621301718077492
thailand,tha,1996,0.43,,0.6621301718077492
thailand,tha,1998,0.41,,0.43221464533931164
thailand,tha,1999,0.43,,0.6621301718077492
thailand,tha,2000,0.43,,0.6621301718077492
thailand,tha,2002,0.42,,0.5471724085735304
thailand,tha,2004,0.43,,0.6621301718077492
thailand,tha,2006,0.42,,0.5471724085735304
thailand,tha,2007,0.4,,0.31725688210509345
thailand,tha,2008,0.4,,0.31725688210509345
thailand,tha,2009,0.4,,0.31725688210509345
thailand,tha,2010,0.39,,0.20229911887087462
thailand,tha,2011,0.37,,-0.02761640759756302
thailand,tha,2012,0.39,,0.20229911887087462
thailand,tha,2013,0.38,,0.0873413556366558
thailand,tha,2014,0.37,,-0.02761640759756302
thailand,tha,2015,0.36,,-0.14257417083178184
thailand,tha,2016,0.37,,-0.02761640759756302
thailand,tha,2017,0.36,,-0.14257417083178184
thailand,tha,2018,0.36,,-0.14257417083178184
thailand,tha,2019,0.35,,-0.25753193406600067
thailand,tha,2020,0.35,,-0.25753193406600067
thailand,tha,2021,0.35,,-0.25753193406600067
thailand,tha,2022,0.34,,-0.37248969730021886
thailand,tha,2023,0.33,Asia,-0.48744746053443766
togo,tgo,2006,0.42,,0.5471724085735304
togo,tgo,2011,0.46,,1.0070034615104058
togo,tgo,2015,0.43,,0.6621301718077492
togo,tgo,2018,0.43,,0.6621301718077492
togo,tgo,2021,0.38,,0.0873413556366558
togo,tgo,2023,,Africa,
tokelau,tkl,2023,,Oceania,
tonga,ton,2000,0.38,,0.0873413556366558
tonga,ton,2009,0.37,,-0.02761640759756302
tonga,ton,2015,0.34,,-0.37248969730021886
tonga,ton,2021,0.27,,-1.17719403993975
tonga,ton,2023,,Oceania,
trinidad and tobago,tto,1988,0.43,,0.6621301718077492
trinidad and tobago,tto,1992,0.4,,0.31725688210509345
trinidad and tobago,tto,2023,,North America,
tunisia,tun,1985,0.43,,0.6621301718077492
tunisia,tun,1990,0.4,,0.31725688210509345
tunisia,tun,1995,0.42,,0.5471724085735304
tunisia,tun,2000,0.41,,0.43221464533931164
tunisia,tun,2005,0.38,,0.0873413556366558
tunisia,tun,2010,0.38,,0.0873413556366558
tunisia,tun,2015,0.33,,-0.48744746053443766
tunisia,tun,2021,0.34,,-0.37248969730021886
tunisia,tun,2023,,Africa,
turkey,tur,1987,0.41,,0.43221464533931164
turkey,tur,1994,0.41,,0.43221464533931164
turkey,tur,2002,0.41,,0.43221464533931164
turkey,tur,2003,0.42,,0.5471724085735304
turkey,tur,2004,0.41,,0.43221464533931164
turkey,tur,2005,0.43,,0.6621301718077492
turkey,tur,2006,0.4,,0.31725688210509345
turkey,tur,2007,0.38,,0.0873413556366558
turkey,tur,2008,0.39,,0.20229911887087462
turkey,tur,2009,0.39,,0.20229911887087462
turkey,tur,2010,0.39,,0.20229911887087462
turkey,tur,2011,0.4,,0.31725688210509345
turkey,tur,2012,0.4,,0.31725688210509345
turkey,tur,2013,0.4,,0.31725688210509345
turkey,tur,2014,0.41,,0.43221464533931164
turkey,tur,2015,0.43,,0.6621301718077492
turkey,tur,2016,0.42,,0.5471724085735304
turkey,tur,2017,0.44,,0.7770879350419682
turkey,tur,2018,0.42,,0.5471724085735304
turkey,tur,2019,0.44,,0.7770879350419682
turkey,tur,2020,0.43,,0.6621301718077492
turkey,tur,2021,0.44,,0.7770879350419682
turkey,tur,2022,0.44,,0.7770879350419682
turkey,tur,2023,,Asia,
turkmenistan,tkm,1998,0.41,,0.43221464533931164
turkmenistan,tkm,2023,,Asia,
turks and caicos islands,tca,2023,,North America,
tuvalu,tuv,2010,0.39,,0.20229911887087462
tuvalu,tuv,2023,,Oceania,
ussr,owid_uss,2023,,Europe,
uganda,uga,1989,0.44,,0.7770879350419682
uganda,uga,1992,0.41,,0.43221464533931164
uganda,uga,1996,0.39,,0.20229911887087462
uganda,uga,1999,0.43,,0.6621301718077492
uganda,uga,2002,0.45,,0.892045698276187
uganda,uga,2005,0.43,,0.6621301718077492
uganda,uga,2009,0.44,,0.7770879350419682
uganda,uga,2012,0.41,,0.43221464533931164
uganda,uga,2016,0.43,,0.6621301718077492
uganda,uga,2019,0.43,,0.6621301718077492
uganda,uga,2023,,Africa,
ukraine,ukr,1992,0.3,,-0.8323207502370942
ukraine,ukr,1993,0.29,,-0.947278513471313
ukraine,ukr,1995,0.39,,0.20229911887087462
ukraine,ukr,1996,0.35,,-0.25753193406600067
ukraine,ukr,2002,0.29,,-0.947278513471313
ukraine,ukr,2003,0.29,,-0.947278513471313
ukraine,ukr,2004,0.29,,-0.947278513471313
ukraine,ukr,2005,0.29,,-0.947278513471313
ukraine,ukr,2006,0.3,,-0.8323207502370942
ukraine,ukr,2007,0.27,,-1.17719403993975
ukraine,ukr,2008,0.27,,-1.17719403993975
ukraine,ukr,2009,0.25,,-1.4071095664081876
ukraine,ukr,2010,0.25,,-1.4071095664081876
ukraine,ukr,2011,0.25,,-1.4071095664081876
ukraine,ukr,2012,0.25,,-1.4071095664081876
ukraine,ukr,2013,0.25,,-1.4071095664081876
ukraine,ukr,2014,0.24,,-1.5220673296424065
ukraine,ukr,2015,0.25,,-1.4071095664081876
ukraine,ukr,2016,0.25,,-1.4071095664081876
ukraine,ukr,2017,0.26,,-1.2921518031739687
ukraine,ukr,2018,0.26,,-1.2921518031739687
ukraine,ukr,2019,0.27,,-1.17719403993975
ukraine,ukr,2020,0.26,,-1.2921518031739687
ukraine,ukr,2023,,Europe,
united arab emirates,are,2013,0.33,,-0.48744746053443766
united arab emirates,are,2018,0.26,,-1.2921518031739687
united arab emirates,are,2023,,Asia,
united kingdom,gbr,1968,0.27,,-1.17719403993975
united kingdom,gbr,1969,0.28,,-1.0622362767055311
united kingdom,gbr,1970,0.28,,-1.0622362767055311
united kingdom,gbr,1971,0.29,,-0.947278513471313
united kingdom,gbr,1972,0.29,,-0.947278513471313
united kingdom,gbr,1973,0.29,,-0.947278513471313
united kingdom,gbr,1974,0.29,,-0.947278513471313
united kingdom,gbr,1975,0.28,,-1.0622362767055311
united kingdom,gbr,1976,0.28,,-1.0622362767055311
united kingdom,gbr,1977,0.27,,-1.17719403993975
united kingdom,gbr,1978,0.27,,-1.17719403993975
united kingdom,gbr,1979,0.27,,-1.17719403993975
united kingdom,gbr,1980,0.28,,-1.0622362767055311
united kingdom,gbr,1981,0.3,,-0.8323207502370942
united kingdom,gbr,1982,0.3,,-0.8323207502370942
united kingdom,gbr,1983,0.3,,-0.8323207502370942
united kingdom,gbr,1984,0.29,,-0.947278513471313
united kingdom,gbr,1985,0.3,,-0.8323207502370942
united kingdom,gbr,1986,0.32,,-0.6024052237686565
united kingdom,gbr,1987,0.34,,-0.37248969730021886
united kingdom,gbr,1988,0.34,,-0.37248969730021886
united kingdom,gbr,1989,0.33,,-0.48744746053443766
united kingdom,gbr,1990,0.36,,-0.14257417083178184
united kingdom,gbr,1991,0.35,,-0.25753193406600067
united kingdom,gbr,1992,0.35,,-0.25753193406600067
united kingdom,gbr,1993,0.35,,-0.25753193406600067
united kingdom,gbr,1994,0.36,,-0.14257417083178184
united kingdom,gbr,1995,0.36,,-0.14257417083178184
united kingdom,gbr,1996,0.35,,-0.25753193406600067
united kingdom,gbr,1997,0.36,,-0.14257417083178184
united kingdom,gbr,1998,0.37,,-0.02761640759756302
united kingdom,gbr,1999,0.37,,-0.02761640759756302
united kingdom,gbr,2000,0.39,,0.20229911887087462
united kingdom,gbr,2001,0.37,,-0.02761640759756302
united kingdom,gbr,2002,0.35,,-0.25753193406600067
united kingdom,gbr,2003,0.35,,-0.25753193406600067
united kingdom,gbr,2004,0.35,,-0.25753193406600067
united kingdom,gbr,2005,0.35,,-0.25753193406600067
united kingdom,gbr,2006,0.36,,-0.14257417083178184
united kingdom,gbr,2007,0.34,,-0.37248969730021886
united kingdom,gbr,2008,0.35,,-0.25753193406600067
united kingdom,gbr,2009,0.35,,-0.25753193406600067
united kingdom,gbr,2010,0.34,,-0.37248969730021886
united kingdom,gbr,2011,0.33,,-0.48744746053443766
united kingdom,gbr,2012,0.33,,-0.48744746053443766
united kingdom,gbr,2013,0.33,,-0.48744746053443766
united kingdom,gbr,2014,0.33,,-0.48744746053443766
united kingdom,gbr,2015,0.33,,-0.48744746053443766
united kingdom,gbr,2016,0.33,,-0.48744746053443766
united kingdom,gbr,2017,0.33,,-0.48744746053443766
united kingdom,gbr,2018,0.34,,-0.37248969730021886
united kingdom,gbr,2019,0.33,,-0.48744746053443766
united kingdom,gbr,2020,0.33,,-0.48744746053443766
united kingdom,gbr,2021,0.32,,-0.6024052237686565
united kingdom,gbr,2023,,Europe,
united states,usa,1963,0.37,,-0.02761640759756302
united states,usa,1964,0.37,,-0.02761640759756302
united states,usa,1965,0.37,,-0.02761640759756302
united states,usa,1966,0.37,,-0.02761640759756302
united states,usa,1967,0.37,,-0.02761640759756302
united states,usa,1968,0.36,,-0.14257417083178184
united states,usa,1969,0.36,,-0.14257417083178184
united states,usa,1970,0.37,,-0.02761640759756302
united states,usa,1971,0.37,,-0.02761640759756302
united states,usa,1972,0.37,,-0.02761640759756302
united states,usa,1973,0.36,,-0.14257417083178184
united states,usa,1974,0.35,,-0.25753193406600067
united states,usa,1975,0.36,,-0.14257417083178184
united states,usa,1976,0.36,,-0.14257417083178184
united states,usa,1977,0.36,,-0.14257417083178184
united states,usa,1978,0.35,,-0.25753193406600067
united states,usa,1979,0.35,,-0.25753193406600067
united states,usa,1980,0.35,,-0.25753193406600067
united states,usa,1981,0.35,,-0.25753193406600067
united states,usa,1982,0.37,,-0.02761640759756302
united states,usa,1983,0.37,,-0.02761640759756302
united states,usa,1984,0.37,,-0.02761640759756302
united states,usa,1985,0.38,,0.0873413556366558
united states,usa,1986,0.38,,0.0873413556366558
united states,usa,1987,0.37,,-0.02761640759756302
united states,usa,1988,0.38,,0.0873413556366558
united states,usa,1989,0.38,,0.0873413556366558
united states,usa,1990,0.38,,0.0873413556366558
united states,usa,1991,0.38,,0.0873413556366558
united states,usa,1992,0.38,,0.0873413556366558
united states,usa,1993,0.4,,0.31725688210509345
united states,usa,1994,0.4,,0.31725688210509345
united states,usa,1995,0.4,,0.31725688210509345
united states,usa,1996,0.4,,0.31725688210509345
united states,usa,1997,0.41,,0.43221464533931164
united states,usa,1998,0.4,,0.31725688210509345
united states,usa,1999,0.4,,0.31725688210509345
united states,usa,2000,0.4,,0.31725688210509345
united states,usa,2001,0.41,,0.43221464533931164
united states,usa,2002,0.4,,0.31725688210509345
united states,usa,2003,0.41,,0.43221464533931164
united states,usa,2004,0.41,,0.43221464533931164
united states,usa,2005,0.41,,0.43221464533931164
united states,usa,2006,0.42,,0.5471724085735304
united states,usa,2007,0.41,,0.43221464533931164
united states,usa,2008,0.41,,0.43221464533931164
united states,usa,2009,0.41,,0.43221464533931164
united states,usa,2010,0.4,,0.31725688210509345
united states,usa,2011,0.41,,0.43221464533931164
united states,usa,2012,0.41,,0.43221464533931164
united states,usa,2013,0.41,,0.43221464533931164
united states,usa,2014,0.42,,0.5471724085735304
united states,usa,2015,0.41,,0.43221464533931164
united states,usa,2016,0.41,,0.43221464533931164
united states,usa,2017,0.41,,0.43221464533931164
united states,usa,2018,0.42,,0.5471724085735304
united states,usa,2019,0.42,,0.5471724085735304
united states,usa,2020,0.4,,0.31725688210509345
united states,usa,2021,0.4,,0.31725688210509345
united states,usa,2022,0.42,,0.5471724085735304
united states,usa,2023,0.42,North America,0.5471724085735304
united states virgin islands,vir,2023,,North America,
uruguay,ury,2006,0.46,,1.0070034615104058
uruguay,ury,2007,0.46,,1.0070034615104058
uruguay,ury,2008,0.45,,0.892045698276187
uruguay,ury,2009,0.46,,1.0070034615104058
uruguay,ury,2010,0.44,,0.7770879350419682
uruguay,ury,2011,0.42,,0.5471724085735304
uruguay,ury,2012,0.4,,0.31725688210509345
uruguay,ury,2013,0.4,,0.31725688210509345
uruguay,ury,2014,0.4,,0.31725688210509345
uruguay,ury,2015,0.4,,0.31725688210509345
uruguay,ury,2016,0.4,,0.31725688210509345
uruguay,ury,2017,0.39,,0.20229911887087462
uruguay,ury,2018,0.4,,0.31725688210509345
uruguay,ury,2019,0.4,,0.31725688210509345
uruguay,ury,2020,0.4,,0.31725688210509345
uruguay,ury,2021,0.41,,0.43221464533931164
uruguay,ury,2022,0.41,,0.43221464533931164
uruguay,ury,2023,0.41,South America,0.43221464533931164
uruguay,ury,2024,0.4,,0.31725688210509345
uzbekistan,uzb,2021,0.33,,-0.48744746053443766
uzbekistan,uzb,2022,0.31,,-0.7173629870028754
uzbekistan,uzb,2023,0.35,Asia,-0.25753193406600067
uzbekistan,uzb,2024,0.35,,-0.25753193406600067
vanuatu,vut,2010,0.37,,-0.02761640759756302
vanuatu,vut,2019,0.32,,-0.6024052237686565
vanuatu,vut,2023,,Oceania,
vatican,vat,2023,,Europe,
venezuela,ven,1981,0.56,,2.1565810938525933
venezuela,ven,1987,0.53,,1.8117078041499368
venezuela,ven,1989,0.44,,0.7770879350419682
venezuela,ven,1992,0.42,,0.5471724085735304
venezuela,ven,1995,0.47,,1.121961224744624
venezuela,ven,1998,0.48,,1.2369189879788427
venezuela,ven,1999,0.48,,1.2369189879788427
venezuela,ven,2001,0.47,,1.121961224744624
venezuela,ven,2002,0.49,,1.3518767512130616
venezuela,ven,2003,0.48,,1.2369189879788427
venezuela,ven,2004,0.47,,1.121961224744624
venezuela,ven,2005,0.49,,1.3518767512130616
venezuela,ven,2006,0.45,,0.892045698276187
venezuela,ven,2023,,South America,
vietnam,vnm,1992,0.36,,-0.14257417083178184
vietnam,vnm,1997,0.35,,-0.25753193406600067
vietnam,vnm,2002,0.37,,-0.02761640759756302
vietnam,vnm,2004,0.37,,-0.02761640759756302
vietnam,vnm,2006,0.36,,-0.14257417083178184
vietnam,vnm,2008,0.36,,-0.14257417083178184
vietnam,vnm,2010,0.39,,0.20229911887087462
vietnam,vnm,2012,0.36,,-0.14257417083178184
vietnam,vnm,2014,0.35,,-0.25753193406600067
vietnam,vnm,2016,0.35,,-0.25753193406600067
vietnam,vnm,2018,0.36,,-0.14257417083178184
vietnam,vnm,2020,0.37,,-0.02761640759756302
vietnam,vnm,2022,0.36,,-0.14257417083178184
vietnam,vnm,2023,,Asia,
wallis and futuna,wlf,2023,,Oceania,
west germany,owid_gfr,2023,,Europe,
western sahara,esh,2023,,Africa,
yemen,yem,1998,0.35,,-0.25753193406600067
yemen,yem,2005,0.35,,-0.25753193406600067
yemen,yem,2014,0.37,,-0.02761640759756302
yemen,yem,2023,,Asia,
yemen arab republic,owid_yar,2023,,Asia,
yemen people's republic,owid_ypr,2023,,Asia,
yugoslavia,owid_ygs,2023,,Europe,
zambia,zmb,1991,0.59,,2.5014543835552487
zambia,zmb,1993,0.53,,1.8117078041499368
zambia,zmb,1996,0.48,,1.2369189879788427
zambia,zmb,1998,0.49,,1.3518767512130616
zambia,zmb,2002,0.42,,0.5471724085735304
zambia,zmb,2004,0.54,,1.9266655673841557
zambia,zmb,2006,0.55,,2.0416233306183744
zambia,zmb,2010,0.52,,1.6967500409157181
zambia,zmb,2015,0.56,,2.1565810938525933
zambia,zmb,2022,0.51,,1.5817922776814992
zambia,zmb,2023,,Africa,
zimbabwe,zwe,2011,0.43,,0.6621301718077492
zimbabwe,zwe,2017,0.44,,0.7770879350419682
zimbabwe,zwe,2019,0.5,,1.4668345144472803
zimbabwe,zwe,2023,,Africa,
