country_name,country_code,year,homicide_data,world_regions,zscore
afghanistan,afg,2009,1115.0,,-0.16168044965756861
afghanistan,afg,2010,983.0,,-0.17953599526849878
afghanistan,afg,2011,1231.0,,-0.1459892126055391
afghanistan,afg,2012,1948.0,,-0.049001135309804884
afghanistan,afg,2015,3367.0,,0.14294598000769423
afghanistan,afg,2016,2318.0,,0.0010485001147720525
afghanistan,afg,2017,2424.0,,0.015387044317488687
afghanistan,afg,2018,2474.0,,0.022150508564053137
afghanistan,afg,2019,2712.0,,0.05434459837769992
afghanistan,afg,2020,2570.0,,0.03513635991745688
afghanistan,afg,2021,1613.0,,-0.0943163457617867
afghanistan,afg,2023,,asia,
aland islands,ala,2023,,europe,
albania,alb,1992,130.0,,-0.2949206953148883
albania,alb,1993,191.0,,-0.2866692689340797
albania,alb,1994,112.0,,-0.29735554244365153
albania,alb,1995,259.0,,-0.277470957558752
albania,alb,1996,272.0,,-0.27571245685464524
albania,alb,1997,1334.0,,-0.13205647625761632
albania,alb,1998,660.0,,-0.22322797430130512
albania,alb,1999,532.0,,-0.24054244277251013
albania,alb,2000,131.0,,-0.294785426029957
albania,alb,2001,220.0,,-0.2827464596710723
albania,alb,2002,216.0,,-0.28328753681079744
albania,alb,2003,166.0,,-0.2900510010573619
albania,alb,2004,131.0,,-0.294785426029957
albania,alb,2005,154.0,,-0.29167423247653734
albania,alb,2006,95.0,,-0.2996551202874834
albania,alb,2007,105.0,,-0.29830242743817054
albania,alb,2008,93.0,,-0.299925658857346
albania,alb,2009,85.0,,-0.3010078131367963
albania,alb,2010,119.0,,-0.2964086574491325
albania,alb,2011,142.0,,-0.2932974638957128
albania,alb,2012,157.0,,-0.2912684246217435
albania,alb,2013,124.0,,-0.29573231102447606
albania,alb,2014,134.0,,-0.29437961817516317
albania,alb,2015,64.0,,-0.3038484681203534
albania,alb,2016,79.0,,-0.301819428846384
albania,alb,2017,58.0,,-0.3046600838299411
albania,alb,2018,66.0,,-0.3035779295504908
albania,alb,2019,65.0,,-0.3037131988354221
albania,alb,2020,61.0,,-0.30425427597514726
albania,alb,2021,66.0,,-0.3035779295504908
albania,alb,2022,48.0,,-0.30601277667925403
albania,alb,2023,39.0,europe,-0.3072302002436356
albania,alb,2024,49.0,,-0.30587750739432273
algeria,dza,2006,312.0,,-0.2703016854573937
algeria,dza,2007,271.0,,-0.27584772613957653
algeria,dza,2008,328.0,,-0.2681373768984931
algeria,dza,2009,277.0,,-0.2750361104299888
algeria,dza,2010,254.0,,-0.2781473039834085
algeria,dza,2011,280.0,,-0.27463030257519494
algeria,dza,2012,523.0,,-0.24175986633689173
algeria,dza,2013,480.0,,-0.24757644558893716
algeria,dza,2014,577.0,,-0.23445532495060212
algeria,dza,2015,546.0,,-0.23864867278347207
algeria,dza,2016,542.0,,-0.23918974992319722
algeria,dza,2017,524.0,,-0.24162459705196043
algeria,dza,2018,568.0,,-0.2356727485149837
algeria,dza,2019,519.0,,-0.24230094347661688
algeria,dza,2020,654.0,,-0.22403959001089285
algeria,dza,2021,695.0,,-0.21849354932871
algeria,dza,2022,795.0,,-0.20496662083558112
algeria,dza,2023,536.0,africa,-0.24000136563278496
american samoa,asm,2001,1.0,,-0.3123704330710246
american samoa,asm,2002,7.0,,-0.31155881736143687
american samoa,asm,2003,3.0,,-0.312099894501162
american samoa,asm,2004,4.0,,-0.3119646252162307
american samoa,asm,2005,6.0,,-0.31169408664636816
american samoa,asm,2006,4.0,,-0.3119646252162307
american samoa,asm,2007,1.0,,-0.3123704330710246
american samoa,asm,2008,3.0,,-0.312099894501162
american samoa,asm,2009,2.0,,-0.3122351637860933
american samoa,asm,2010,5.0,,-0.31182935593129946
american samoa,asm,2011,5.0,,-0.31182935593129946
american samoa,asm,2012,2.0,,-0.3122351637860933
american samoa,asm,2013,3.0,,-0.312099894501162
american samoa,asm,2014,3.0,,-0.312099894501162
american samoa,asm,2015,4.0,,-0.3119646252162307
american samoa,asm,2016,0.0,,-0.31250570235595587
american samoa,asm,2017,7.0,,-0.31155881736143687
american samoa,asm,2018,13.0,,-0.3107472016518491
american samoa,asm,2019,0.0,,-0.31250570235595587
american samoa,asm,2023,,oceania,
andorra,and,2004,1.0,,-0.3123704330710246
andorra,and,2007,0.0,,-0.31250570235595587
andorra,and,2008,1.0,,-0.3123704330710246
andorra,and,2009,0.0,,-0.31250570235595587
andorra,and,2010,0.0,,-0.31250570235595587
andorra,and,2011,1.0,,-0.3123704330710246
andorra,and,2012,0.0,,-0.31250570235595587
andorra,and,2013,0.0,,-0.31250570235595587
andorra,and,2014,0.0,,-0.31250570235595587
andorra,and,2015,0.0,,-0.31250570235595587
andorra,and,2020,2.0,,-0.3122351637860933
andorra,and,2023,,europe,
angola,ago,2011,1055.0,,-0.16979660675344596
angola,ago,2012,1217.0,,-0.14788298259457716
angola,ago,2015,1254.0,,-0.14287801905211944
angola,ago,2016,1196.0,,-0.15072363757813423
angola,ago,2023,,africa,
anguilla,aia,1990,0.0,,-0.31250570235595587
anguilla,aia,1991,1.0,,-0.3123704330710246
anguilla,aia,1992,0.0,,-0.31250570235595587
anguilla,aia,1993,1.0,,-0.3123704330710246
anguilla,aia,1994,0.0,,-0.31250570235595587
anguilla,aia,1995,1.0,,-0.3123704330710246
anguilla,aia,1996,0.0,,-0.31250570235595587
anguilla,aia,1997,1.0,,-0.3123704330710246
anguilla,aia,1998,0.0,,-0.31250570235595587
anguilla,aia,1999,0.0,,-0.31250570235595587
anguilla,aia,2000,1.0,,-0.3123704330710246
anguilla,aia,2001,0.0,,-0.31250570235595587
anguilla,aia,2002,2.0,,-0.3122351637860933
anguilla,aia,2003,2.0,,-0.3122351637860933
anguilla,aia,2004,1.0,,-0.3123704330710246
anguilla,aia,2005,0.0,,-0.31250570235595587
anguilla,aia,2006,5.0,,-0.31182935593129946
anguilla,aia,2007,4.0,,-0.3119646252162307
anguilla,aia,2008,1.0,,-0.3123704330710246
anguilla,aia,2009,1.0,,-0.3123704330710246
anguilla,aia,2010,0.0,,-0.31250570235595587
anguilla,aia,2011,0.0,,-0.31250570235595587
anguilla,aia,2012,5.0,,-0.31182935593129946
anguilla,aia,2013,1.0,,-0.3123704330710246
anguilla,aia,2014,4.0,,-0.3119646252162307
anguilla,aia,2023,,north america,
antigua and barbuda,atg,1990,1.0,,-0.3123704330710246
antigua and barbuda,atg,1991,3.0,,-0.312099894501162
antigua and barbuda,atg,1992,2.0,,-0.3122351637860933
antigua and barbuda,atg,1993,4.0,,-0.3119646252162307
antigua and barbuda,atg,1994,5.0,,-0.31182935593129946
antigua and barbuda,atg,1995,7.0,,-0.31155881736143687
antigua and barbuda,atg,1996,3.0,,-0.312099894501162
antigua and barbuda,atg,1997,1.0,,-0.3123704330710246
antigua and barbuda,atg,2000,5.0,,-0.31182935593129946
antigua and barbuda,atg,2001,7.0,,-0.31155881736143687
antigua and barbuda,atg,2002,5.0,,-0.31182935593129946
antigua and barbuda,atg,2003,5.0,,-0.31182935593129946
antigua and barbuda,atg,2004,4.0,,-0.3119646252162307
antigua and barbuda,atg,2005,3.0,,-0.312099894501162
antigua and barbuda,atg,2006,11.0,,-0.3110177402217117
antigua and barbuda,atg,2007,17.0,,-0.310206124512124
antigua and barbuda,atg,2008,16.0,,-0.3103413937970553
antigua and barbuda,atg,2009,16.0,,-0.3103413937970553
antigua and barbuda,atg,2010,6.0,,-0.31169408664636816
antigua and barbuda,atg,2012,10.0,,-0.311153009506643
antigua and barbuda,atg,2017,20.0,,-0.3098003166573301
antigua and barbuda,atg,2018,12.0,,-0.3108824709367804
antigua and barbuda,atg,2019,3.0,,-0.312099894501162
antigua and barbuda,atg,2020,9.0,,-0.3112882787915743
antigua and barbuda,atg,2021,16.0,,-0.3103413937970553
antigua and barbuda,atg,2022,10.0,,-0.311153009506643
antigua and barbuda,atg,2023,10.0,north america,-0.311153009506643
argentina,arg,2001,3129.0,,0.11075189019404744
argentina,arg,2002,3570.0,,0.1704056448487459
argentina,arg,2003,2967.0,,0.08883826603517862
argentina,arg,2004,2338.0,,0.003753885813397833
argentina,arg,2005,2198.0,,-0.015183814076982629
argentina,arg,2006,2111.0,,-0.026952241866004773
argentina,arg,2007,2139.0,,-0.02316470188792868
argentina,arg,2008,2371.0,,0.00821777221613037
argentina,arg,2009,2642.0,,0.044875748432509695
argentina,arg,2010,2384.0,,0.009976272920237127
argentina,arg,2011,2511.0,,0.02715547210651083
argentina,arg,2012,2648.0,,0.045687364142097425
argentina,arg,2013,3072.0,,0.10304154095296397
argentina,arg,2014,3228.0,,0.12414354940224505
argentina,arg,2015,2837.0,,0.07125325899411104
argentina,arg,2016,2625.0,,0.04257617058867778
argentina,arg,2017,2317.0,,0.0009132308298407636
argentina,arg,2018,2384.0,,0.009976272920237127
argentina,arg,2019,2308.0,,-0.00030419273454083756
argentina,arg,2020,2419.0,,0.014710697892832242
argentina,arg,2021,2094.0,,-0.029251819709836684
argentina,arg,2022,1958.0,,-0.04764844246049199
argentina,arg,2023,2046.0,south america,-0.03574474538653856
armenia,arm,1990,178.0,,-0.28842776963818645
armenia,arm,1991,186.0,,-0.2873456153587361
armenia,arm,1992,305.0,,-0.27124857045191275
armenia,arm,1993,268.0,,-0.2762535339943704
armenia,arm,1994,157.0,,-0.2912684246217435
armenia,arm,1995,116.0,,-0.29681446530392636
armenia,arm,1996,114.0,,-0.29708500387378894
armenia,arm,1997,100.0,,-0.29897877386282695
armenia,arm,1998,93.0,,-0.299925658857346
armenia,arm,1999,90.0,,-0.30033146671213984
armenia,arm,2000,91.0,,-0.3001961974272086
armenia,arm,2001,88.0,,-0.3006020052820024
armenia,arm,2002,69.0,,-0.30317212169569696
armenia,arm,2004,83.0,,-0.3012783517066589
armenia,arm,2005,58.0,,-0.3046600838299411
armenia,arm,2006,79.0,,-0.301819428846384
armenia,arm,2007,77.0,,-0.3020899674162466
armenia,arm,2008,97.0,,-0.29938458171762083
armenia,arm,2009,97.0,,-0.29938458171762083
armenia,arm,2010,56.0,,-0.3049306223998037
armenia,arm,2011,71.0,,-0.3029015831258344
armenia,arm,2012,65.0,,-0.3037131988354221
armenia,arm,2013,63.0,,-0.30398373740528467
armenia,arm,2014,72.0,,-0.3027663138409031
armenia,arm,2015,75.0,,-0.3023605059861092
armenia,arm,2016,87.0,,-0.3007372745669337
armenia,arm,2017,70.0,,-0.30303685241076567
armenia,arm,2018,50.0,,-0.30574223810939144
armenia,arm,2019,73.0,,-0.3026310445559718
armenia,arm,2020,75.0,,-0.3023605059861092
armenia,arm,2021,90.0,,-0.30033146671213984
armenia,arm,2022,79.0,,-0.301819428846384
armenia,arm,2023,65.0,asia,-0.3037131988354221
aruba,abw,1990,0.0,,-0.31250570235595587
aruba,abw,1995,6.0,,-0.31169408664636816
aruba,abw,1999,2.0,,-0.3122351637860933
aruba,abw,2001,4.0,,-0.3119646252162307
aruba,abw,2002,5.0,,-0.31182935593129946
aruba,abw,2003,4.0,,-0.3119646252162307
aruba,abw,2004,2.0,,-0.3122351637860933
aruba,abw,2005,6.0,,-0.31169408664636816
aruba,abw,2006,5.0,,-0.31182935593129946
aruba,abw,2007,3.0,,-0.312099894501162
aruba,abw,2008,5.0,,-0.31182935593129946
aruba,abw,2009,4.0,,-0.3119646252162307
aruba,abw,2010,4.0,,-0.3119646252162307
aruba,abw,2011,2.0,,-0.3122351637860933
aruba,abw,2012,4.0,,-0.3119646252162307
aruba,abw,2013,6.0,,-0.31169408664636816
aruba,abw,2014,2.0,,-0.3122351637860933
aruba,abw,2023,,north america,
australia,aus,1990,374.0,,-0.2619149897916538
australia,aus,1991,340.0,,-0.2665141454793176
australia,aus,1992,301.0,,-0.2717896475916379
australia,aus,1993,333.0,,-0.2674610304738366
australia,aus,1994,320.0,,-0.2692195311779434
australia,aus,1995,356.0,,-0.26434983692041697
australia,aus,1996,354.0,,-0.26462037549027956
australia,aus,1997,364.0,,-0.26326768264096667
australia,aus,1998,334.0,,-0.26732576118890533
australia,aus,1999,385.0,,-0.2604270276574096
australia,aus,2000,362.0,,-0.26353822121082926
australia,aus,2001,347.0,,-0.26556726048479856
australia,aus,2002,366.0,,-0.2629971440711041
australia,aus,2003,302.0,,-0.2716543783067066
australia,aus,2004,263.0,,-0.2769298804190269
australia,aus,2005,259.0,,-0.277470957558752
australia,aus,2006,281.0,,-0.27449503329026365
australia,aus,2007,255.0,,-0.2780120346984772
australia,aus,2008,261.0,,-0.2772004189888894
australia,aus,2009,263.0,,-0.2769298804190269
australia,aus,2010,231.0,,-0.28125849753682813
australia,aus,2011,248.0,,-0.2789589196929962
australia,aus,2012,243.0,,-0.27963526611765266
australia,aus,2013,245.0,,-0.27936472754779007
australia,aus,2014,243.0,,-0.27963526611765266
australia,aus,2015,236.0,,-0.28058215111217166
australia,aus,2016,227.0,,-0.28179957467655325
australia,aus,2017,208.0,,-0.2843696910902478
australia,aus,2018,221.0,,-0.282611190386141
australia,aus,2019,225.0,,-0.28207011324641584
australia,aus,2020,221.0,,-0.282611190386141
australia,aus,2021,193.0,,-0.2863987303642171
australia,aus,2022,220.0,,-0.2827464596710723
australia,aus,2023,226.0,oceania,-0.28193484396148455
austria,aut,1990,89.0,,-0.30046673599707113
austria,aut,1991,103.0,,-0.2985729660080331
austria,aut,1992,97.0,,-0.29938458171762083
austria,aut,1993,80.0,,-0.3016841595614528
austria,aut,1994,88.0,,-0.3006020052820024
austria,aut,1995,78.0,,-0.3019546981313153
austria,aut,1996,99.0,,-0.29911404314775825
austria,aut,1997,66.0,,-0.3035779295504908
austria,aut,1998,77.0,,-0.3020899674162466
austria,aut,1999,60.0,,-0.30438954526007855
austria,aut,2000,82.0,,-0.3014136209915902
austria,aut,2001,70.0,,-0.30303685241076567
austria,aut,2002,65.0,,-0.3037131988354221
austria,aut,2003,50.0,,-0.30574223810939144
austria,aut,2004,59.0,,-0.30452481454500985
austria,aut,2005,54.0,,-0.30520116096966626
austria,aut,2006,61.0,,-0.30425427597514726
austria,aut,2007,45.0,,-0.30641858453404786
austria,aut,2008,58.0,,-0.3046600838299411
austria,aut,2009,51.0,,-0.30560696882446015
austria,aut,2010,61.0,,-0.30425427597514726
austria,aut,2011,77.0,,-0.3020899674162466
austria,aut,2012,81.0,,-0.3015488902765215
austria,aut,2013,61.0,,-0.30425427597514726
austria,aut,2014,42.0,,-0.30682439238884174
austria,aut,2015,44.0,,-0.30655385381897915
austria,aut,2016,54.0,,-0.30520116096966626
austria,aut,2017,70.0,,-0.30303685241076567
austria,aut,2018,86.0,,-0.300872543851865
austria,aut,2019,77.0,,-0.3020899674162466
austria,aut,2020,65.0,,-0.3037131988354221
austria,aut,2021,65.0,,-0.3037131988354221
austria,aut,2022,79.0,,-0.301819428846384
austria,aut,2023,80.0,europe,-0.3016841595614528
austria-hungary,owid_auh,2023,,europe,
azerbaijan,aze,1990,329.0,,-0.2680021076135618
azerbaijan,aze,1991,357.0,,-0.2642145676354857
azerbaijan,aze,1992,564.0,,-0.2362138256547089
azerbaijan,aze,1993,478.0,,-0.24784698415879972
azerbaijan,aze,1994,499.0,,-0.24500632917524265
azerbaijan,aze,1995,443.0,,-0.2525814091313948
azerbaijan,aze,1996,400.0,,-0.25839798838344025
azerbaijan,aze,1997,284.0,,-0.2740892254354698
azerbaijan,aze,1998,280.0,,-0.27463030257519494
azerbaijan,aze,1999,242.0,,-0.27977053540258395
azerbaijan,aze,2000,226.0,,-0.28193484396148455
azerbaijan,aze,2001,218.0,,-0.28301699824093485
azerbaijan,aze,2002,212.0,,-0.2838286139505226
azerbaijan,aze,2007,189.0,,-0.28693980750394227
azerbaijan,aze,2008,192.0,,-0.2865339996491484
azerbaijan,aze,2010,206.0,,-0.2846402296601103
azerbaijan,aze,2011,211.0,,-0.2839638832354539
azerbaijan,aze,2012,202.0,,-0.2851813067998355
azerbaijan,aze,2013,221.0,,-0.282611190386141
azerbaijan,aze,2014,236.0,,-0.28058215111217166
azerbaijan,aze,2015,211.0,,-0.2839638832354539
azerbaijan,aze,2016,169.0,,-0.28964519320256804
azerbaijan,aze,2017,182.0,,-0.28788669249846127
azerbaijan,aze,2018,197.0,,-0.2858576532244919
azerbaijan,aze,2019,168.0,,-0.28978046248749934
azerbaijan,aze,2020,219.0,,-0.2828817289560036
azerbaijan,aze,2021,174.0,,-0.28896884677791157
azerbaijan,aze,2022,184.0,,-0.2876161539285987
azerbaijan,aze,2023,223.0,asia,-0.28234065181627843
azerbaijan,aze,2024,206.0,,-0.2846402296601103
bahamas,bhs,1990,45.0,,-0.30641858453404786
bahamas,bhs,1991,28.0,,-0.3087181623778798
bahamas,bhs,1992,41.0,,-0.30695966167377303
bahamas,bhs,1993,35.0,,-0.30777127738336074
bahamas,bhs,1994,52.0,,-0.30547169953952885
bahamas,bhs,1995,40.0,,-0.3070949309587043
bahamas,bhs,1996,51.0,,-0.30560696882446015
bahamas,bhs,1997,46.0,,-0.30628331524911656
bahamas,bhs,2000,74.0,,-0.3024957752710405
bahamas,bhs,2001,43.0,,-0.30668912310391044
bahamas,bhs,2002,52.0,,-0.30547169953952885
bahamas,bhs,2003,50.0,,-0.30574223810939144
bahamas,bhs,2004,44.0,,-0.30655385381897915
bahamas,bhs,2005,52.0,,-0.30547169953952885
bahamas,bhs,2006,61.0,,-0.30425427597514726
bahamas,bhs,2007,78.0,,-0.3019546981313153
bahamas,bhs,2008,73.0,,-0.3026310445559718
bahamas,bhs,2009,87.0,,-0.3007372745669337
bahamas,bhs,2010,94.0,,-0.2997903895724147
bahamas,bhs,2011,127.0,,-0.2953265031696822
bahamas,bhs,2012,110.0,,-0.29762608101351407
bahamas,bhs,2013,119.0,,-0.2964086574491325
bahamas,bhs,2014,122.0,,-0.2960028495943386
bahamas,bhs,2015,146.0,,-0.2927563867559877
bahamas,bhs,2016,111.0,,-0.29749081172858277
bahamas,bhs,2017,122.0,,-0.2960028495943386
bahamas,bhs,2018,91.0,,-0.3001961974272086
bahamas,bhs,2019,95.0,,-0.2996551202874834
bahamas,bhs,2020,73.0,,-0.3026310445559718
bahamas,bhs,2021,119.0,,-0.2964086574491325
bahamas,bhs,2022,128.0,,-0.2951912338847509
bahamas,bhs,2023,,north america,
bahrain,bhr,1995,5.0,,-0.31182935593129946
bahrain,bhr,1996,8.0,,-0.3114235480765056
bahrain,bhr,1997,6.0,,-0.31169408664636816
bahrain,bhr,2001,9.0,,-0.3112882787915743
bahrain,bhr,2002,8.0,,-0.3114235480765056
bahrain,bhr,2007,4.0,,-0.3119646252162307
bahrain,bhr,2008,6.0,,-0.31169408664636816
bahrain,bhr,2009,13.0,,-0.3107472016518491
bahrain,bhr,2010,2.0,,-0.3122351637860933
bahrain,bhr,2011,12.0,,-0.3108824709367804
bahrain,bhr,2012,9.0,,-0.3112882787915743
bahrain,bhr,2013,11.0,,-0.3110177402217117
bahrain,bhr,2014,9.0,,-0.3112882787915743
bahrain,bhr,2015,3.0,,-0.312099894501162
bahrain,bhr,2016,4.0,,-0.3119646252162307
bahrain,bhr,2017,6.0,,-0.31169408664636816
bahrain,bhr,2018,5.0,,-0.31182935593129946
bahrain,bhr,2019,4.0,,-0.3119646252162307
bahrain,bhr,2020,0.0,,-0.31250570235595587
bahrain,bhr,2021,1.0,,-0.3123704330710246
bahrain,bhr,2022,3.0,,-0.312099894501162
bahrain,bhr,2023,,asia,
bangladesh,bgd,2000,3343.0,,0.13969951716934328
bangladesh,bgd,2001,3678.0,,0.18501472762132512
bangladesh,bgd,2002,3503.0,,0.16134260275834952
bangladesh,bgd,2003,3471.0,,0.15701398564054828
bangladesh,bgd,2004,3902.0,,0.21531504744593385
bangladesh,bgd,2005,3592.0,,0.17338156911723426
bangladesh,bgd,2006,4166.0,,0.25102613866779416
bangladesh,bgd,2007,3863.0,,0.21003954533361358
bangladesh,bgd,2008,4099.0,,0.24196309657739778
bangladesh,bgd,2009,4219.0,,0.2581954107691525
bangladesh,bgd,2010,3988.0,,0.2269482059500247
bangladesh,bgd,2011,3966.0,,0.22397228168153635
bangladesh,bgd,2012,4114.0,,0.24399213585136711
bangladesh,bgd,2013,4393.0,,0.2817322663471967
bangladesh,bgd,2014,4514.0,,0.2980998498238827
bangladesh,bgd,2015,4035.0,,0.2333058623417953
bangladesh,bgd,2016,3591.0,,0.17324629983230297
bangladesh,bgd,2017,3549.0,,0.16756498986518883
bangladesh,bgd,2018,3830.0,,0.20557565893088103
bangladesh,bgd,2023,,asia,
barbados,brb,1990,34.0,,-0.30790654666829204
barbados,brb,1991,21.0,,-0.3096650473723988
barbados,brb,1992,22.0,,-0.3095297780874675
barbados,brb,1993,21.0,,-0.3096650473723988
barbados,brb,1994,20.0,,-0.3098003166573301
barbados,brb,1995,17.0,,-0.310206124512124
barbados,brb,1998,20.0,,-0.3098003166573301
barbados,brb,1999,23.0,,-0.3093945088025362
barbados,brb,2000,20.0,,-0.3098003166573301
barbados,brb,2001,25.0,,-0.30912397023267363
barbados,brb,2002,25.0,,-0.30912397023267363
barbados,brb,2003,33.0,,-0.30804181595322333
barbados,brb,2004,22.0,,-0.3095297780874675
barbados,brb,2005,29.0,,-0.3085828930929485
barbados,brb,2006,35.0,,-0.30777127738336074
barbados,brb,2007,25.0,,-0.30912397023267363
barbados,brb,2008,23.0,,-0.3093945088025362
barbados,brb,2009,19.0,,-0.3099355859422614
barbados,brb,2010,31.0,,-0.3083123545230859
barbados,brb,2011,27.0,,-0.3088534316628111
barbados,brb,2012,22.0,,-0.3095297780874675
barbados,brb,2013,24.0,,-0.3092592395176049
barbados,brb,2014,25.0,,-0.30912397023267363
barbados,brb,2015,31.0,,-0.3083123545230859
barbados,brb,2016,22.0,,-0.3095297780874675
barbados,brb,2017,30.0,,-0.3084476238080172
barbados,brb,2018,28.0,,-0.3087181623778798
barbados,brb,2019,48.0,,-0.30601277667925403
barbados,brb,2020,41.0,,-0.30695966167377303
barbados,brb,2021,32.0,,-0.3081770852381546
barbados,brb,2022,43.0,,-0.30668912310391044
barbados,brb,2023,,north america,
belarus,blr,1990,508.0,,-0.24378890561086106
belarus,blr,1991,465.0,,-0.24960548486290648
belarus,blr,1992,594.0,,-0.2321557471067702
belarus,blr,1993,756.0,,-0.21024212294790137
belarus,blr,1994,829.0,,-0.20036746514791728
belarus,blr,1995,960.0,,-0.18264718882191844
belarus,blr,1996,970.0,,-0.18129449597260552
belarus,blr,1997,1021.0,,-0.1743957624411098
belarus,blr,1998,1036.0,,-0.17236672316714047
belarus,blr,1999,974.0,,-0.18075341883288037
belarus,blr,2000,1013.0,,-0.1754779167205601
belarus,blr,2001,969.0,,-0.18142976525753682
belarus,blr,2002,989.0,,-0.17872437955891105
belarus,blr,2007,649.0,,-0.2247159364355493
belarus,blr,2008,552.0,,-0.23783705707388433
belarus,blr,2009,487.0,,-0.24662956059441812
belarus,blr,2010,401.0,,-0.258262719098509
belarus,blr,2011,373.0,,-0.2620502590765851
belarus,blr,2012,340.0,,-0.2665141454793176
belarus,blr,2013,333.0,,-0.2674610304738366
belarus,blr,2014,340.0,,-0.2665141454793176
belarus,blr,2015,326.0,,-0.2684079154683557
belarus,blr,2016,307.0,,-0.27097803188205016
belarus,blr,2017,240.0,,-0.2800410739724465
belarus,blr,2018,226.0,,-0.28193484396148455
belarus,blr,2019,225.0,,-0.28207011324641584
belarus,blr,2023,,europe,
belgium,bel,1990,103.67,,-0.2984823355871291
belgium,bel,1991,102.23,,-0.2986771233574302
belgium,bel,1992,120.95,,-0.2961448823435165
belgium,bel,1993,144.71,,-0.29293088413354906
belgium,bel,1994,120.0,,-0.2962733881642012
belgium,bel,1995,142.0,,-0.2932974638957128
belgium,bel,1996,120.0,,-0.2962733881642012
belgium,bel,1997,145.0,,-0.292891656040919
belgium,bel,2000,212.0,,-0.2838286139505226
belgium,bel,2001,282.0,,-0.27435976400533235
belgium,bel,2002,319.0,,-0.2693548004628747
belgium,bel,2021,125.0,,-0.29559704173954476
belgium,bel,2023,,europe,
belize,blz,2000,41.0,,-0.30695966167377303
belize,blz,2001,64.0,,-0.3038484681203534
belize,blz,2002,87.0,,-0.3007372745669337
belize,blz,2003,67.0,,-0.3034426602655595
belize,blz,2004,79.0,,-0.301819428846384
belize,blz,2005,81.0,,-0.3015488902765215
belize,blz,2006,92.0,,-0.3000609281422773
belize,blz,2007,97.0,,-0.29938458171762083
belize,blz,2008,103.0,,-0.2985729660080331
belize,blz,2009,97.0,,-0.29938458171762083
belize,blz,2010,129.0,,-0.2950559645998196
belize,blz,2011,124.0,,-0.29573231102447606
belize,blz,2012,145.0,,-0.292891656040919
belize,blz,2013,99.0,,-0.29911404314775825
belize,blz,2014,123.0,,-0.29586758030940735
belize,blz,2015,119.0,,-0.2964086574491325
belize,blz,2016,138.0,,-0.293838541035438
belize,blz,2017,142.0,,-0.2932974638957128
belize,blz,2018,143.0,,-0.2931621946107815
belize,blz,2019,134.0,,-0.29437961817516317
belize,blz,2020,102.0,,-0.2987082352929644
belize,blz,2021,125.0,,-0.29559704173954476
belize,blz,2022,113.0,,-0.29722027315872024
belize,blz,2023,,north america,
benin,ben,2023,,africa,
bermuda,bmu,1990,1.0,,-0.3123704330710246
bermuda,bmu,1991,3.0,,-0.312099894501162
bermuda,bmu,1992,1.0,,-0.3123704330710246
bermuda,bmu,1993,3.0,,-0.312099894501162
bermuda,bmu,1994,6.0,,-0.31169408664636816
bermuda,bmu,1996,4.0,,-0.3119646252162307
bermuda,bmu,1997,2.0,,-0.3122351637860933
bermuda,bmu,1998,0.0,,-0.31250570235595587
bermuda,bmu,1999,2.0,,-0.3122351637860933
bermuda,bmu,2000,0.0,,-0.31250570235595587
bermuda,bmu,2001,3.0,,-0.312099894501162
bermuda,bmu,2002,1.0,,-0.3123704330710246
bermuda,bmu,2003,2.0,,-0.3122351637860933
bermuda,bmu,2004,1.0,,-0.3123704330710246
bermuda,bmu,2005,2.0,,-0.3122351637860933
bermuda,bmu,2006,3.0,,-0.312099894501162
bermuda,bmu,2007,3.0,,-0.312099894501162
bermuda,bmu,2008,5.0,,-0.31182935593129946
bermuda,bmu,2009,6.0,,-0.31169408664636816
bermuda,bmu,2010,7.0,,-0.31155881736143687
bermuda,bmu,2011,8.0,,-0.3114235480765056
bermuda,bmu,2012,6.0,,-0.31169408664636816
bermuda,bmu,2013,5.0,,-0.31182935593129946
bermuda,bmu,2014,4.0,,-0.3119646252162307
bermuda,bmu,2015,4.0,,-0.3119646252162307
bermuda,bmu,2016,8.0,,-0.3114235480765056
bermuda,bmu,2017,5.0,,-0.31182935593129946
bermuda,bmu,2018,5.0,,-0.31182935593129946
bermuda,bmu,2019,0.0,,-0.31250570235595587
bermuda,bmu,2020,7.0,,-0.31155881736143687
bermuda,bmu,2021,7.0,,-0.31155881736143687
bermuda,bmu,2022,9.0,,-0.3112882787915743
bermuda,bmu,2023,4.0,north america,-0.3119646252162307
bhutan,btn,1990,20.0,,-0.3098003166573301
bhutan,btn,1991,12.0,,-0.3108824709367804
bhutan,btn,1992,27.0,,-0.3088534316628111
bhutan,btn,1993,19.0,,-0.3099355859422614
bhutan,btn,1994,20.0,,-0.3098003166573301
bhutan,btn,1995,16.0,,-0.3103413937970553
bhutan,btn,1996,12.0,,-0.3108824709367804
bhutan,btn,1997,7.0,,-0.31155881736143687
bhutan,btn,1998,11.0,,-0.3110177402217117
bhutan,btn,1999,13.0,,-0.3107472016518491
bhutan,btn,2000,18.0,,-0.3100708552271927
bhutan,btn,2001,19.0,,-0.3099355859422614
bhutan,btn,2002,19.0,,-0.3099355859422614
bhutan,btn,2003,5.0,,-0.31182935593129946
bhutan,btn,2004,15.0,,-0.3104766630819865
bhutan,btn,2005,11.0,,-0.3110177402217117
bhutan,btn,2006,9.0,,-0.3112882787915743
bhutan,btn,2007,14.0,,-0.3106119323669178
bhutan,btn,2008,18.0,,-0.3100708552271927
bhutan,btn,2009,16.0,,-0.3103413937970553
bhutan,btn,2010,16.0,,-0.3103413937970553
bhutan,btn,2011,32.0,,-0.3081770852381546
bhutan,btn,2012,33.0,,-0.30804181595322333
bhutan,btn,2013,24.0,,-0.3092592395176049
bhutan,btn,2015,12.0,,-0.3108824709367804
bhutan,btn,2016,9.0,,-0.3112882787915743
bhutan,btn,2017,13.0,,-0.3107472016518491
bhutan,btn,2018,9.0,,-0.3112882787915743
bhutan,btn,2019,8.0,,-0.3114235480765056
bhutan,btn,2020,19.0,,-0.3099355859422614
bhutan,btn,2023,,asia,
bolivia,bol,2015,543.0,,-0.23905448063826595
bolivia,bol,2016,642.0,,-0.22566282143006833
bolivia,bol,2017,747.0,,-0.211459546512283
bolivia,bol,2018,574.0,,-0.23486113280539597
bolivia,bol,2019,497.0,,-0.24527686774510524
bolivia,bol,2020,428.0,,-0.2546104484053642
bolivia,bol,2021,418.0,,-0.25596314125467706
bolivia,bol,2022,485.0,,-0.2469000991642807
bolivia,bol,2023,541.0,south america,-0.23932501920812851
bonaire sint eustatius and saba,bes,2023,,north america,
bosnia and herzegovina,bih,1990,73.0,,-0.3026310445559718
bosnia and herzegovina,bih,2000,99.0,,-0.29911404314775825
bosnia and herzegovina,bih,2001,82.0,,-0.3014136209915902
bosnia and herzegovina,bih,2002,90.0,,-0.30033146671213984
bosnia and herzegovina,bih,2004,68.0,,-0.3033073909806282
bosnia and herzegovina,bih,2007,66.0,,-0.3035779295504908
bosnia and herzegovina,bih,2008,66.0,,-0.3035779295504908
bosnia and herzegovina,bih,2009,71.0,,-0.3029015831258344
bosnia and herzegovina,bih,2010,56.0,,-0.3049306223998037
bosnia and herzegovina,bih,2011,51.0,,-0.30560696882446015
bosnia and herzegovina,bih,2012,63.0,,-0.30398373740528467
bosnia and herzegovina,bih,2013,46.0,,-0.30628331524911656
bosnia and herzegovina,bih,2014,50.0,,-0.30574223810939144
bosnia and herzegovina,bih,2015,57.0,,-0.3047953531148724
bosnia and herzegovina,bih,2016,45.0,,-0.30641858453404786
bosnia and herzegovina,bih,2017,42.0,,-0.30682439238884174
bosnia and herzegovina,bih,2018,39.0,,-0.3072302002436356
bosnia and herzegovina,bih,2019,42.0,,-0.30682439238884174
bosnia and herzegovina,bih,2020,43.0,,-0.30668912310391044
bosnia and herzegovina,bih,2021,32.0,,-0.3081770852381546
bosnia and herzegovina,bih,2022,35.0,,-0.30777127738336074
bosnia and herzegovina,bih,2023,39.0,europe,-0.3072302002436356
botswana,bwa,2001,213.0,,-0.2836933446655913
botswana,bwa,2002,255.0,,-0.2780120346984772
botswana,bwa,2003,312.0,,-0.2703016854573937
botswana,bwa,2004,259.0,,-0.277470957558752
botswana,bwa,2005,291.0,,-0.27314234044095076
botswana,bwa,2006,261.0,,-0.2772004189888894
botswana,bwa,2007,280.0,,-0.27463030257519494
botswana,bwa,2008,281.0,,-0.27449503329026365
botswana,bwa,2009,289.0,,-0.27341287901081335
botswana,bwa,2010,303.0,,-0.2715191090217753
botswana,bwa,2020,221.0,,-0.282611190386141
botswana,bwa,2021,273.0,,-0.275577187569714
botswana,bwa,2023,,africa,
brazil,bra,1990,29301.19,,3.6510453165798804
brazil,bra,1991,28148.47,,3.495117706453885
brazil,bra,1992,25966.84,,3.200010176369237
brazil,bra,1993,28012.75,,3.4767589591030106
brazil,bra,1994,29851.41,,3.7254731825347744
brazil,bra,1995,34000.09,,4.286662159543514
brazil,bra,1996,38894.0,,4.948657865761598
brazil,bra,1997,40507.0,,5.166847222355767
brazil,bra,1998,41950.0,,5.362040800511617
brazil,bra,1999,42914.0,,5.49244039118538
brazil,bra,2000,45375.0,,5.825338101401282
brazil,bra,2001,47955.0,,6.174332856524008
brazil,bra,2002,49710.0,,6.41173045157842
brazil,bra,2003,51064.0,,6.5948850633753855
brazil,bra,2004,48394.0,,6.2337160726088445
brazil,bra,2005,47593.0,,6.125365375378881
brazil,bra,2006,49165.0,,6.3380086912908675
brazil,bra,2007,47731.0,,6.1440325366994
brazil,bra,2008,50135.0,,6.469219897674218
brazil,bra,2009,51461.0,,6.648586969493108
brazil,bra,2010,52289.0,,6.760589937416214
brazil,bra,2011,52233.0,,6.753014857460062
brazil,bra,2012,56388.0,,7.3150587363495685
brazil,bra,2013,56845.0,,7.376876799563168
brazil,bra,2014,59733.0,,7.76753449444473
brazil,bra,2015,58184.0,,7.558002372086164
brazil,bra,2016,61208.0,,7.967056689718381
brazil,bra,2017,63788.0,,8.316051444841108
brazil,bra,2018,55980.0,,7.259868868097603
brazil,bra,2019,44073.0,,5.649217492420744
brazil,bra,2020,47722.0,,6.1428151131350175
brazil,bra,2021,45562.0,,5.850633457683434
brazil,bra,2022,44367.0,,5.688986662190543
brazil,bra,2023,43443.0,south america,5.563997842914032
british indian ocean territory,iot,2023,,asia,
british virgin islands,vgb,1990,1.0,,-0.3123704330710246
british virgin islands,vgb,1991,0.0,,-0.31250570235595587
british virgin islands,vgb,1992,0.0,,-0.31250570235595587
british virgin islands,vgb,1993,0.0,,-0.31250570235595587
british virgin islands,vgb,1994,0.0,,-0.31250570235595587
british virgin islands,vgb,1995,2.0,,-0.3122351637860933
british virgin islands,vgb,1996,2.0,,-0.3122351637860933
british virgin islands,vgb,1999,1.0,,-0.3123704330710246
british virgin islands,vgb,2001,1.0,,-0.3123704330710246
british virgin islands,vgb,2002,1.0,,-0.3123704330710246
british virgin islands,vgb,2003,2.0,,-0.3122351637860933
british virgin islands,vgb,2004,4.0,,-0.3119646252162307
british virgin islands,vgb,2006,2.0,,-0.3122351637860933
british virgin islands,vgb,2023,,north america,
brunei,brn,1996,9.0,,-0.3112882787915743
brunei,brn,1997,8.0,,-0.3114235480765056
brunei,brn,1998,4.0,,-0.3119646252162307
brunei,brn,1999,4.0,,-0.3119646252162307
brunei,brn,2000,4.0,,-0.3119646252162307
brunei,brn,2003,3.0,,-0.312099894501162
brunei,brn,2004,2.0,,-0.3122351637860933
brunei,brn,2005,2.0,,-0.3122351637860933
brunei,brn,2006,3.0,,-0.312099894501162
brunei,brn,2007,3.0,,-0.312099894501162
brunei,brn,2008,1.0,,-0.3123704330710246
brunei,brn,2009,3.0,,-0.312099894501162
brunei,brn,2010,1.0,,-0.3123704330710246
brunei,brn,2011,1.0,,-0.3123704330710246
brunei,brn,2012,4.0,,-0.3119646252162307
brunei,brn,2013,2.0,,-0.3122351637860933
brunei,brn,2023,,asia,
bulgaria,bgr,1990,227.0,,-0.28179957467655325
bulgaria,bgr,1991,375.0,,-0.2617797205067225
bulgaria,bgr,1992,462.0,,-0.25001129271770034
bulgaria,bgr,1993,490.0,,-0.24622375273962427
bulgaria,bgr,1994,492.0,,-0.24595321416976168
bulgaria,bgr,1995,494.0,,-0.2456826755998991
bulgaria,bgr,1996,438.0,,-0.2532577555560513
bulgaria,bgr,1997,398.0,,-0.25866852695330284
bulgaria,bgr,1998,381.0,,-0.2609681047971348
bulgaria,bgr,1999,327.0,,-0.2682726461834244
bulgaria,bgr,2000,332.0,,-0.2675962997587679
bulgaria,bgr,2001,308.0,,-0.27084276259711887
bulgaria,bgr,2002,255.0,,-0.2780120346984772
bulgaria,bgr,2003,247.0,,-0.2790941889779275
bulgaria,bgr,2004,244.0,,-0.27949999683272136
bulgaria,bgr,2005,199.0,,-0.2855871146546294
bulgaria,bgr,2006,186.0,,-0.2873456153587361
bulgaria,bgr,2007,177.0,,-0.28856303892311774
bulgaria,bgr,2008,172.0,,-0.28923938534777416
bulgaria,bgr,2009,150.0,,-0.2922153096162625
bulgaria,bgr,2010,148.0,,-0.2924858481861251
bulgaria,bgr,2011,128.0,,-0.2951912338847509
bulgaria,bgr,2012,141.0,,-0.2934327331806441
bulgaria,bgr,2013,109.0,,-0.29776135029844536
bulgaria,bgr,2014,112.0,,-0.29735554244365153
bulgaria,bgr,2015,126.0,,-0.29546177245461347
bulgaria,bgr,2016,79.0,,-0.301819428846384
bulgaria,bgr,2017,103.0,,-0.2985729660080331
bulgaria,bgr,2018,92.0,,-0.3000609281422773
bulgaria,bgr,2019,83.0,,-0.3012783517066589
bulgaria,bgr,2020,69.0,,-0.30317212169569696
bulgaria,bgr,2021,89.0,,-0.30046673599707113
bulgaria,bgr,2022,76.0,,-0.3022252367011779
bulgaria,bgr,2023,74.0,europe,-0.3024957752710405
burkina faso,bfa,2023,,africa,
burundi,bdi,2012,500.0,,-0.24487105989031138
burundi,bdi,2013,520.0,,-0.24216567419168558
burundi,bdi,2014,564.0,,-0.2362138256547089
burundi,bdi,2015,461.0,,-0.25014656200263163
burundi,bdi,2016,635.0,,-0.22660970642458736
burundi,bdi,2023,,africa,
cambodia,khm,1992,429.0,,-0.2544751791204329
cambodia,khm,1993,599.0,,-0.23147940068211376
cambodia,khm,1994,303.0,,-0.2715191090217753
cambodia,khm,1995,397.0,,-0.25880379623823413
cambodia,khm,1996,542.0,,-0.23918974992319722
cambodia,khm,1997,317.0,,-0.2696253390327373
cambodia,khm,1998,793.0,,-0.20523715940544368
cambodia,khm,1999,581.0,,-0.23391424781087697
cambodia,khm,2000,571.0,,-0.23526694066018985
cambodia,khm,2001,407.0,,-0.25745110338892124
cambodia,khm,2002,425.0,,-0.25501625626015806
cambodia,khm,2003,509.0,,-0.24365363632592976
cambodia,khm,2004,511.0,,-0.2433830977560672
cambodia,khm,2005,448.0,,-0.2519050627067384
cambodia,khm,2006,400.0,,-0.25839798838344025
cambodia,khm,2007,393.0,,-0.2593448733779593
cambodia,khm,2008,333.0,,-0.2674610304738366
cambodia,khm,2009,331.0,,-0.2677315690436992
cambodia,khm,2010,331.0,,-0.2677315690436992
cambodia,khm,2011,268.0,,-0.2762535339943704
cambodia,khm,2023,,asia,
cameroon,cmr,2000,459.0,,-0.2504171005724942
cameroon,cmr,2001,755.0,,-0.21037739223283267
cameroon,cmr,2002,1031.0,,-0.1730430695917969
cameroon,cmr,2003,1002.0,,-0.17696587885480428
cameroon,cmr,2008,776.0,,-0.2075367372492756
cameroon,cmr,2009,1277.0,,-0.13976682549869981
cameroon,cmr,2010,999.0,,-0.17737168670959816
cameroon,cmr,2011,835.0,,-0.19955584943832955
cameroon,cmr,2012,880.0,,-0.19346873161642156
cameroon,cmr,2015,861.0,,-0.19603884803011604
cameroon,cmr,2016,787.0,,-0.20604877511503142
cameroon,cmr,2017,1004.0,,-0.17669534028494172
cameroon,cmr,2020,1202.0,,-0.1499120218685465
cameroon,cmr,2022,1868.0,,-0.059822678104308004
cameroon,cmr,2023,,africa,
canada,can,1990,657.0,,-0.223633782156099
canada,can,1991,754.0,,-0.21051266151776396
canada,can,1992,733.0,,-0.21335331650132103
canada,can,1993,626.0,,-0.22782712998896895
canada,can,1994,596.0,,-0.23188520853690764
canada,can,1995,587.0,,-0.23310263210128923
canada,can,1996,634.0,,-0.22674497570951865
canada,can,1997,586.0,,-0.23323790138622053
canada,can,1998,559.0,,-0.23689017207936533
canada,can,1999,539.0,,-0.2395955577779911
canada,can,2000,546.0,,-0.23864867278347207
canada,can,2001,554.0,,-0.23756651850402177
canada,can,2002,582.0,,-0.23377897852594567
canada,can,2003,549.0,,-0.23824286492867822
canada,can,2004,625.0,,-0.22796239927390025
canada,can,2005,664.0,,-0.22268689716157997
canada,can,2006,608.0,,-0.23026197711773216
canada,can,2007,597.0,,-0.23174993925197634
canada,can,2008,614.0,,-0.22945036140814443
canada,can,2009,610.0,,-0.22999143854786958
canada,can,2010,557.0,,-0.2371607106492279
canada,can,2011,609.0,,-0.23012670783280087
canada,can,2012,549.0,,-0.23824286492867822
canada,can,2013,509.0,,-0.24365363632592976
canada,can,2014,525.0,,-0.24148932776702914
canada,can,2015,611.0,,-0.22985616926293828
canada,can,2016,616.0,,-0.22917982283828184
canada,can,2017,665.0,,-0.22255162787664867
canada,can,2018,662.0,,-0.22295743573144255
canada,can,2019,689.0,,-0.21930516503829775
canada,can,2020,765.0,,-0.20902469938351978
canada,can,2021,801.0,,-0.20415500512599338
canada,can,2022,882.0,,-0.19319819304655897
canada,can,2023,778.0,north america,-0.20726619867941304
cape verde,cpv,2003,15.0,,-0.3104766630819865
cape verde,cpv,2004,21.0,,-0.3096650473723988
cape verde,cpv,2005,44.0,,-0.30655385381897915
cape verde,cpv,2006,35.0,,-0.30777127738336074
cape verde,cpv,2013,54.0,,-0.30520116096966626
cape verde,cpv,2014,65.0,,-0.3037131988354221
cape verde,cpv,2015,46.0,,-0.30628331524911656
cape verde,cpv,2016,62.0,,-0.30411900669021596
cape verde,cpv,2017,38.0,,-0.3073654695285669
cape verde,cpv,2018,31.0,,-0.3083123545230859
cape verde,cpv,2019,33.0,,-0.30804181595322333
cape verde,cpv,2020,36.0,,-0.30763600809842945
cape verde,cpv,2023,,africa,
cayman islands,cym,1990,2.0,,-0.3122351637860933
cayman islands,cym,1991,2.0,,-0.3122351637860933
cayman islands,cym,1992,1.0,,-0.3123704330710246
cayman islands,cym,1993,2.0,,-0.3122351637860933
cayman islands,cym,1994,2.0,,-0.3122351637860933
cayman islands,cym,1995,2.0,,-0.3122351637860933
cayman islands,cym,1996,1.0,,-0.3123704330710246
cayman islands,cym,1997,2.0,,-0.3122351637860933
cayman islands,cym,1998,1.0,,-0.3123704330710246
cayman islands,cym,1999,0.0,,-0.31250570235595587
cayman islands,cym,2000,4.0,,-0.3119646252162307
cayman islands,cym,2001,2.0,,-0.3122351637860933
cayman islands,cym,2002,0.0,,-0.31250570235595587
cayman islands,cym,2003,3.0,,-0.312099894501162
cayman islands,cym,2004,5.0,,-0.31182935593129946
cayman islands,cym,2005,3.0,,-0.312099894501162
cayman islands,cym,2006,1.0,,-0.3123704330710246
cayman islands,cym,2007,2.0,,-0.3122351637860933
cayman islands,cym,2008,4.0,,-0.3119646252162307
cayman islands,cym,2009,8.0,,-0.3114235480765056
cayman islands,cym,2010,9.0,,-0.3112882787915743
cayman islands,cym,2013,5.0,,-0.31182935593129946
cayman islands,cym,2014,5.0,,-0.31182935593129946
cayman islands,cym,2017,3.0,,-0.312099894501162
cayman islands,cym,2018,7.0,,-0.31155881736143687
cayman islands,cym,2019,2.0,,-0.3122351637860933
cayman islands,cym,2020,3.0,,-0.312099894501162
cayman islands,cym,2023,,north america,
central african republic,caf,2023,,africa,
chad,tcd,2023,,africa,
channel islands,owid_cis,2005,1.0,,-0.3123704330710246
channel islands,owid_cis,2006,2.0,,-0.3122351637860933
channel islands,owid_cis,2008,1.0,,-0.3123704330710246
channel islands,owid_cis,2010,0.0,,-0.31250570235595587
chile,chl,2003,513.0,,-0.2431125591862046
chile,chl,2005,576.0,,-0.2345905942355334
chile,chl,2006,590.0,,-0.23269682424649535
chile,chl,2007,616.0,,-0.22917982283828184
chile,chl,2008,588.0,,-0.23296736281635794
chile,chl,2009,630.0,,-0.2272860528492438
chile,chl,2010,541.0,,-0.23932501920812851
chile,chl,2011,636.0,,-0.22647443713965607
chile,chl,2012,434.0,,-0.25379883269577647
chile,chl,2013,556.0,,-0.23729597993415918
chile,chl,2014,438.0,,-0.2532577555560513
chile,chl,2015,419.0,,-0.25582787196974577
chile,chl,2016,620.0,,-0.2286387456985567
chile,chl,2017,779.0,,-0.20713092939448174
chile,chl,2018,825.0,,-0.20090854228764243
chile,chl,2019,924.0,,-0.18751688307944483
chile,chl,2020,1115.0,,-0.16168044965756861
chile,chl,2021,906.0,,-0.18995173020820802
chile,chl,2022,1330.0,,-0.1325975533973415
chile,chl,2023,1248.0,south america,-0.14368963476170718
china,chn,1995,27356.0,,3.3879208562243863
china,chn,1996,25411.0,,3.124822097033029
china,chn,1997,26070.0,,3.2139645558027485
china,chn,2002,26276.0,,3.2418300284985944
china,chn,2003,24393.0,,2.987117964972977
china,chn,2004,24711.0,,3.030133597581127
china,chn,2005,20770.0,,2.497037345666917
china,chn,2006,17973.0,,2.1186891557141014
china,chn,2007,16119.0,,1.8678999014514919
china,chn,2008,14811.0,,1.6909676767613657
china,chn,2009,14667.0,,1.67148889973126
china,chn,2010,13410.0,,1.50145540857263
china,chn,2011,12015.0,,1.3127547560934816
china,chn,2012,11286.0,,1.214143447378572
china,chn,2013,10640.0,,1.1267594893129593
china,chn,2014,10083.0,,1.0514144976062312
china,chn,2015,9200.0,,0.9319717190119031
china,chn,2016,8634.0,,0.8554093037407935
china,chn,2017,7990.0,,0.7682958842450434
china,chn,2018,7525.0,,0.7053956667519939
china,chn,2019,7379.0,,0.6856463511520258
china,chn,2020,7157.0,,0.6556165698972797
china,chn,2023,,asia,
christmas island,cxr,2023,,asia,
cocos islands,cck,2023,,asia,
colombia,col,1990,24330.0,,2.9785960000223057
colombia,col,1991,28424.0,,3.532388452531003
colombia,col,1992,28184.0,,3.4999238241474937
colombia,col,1993,28441.0,,3.534688030374835
colombia,col,1994,27079.0,,3.350451264298419
colombia,col,1995,22321.0,,2.706840006595346
colombia,col,1996,23350.0,,2.8460321007896425
colombia,col,1997,23200.0,,2.825741708049949
colombia,col,1998,23089.0,,2.810726817422576
colombia,col,1999,24355.0,,2.9819777321455883
colombia,col,2000,26539.0,,3.2774058504355232
colombia,col,2001,27840.0,,3.4533911901311303
colombia,col,2002,28387.0,,3.527383488988545
colombia,col,2003,23523.0,,2.8694336870827555
colombia,col,2004,20210.0,,2.421286546105395
colombia,col,2005,18111.0,,2.1373563170346195
colombia,col,2006,17479.0,,2.0518661289580447
colombia,col,2007,17198.0,,2.0138554598923526
colombia,col,2008,16140.0,,1.8707405564350488
colombia,col,2009,15817.0,,1.8270485774022425
colombia,col,2010,15459.0,,1.778622173396841
colombia,col,2011,16127.0,,1.868982055730942
colombia,col,2012,16440.0,,1.9113213419144355
colombia,col,2013,15422.0,,1.7736172098543834
colombia,col,2014,13343.0,,1.4923923664822334
colombia,col,2015,12783.0,,1.4166415669207115
colombia,col,2016,12402.0,,1.3651039693618905
colombia,col,2017,12298.0,,1.3510359637290366
colombia,col,2018,11678.0,,1.2671690070716373
colombia,col,2019,11678.0,,1.2671690070716373
colombia,col,2020,11464.0,,1.2382213800963413
colombia,col,2021,13094.0,,1.4587103145343425
colombia,col,2022,12908.0,,1.4335502275371228
colombia,col,2023,13035.0,south america,1.4507294267233966
comoros,com,2023,,africa,
congo,cog,2023,,africa,
cook islands,cok,2012,0.63,,-0.3124204827064492
cook islands,cok,2023,,oceania,
costa rica,cri,1990,139.0,,-0.2937032717505067
costa rica,cri,1991,132.0,,-0.2946501567450257
costa rica,cri,1992,160.0,,-0.29086261676694963
costa rica,cri,1993,160.0,,-0.29086261676694963
costa rica,cri,1994,182.0,,-0.28788669249846127
costa rica,cri,1995,184.0,,-0.2876161539285987
costa rica,cri,1996,189.0,,-0.28693980750394227
costa rica,cri,1997,210.0,,-0.2840991525203852
costa rica,cri,1998,224.0,,-0.28220538253134714
costa rica,cri,1999,245.0,,-0.27936472754779007
costa rica,cri,2000,249.0,,-0.2788236504080649
costa rica,cri,2001,257.0,,-0.2777414961286146
costa rica,cri,2002,258.0,,-0.2776062268436833
costa rica,cri,2003,300.0,,-0.27192491687656917
costa rica,cri,2004,280.0,,-0.27463030257519494
costa rica,cri,2005,335.0,,-0.26719049190397404
costa rica,cri,2006,351.0,,-0.26502618334507344
costa rica,cri,2007,369.0,,-0.26259133621631026
costa rica,cri,2008,512.0,,-0.2432478284711359
costa rica,cri,2009,525.0,,-0.24148932776702914
costa rica,cri,2010,527.0,,-0.24121878919716658
costa rica,cri,2011,474.0,,-0.2483880612985249
costa rica,cri,2012,407.0,,-0.25745110338892124
costa rica,cri,2013,411.0,,-0.25691002624919607
costa rica,cri,2014,477.0,,-0.247982253443731
costa rica,cri,2015,557.0,,-0.2371607106492279
costa rica,cri,2016,578.0,,-0.23432005566567082
costa rica,cri,2017,603.0,,-0.2309383235423886
costa rica,cri,2018,585.0,,-0.2333731706711518
costa rica,cri,2019,563.0,,-0.23634909493964015
costa rica,cri,2020,570.0,,-0.23540220994512115
costa rica,cri,2021,588.0,,-0.23296736281635794
costa rica,cri,2022,656.0,,-0.2237690514410303
costa rica,cri,2023,906.0,north america,-0.18995173020820802
cote d'ivoire,civ,2023,,africa,
croatia,hrv,1990,137.0,,-0.2939738103203693
croatia,hrv,1991,437.0,,-0.2533930248409826
croatia,hrv,1992,387.0,,-0.260156489087547
croatia,hrv,1993,218.0,,-0.28301699824093485
croatia,hrv,1994,143.0,,-0.2931621946107815
croatia,hrv,1995,166.0,,-0.2900510010573619
croatia,hrv,1996,122.0,,-0.2960028495943386
croatia,hrv,1997,118.0,,-0.29654392673406377
croatia,hrv,1998,105.0,,-0.29830242743817054
croatia,hrv,1999,111.0,,-0.29749081172858277
croatia,hrv,2000,101.0,,-0.2988435045778957
croatia,hrv,2001,81.0,,-0.3015488902765215
croatia,hrv,2002,73.0,,-0.3026310445559718
croatia,hrv,2003,69.0,,-0.30317212169569696
croatia,hrv,2004,83.0,,-0.3012783517066589
croatia,hrv,2005,68.0,,-0.3033073909806282
croatia,hrv,2006,74.0,,-0.3024957752710405
croatia,hrv,2007,62.0,,-0.30411900669021596
croatia,hrv,2008,71.0,,-0.3029015831258344
croatia,hrv,2009,49.0,,-0.30587750739432273
croatia,hrv,2010,62.0,,-0.30411900669021596
croatia,hrv,2011,49.0,,-0.30587750739432273
croatia,hrv,2012,51.0,,-0.30560696882446015
croatia,hrv,2013,46.0,,-0.30628331524911656
croatia,hrv,2014,36.0,,-0.30763600809842945
croatia,hrv,2015,37.0,,-0.3075007388134982
croatia,hrv,2016,44.0,,-0.30655385381897915
croatia,hrv,2017,46.0,,-0.30628331524911656
croatia,hrv,2018,24.0,,-0.3092592395176049
croatia,hrv,2019,33.0,,-0.30804181595322333
croatia,hrv,2020,40.0,,-0.3070949309587043
croatia,hrv,2021,33.0,,-0.30804181595322333
croatia,hrv,2022,31.0,,-0.3083123545230859
croatia,hrv,2023,26.0,europe,-0.3089887009477424
cuba,cub,1992,673.0,,-0.22146947359719837
cuba,cub,1993,802.0,,-0.2040197358410621
cuba,cub,1994,901.0,,-0.1906280766328645
cuba,cub,1995,852.0,,-0.19725627159449763
cuba,cub,1996,732.0,,-0.21348858578625232
cuba,cub,1997,747.0,,-0.211459546512283
cuba,cub,1998,818.0,,-0.20185542728216146
cuba,cub,1999,609.0,,-0.23012670783280087
cuba,cub,2000,587.0,,-0.23310263210128923
cuba,cub,2001,605.0,,-0.23066778497252602
cuba,cub,2002,661.0,,-0.22309270501637385
cuba,cub,2003,642.0,,-0.22566282143006833
cuba,cub,2004,660.0,,-0.22322797430130512
cuba,cub,2005,684.0,,-0.2199815114629542
cuba,cub,2006,576.0,,-0.2345905942355334
cuba,cub,2007,568.0,,-0.2356727485149837
cuba,cub,2008,515.0,,-0.24284202061634202
cuba,cub,2009,565.0,,-0.2360785563697776
cuba,cub,2010,505.0,,-0.24419471346565494
cuba,cub,2011,534.0,,-0.24027190420264755
cuba,cub,2012,621.0,,-0.2285034764136254
cuba,cub,2013,674.0,,-0.22133420431226708
cuba,cub,2014,600.0,,-0.23134413139718246
cuba,cub,2015,619.0,,-0.22877401498348798
cuba,cub,2016,572.0,,-0.23513167137525856
cuba,cub,2017,516.0,,-0.24270675133141076
cuba,cub,2018,491.0,,-0.24608848345469297
cuba,cub,2019,500.0,,-0.24487105989031138
cuba,cub,2023,,north america,
curacao,cuw,2001,10.0,,-0.311153009506643
curacao,cuw,2002,39.0,,-0.3072302002436356
curacao,cuw,2003,43.0,,-0.30668912310391044
curacao,cuw,2004,41.0,,-0.30695966167377303
curacao,cuw,2005,26.0,,-0.3089887009477424
curacao,cuw,2006,18.0,,-0.3100708552271927
curacao,cuw,2007,26.0,,-0.3089887009477424
curacao,cuw,2023,,north america,
cyprus,cyp,1990,5.0,,-0.31182935593129946
cyprus,cyp,1991,1.0,,-0.3123704330710246
cyprus,cyp,1992,2.0,,-0.3122351637860933
cyprus,cyp,1993,5.0,,-0.31182935593129946
cyprus,cyp,1994,7.0,,-0.31155881736143687
cyprus,cyp,1995,9.0,,-0.3112882787915743
cyprus,cyp,1996,10.0,,-0.311153009506643
cyprus,cyp,1997,6.0,,-0.31169408664636816
cyprus,cyp,1998,7.0,,-0.31155881736143687
cyprus,cyp,1999,10.0,,-0.311153009506643
cyprus,cyp,2000,8.0,,-0.3114235480765056
cyprus,cyp,2001,7.0,,-0.31155881736143687
cyprus,cyp,2002,2.0,,-0.3122351637860933
cyprus,cyp,2004,16.0,,-0.3103413937970553
cyprus,cyp,2005,20.0,,-0.3098003166573301
cyprus,cyp,2006,15.0,,-0.3104766630819865
cyprus,cyp,2007,13.0,,-0.3107472016518491
cyprus,cyp,2008,9.0,,-0.3112882787915743
cyprus,cyp,2009,19.0,,-0.3099355859422614
cyprus,cyp,2010,8.0,,-0.3114235480765056
cyprus,cyp,2011,9.0,,-0.3112882787915743
cyprus,cyp,2012,22.0,,-0.3095297780874675
cyprus,cyp,2013,12.0,,-0.3108824709367804
cyprus,cyp,2014,11.0,,-0.3110177402217117
cyprus,cyp,2015,15.0,,-0.3104766630819865
cyprus,cyp,2016,13.0,,-0.3107472016518491
cyprus,cyp,2017,7.0,,-0.31155881736143687
cyprus,cyp,2018,15.0,,-0.3104766630819865
cyprus,cyp,2019,15.0,,-0.3104766630819865
cyprus,cyp,2020,15.0,,-0.3104766630819865
cyprus,cyp,2021,16.0,,-0.3103413937970553
cyprus,cyp,2022,8.0,,-0.3114235480765056
cyprus,cyp,2023,11.0,europe,-0.3110177402217117
cyprus,cyp,2024,13.0,,-0.3107472016518491
czechia,cze,1994,207.0,,-0.28450496037517903
czechia,cze,1995,176.0,,-0.28869830820804904
czechia,cze,1996,173.0,,-0.28910411606284286
czechia,cze,1997,187.0,,-0.28721034607380486
czechia,cze,1998,174.0,,-0.28896884677791157
czechia,cze,1999,172.0,,-0.28923938534777416
czechia,cze,2000,191.0,,-0.2866692689340797
czechia,cze,2001,135.0,,-0.2942443488902319
czechia,cze,2002,139.0,,-0.2937032717505067
czechia,cze,2003,163.0,,-0.29045680891215575
czechia,cze,2004,134.0,,-0.29437961817516317
czechia,cze,2005,108.0,,-0.29789661958337665
czechia,cze,2006,130.0,,-0.2949206953148883
czechia,cze,2007,126.0,,-0.29546177245461347
czechia,cze,2008,114.0,,-0.29708500387378894
czechia,cze,2009,94.0,,-0.2997903895724147
czechia,cze,2010,103.0,,-0.2985729660080331
czechia,cze,2011,86.0,,-0.300872543851865
czechia,cze,2012,105.0,,-0.29830242743817054
czechia,cze,2013,90.0,,-0.30033146671213984
czechia,cze,2014,81.0,,-0.3015488902765215
czechia,cze,2015,88.0,,-0.3006020052820024
czechia,cze,2016,65.0,,-0.3037131988354221
czechia,cze,2017,66.0,,-0.3035779295504908
czechia,cze,2019,91.0,,-0.3001961974272086
czechia,cze,2020,77.0,,-0.3020899674162466
czechia,cze,2021,47.0,,-0.30614804596418527
czechia,cze,2022,87.0,,-0.3007372745669337
czechia,cze,2023,83.0,europe,-0.3012783517066589
czechoslovakia,owid_czs,2023,,europe,
democratic republic of congo,cod,2023,,africa,
denmark,dnk,1990,41.0,,-0.30695966167377303
denmark,dnk,1991,68.0,,-0.3033073909806282
denmark,dnk,1992,62.0,,-0.30411900669021596
denmark,dnk,1993,71.0,,-0.3029015831258344
denmark,dnk,1994,75.0,,-0.3023605059861092
denmark,dnk,1995,59.0,,-0.30452481454500985
denmark,dnk,1996,68.0,,-0.3033073909806282
denmark,dnk,1997,88.0,,-0.3006020052820024
denmark,dnk,1998,49.0,,-0.30587750739432273
denmark,dnk,1999,52.0,,-0.30547169953952885
denmark,dnk,2000,58.0,,-0.3046600838299411
denmark,dnk,2001,52.0,,-0.30547169953952885
denmark,dnk,2002,48.0,,-0.30601277667925403
denmark,dnk,2010,42.0,,-0.30682439238884174
denmark,dnk,2011,46.0,,-0.30628331524911656
denmark,dnk,2012,47.0,,-0.30614804596418527
denmark,dnk,2013,48.0,,-0.30601277667925403
denmark,dnk,2014,74.0,,-0.3024957752710405
denmark,dnk,2015,62.0,,-0.30411900669021596
denmark,dnk,2016,56.0,,-0.3049306223998037
denmark,dnk,2017,71.0,,-0.3029015831258344
denmark,dnk,2018,58.0,,-0.3046600838299411
denmark,dnk,2019,50.0,,-0.30574223810939144
denmark,dnk,2020,48.0,,-0.30601277667925403
denmark,dnk,2021,37.0,,-0.3075007388134982
denmark,dnk,2022,58.0,,-0.3046600838299411
denmark,dnk,2023,50.0,europe,-0.30574223810939144
djibouti,dji,2023,,africa,
dominica,dma,1998,9.0,,-0.3112882787915743
dominica,dma,1999,7.0,,-0.31155881736143687
dominica,dma,2000,2.0,,-0.3122351637860933
dominica,dma,2001,1.0,,-0.3123704330710246
dominica,dma,2002,9.0,,-0.3112882787915743
dominica,dma,2003,8.0,,-0.3114235480765056
dominica,dma,2004,8.0,,-0.3114235480765056
dominica,dma,2005,8.0,,-0.3114235480765056
dominica,dma,2006,5.0,,-0.31182935593129946
dominica,dma,2007,7.0,,-0.31155881736143687
dominica,dma,2008,7.0,,-0.31155881736143687
dominica,dma,2009,13.0,,-0.3107472016518491
dominica,dma,2010,15.0,,-0.3104766630819865
dominica,dma,2011,6.0,,-0.31169408664636816
dominica,dma,2014,9.0,,-0.3112882787915743
dominica,dma,2015,9.0,,-0.3112882787915743
dominica,dma,2016,16.0,,-0.3103413937970553
dominica,dma,2017,19.0,,-0.3099355859422614
dominica,dma,2018,13.0,,-0.3107472016518491
dominica,dma,2019,13.0,,-0.3107472016518491
dominica,dma,2020,15.0,,-0.3104766630819865
dominica,dma,2021,10.0,,-0.311153009506643
dominica,dma,2022,19.0,,-0.3099355859422614
dominica,dma,2023,,north america,
dominican republic,dom,1991,908.0,,-0.18968119163834546
dominican republic,dom,1992,807.0,,-0.20334338941640565
dominican republic,dom,1993,930.0,,-0.1867052673698571
dominican republic,dom,1994,1005.0,,-0.17656007100001042
dominican republic,dom,1995,1007.0,,-0.17628953243014783
dominican republic,dom,1996,1032.0,,-0.17290780030686562
dominican republic,dom,1997,1038.0,,-0.17209618459727788
dominican republic,dom,1998,1121.0,,-0.1608688339479809
dominican republic,dom,1999,1066.0,,-0.16830864461920178
dominican republic,dom,2000,1210.0,,-0.14882986758909617
dominican republic,dom,2001,1095.0,,-0.16438583535619442
dominican republic,dom,2002,1279.0,,-0.13949628692883723
dominican republic,dom,2003,1902.0,,-0.055223522416644175
dominican republic,dom,2004,2239.0,,-0.00963777339479978
dominican republic,dom,2005,2394.0,,0.011328965769550017
dominican republic,dom,2006,2144.0,,-0.022488355463272235
dominican republic,dom,2007,2111.0,,-0.026952241866004773
dominican republic,dom,2008,2394.0,,0.011328965769550017
dominican republic,dom,2009,2375.0,,0.008758849355855526
dominican republic,dom,2010,2474.0,,0.022150508564053137
dominican republic,dom,2011,2513.0,,0.02742601067637341
dominican republic,dom,2012,2268.0,,-0.005714964131792398
dominican republic,dom,2013,1978.0,,-0.04494305676186621
dominican republic,dom,2014,1810.0,,-0.06766829663032277
dominican republic,dom,2016,1616.0,,-0.09391053790699283
dominican republic,dom,2017,1216.0,,-0.14801825187950843
dominican republic,dom,2018,1068.0,,-0.16803810604933922
dominican republic,dom,2019,1026.0,,-0.17371941601645335
dominican republic,dom,2020,961.0,,-0.18251191953698714
dominican republic,dom,2021,1172.0,,-0.15397010041648515
dominican republic,dom,2022,1389.0,,-0.12461666558639543
dominican republic,dom,2023,1237.0,north america,-0.14517759689595136
east germany,owid_gdr,2023,,europe,
east timor,tls,2004,23.0,,-0.3093945088025362
east timor,tls,2005,46.0,,-0.30628331524911656
east timor,tls,2006,49.0,,-0.30587750739432273
east timor,tls,2007,62.0,,-0.30411900669021596
east timor,tls,2008,35.0,,-0.30777127738336074
east timor,tls,2009,32.0,,-0.3081770852381546
east timor,tls,2010,39.0,,-0.3072302002436356
east timor,tls,2015,49.0,,-0.30587750739432273
east timor,tls,2023,,asia,
ecuador,ecu,1990,892.0,,-0.19184550019724608
ecuador,ecu,1991,1153.0,,-0.15654021683017966
ecuador,ecu,1992,935.0,,-0.18602892094520065
ecuador,ecu,1993,926.0,,-0.18724634450958225
ecuador,ecu,1994,1139.0,,-0.1584339868192177
ecuador,ecu,1995,1372.13,,-0.12689865842318626
ecuador,ecu,1996,1462.65,,-0.11465408275120599
ecuador,ecu,1997,1316.56,,-0.13441557258681802
ecuador,ecu,1998,1642.79,,-0.0902866737636836
ecuador,ecu,1999,1682.0,,-0.08498276510152776
ecuador,ecu,2000,1833.0,,-0.06455710307690311
ecuador,ecu,2001,1658.0,,-0.0882292279398787
ecuador,ecu,2002,1906.0,,-0.05468244527691902
ecuador,ecu,2007,2273.0,,-0.005038617707135953
ecuador,ecu,2008,2607.0,,0.04014132345991458
ecuador,ecu,2009,2625.0,,0.04257617058867778
ecuador,ecu,2010,2624.0,,0.04244090130374649
ecuador,ecu,2011,2343.0,,0.004430232238054278
ecuador,ecu,2012,1922.0,,-0.052518136718018395
ecuador,ecu,2013,1725.0,,-0.07916618584948233
ecuador,ecu,2014,1310.0,,-0.13530293909596727
ecuador,ecu,2015,1050.0,,-0.1704729531781024
ecuador,ecu,2016,959.0,,-0.1827824581068497
ecuador,ecu,2017,970.0,,-0.18129449597260552
ecuador,ecu,2018,994.0,,-0.1780480331342546
ecuador,ecu,2019,1187.0,,-0.15194106114251582
ecuador,ecu,2020,1372.0,,-0.12691624343022737
ecuador,ecu,2021,2496.0,,0.025126432832541498
ecuador,ecu,2022,4886.0,,0.3484200238183222
ecuador,ecu,2023,8221.0,south america,0.7995430890641712
egypt,egy,1990,269.0,,-0.2761182647094391
egypt,egy,1991,288.0,,-0.27354814829574464
egypt,egy,1992,276.0,,-0.2751713797149201
egypt,egy,1993,244.0,,-0.27949999683272136
egypt,egy,1994,231.0,,-0.28125849753682813
egypt,egy,2003,471.0,,-0.24879386915331875
egypt,egy,2004,322.0,,-0.2689489926080808
egypt,egy,2005,522.0,,-0.24189513562182302
egypt,egy,2006,549.0,,-0.23824286492867822
egypt,egy,2007,680.0,,-0.22052258860267934
egypt,egy,2008,967.0,,-0.1817003038273994
egypt,egy,2009,912.0,,-0.1891401144986203
egypt,egy,2010,1839.0,,-0.06374548736731539
egypt,egy,2011,2703.0,,0.05312717481331832
egypt,egy,2012,2207.0,,-0.013966390512601028
egypt,egy,2014,2890.0,,0.07842253109546937
egypt,egy,2015,1711.0,,-0.08105995583852038
egypt,egy,2016,1532.0,,-0.10527315784122111
egypt,egy,2017,1360.0,,-0.1285394748494028
egypt,egy,2023,,africa,
el salvador,slv,1994,7673.0,,0.7254155209218248
el salvador,slv,1995,7977.0,,0.7665373835409366
el salvador,slv,1996,6792.0,,0.6062432808973591
el salvador,slv,1997,6573.0,,0.5766193074974069
el salvador,slv,1998,5584.0,,0.44283798470036195
el salvador,slv,1999,3845.0,,0.20760469820485036
el salvador,slv,2000,3551.0,,0.1678355284350514
el salvador,slv,2001,3590.0,,0.17311103054737167
el salvador,slv,2002,2835.0,,0.07098272042424847
el salvador,slv,2003,3356.0,,0.14145801787345005
el salvador,slv,2004,3897.0,,0.2146387010212774
el salvador,slv,2005,3882.0,,0.21260966174730805
el salvador,slv,2006,3927.0,,0.21869677956921607
el salvador,slv,2007,3497.0,,0.1605309870487618
el salvador,slv,2008,3179.0,,0.1175153544406119
el salvador,slv,2009,4382.0,,0.2802443042129526
el salvador,slv,2010,3987.0,,0.22681293666509342
el salvador,slv,2011,4371.0,,0.2787563420787084
el salvador,slv,2012,2594.0,,0.03838282275580782
el salvador,slv,2013,2513.0,,0.02742601067637341
el salvador,slv,2014,3921.0,,0.21788516385962833
el salvador,slv,2015,6656.0,,0.5878466581467039
el salvador,slv,2016,5276.0,,0.40117504494152495
el salvador,slv,2017,3962.0,,0.2234312045418112
el salvador,slv,2018,3346.0,,0.14010532502413717
el salvador,slv,2019,2398.0,,0.011870042909275173
el salvador,slv,2020,1341.0,,-0.13110959126309732
el salvador,slv,2021,1085.0,,-0.1657385282055073
el salvador,slv,2022,496.0,,-0.24541213703003653
el salvador,slv,2023,,north america,
equatorial guinea,gnq,2023,,africa,
eritrea,eri,2012,474.0,,-0.2483880612985249
eritrea,eri,2023,,africa,
estonia,est,1990,118.0,,-0.29654392673406377
estonia,est,1991,119.0,,-0.2964086574491325
estonia,est,1992,217.0,,-0.28315226752586614
estonia,est,1993,282.0,,-0.27435976400533235
estonia,est,1994,302.0,,-0.2716543783067066
estonia,est,1995,246.0,,-0.2792294582628588
estonia,est,1996,214.0,,-0.28355807538066
estonia,est,1997,178.0,,-0.28842776963818645
estonia,est,1998,196.0,,-0.2859929225094232
estonia,est,1999,157.0,,-0.2912684246217435
estonia,est,2000,143.0,,-0.2931621946107815
estonia,est,2001,137.0,,-0.2939738103203693
estonia,est,2002,142.0,,-0.2932974638957128
estonia,est,2007,96.0,,-0.29951985100255213
estonia,est,2008,86.0,,-0.300872543851865
estonia,est,2009,70.0,,-0.30303685241076567
estonia,est,2010,70.0,,-0.30303685241076567
estonia,est,2011,65.0,,-0.3037131988354221
estonia,est,2012,63.0,,-0.30398373740528467
estonia,est,2013,52.0,,-0.30547169953952885
estonia,est,2014,41.0,,-0.30695966167377303
estonia,est,2015,45.0,,-0.30641858453404786
estonia,est,2016,33.0,,-0.30804181595322333
estonia,est,2017,29.0,,-0.3085828930929485
estonia,est,2018,28.0,,-0.3087181623778798
estonia,est,2019,26.0,,-0.3089887009477424
estonia,est,2020,42.0,,-0.30682439238884174
estonia,est,2021,26.0,,-0.3089887009477424
estonia,est,2022,20.0,,-0.3098003166573301
estonia,est,2023,21.0,europe,-0.3096650473723988
eswatini,swz,1990,163.0,,-0.29045680891215575
eswatini,swz,1991,170.0,,-0.28950992391763675
eswatini,swz,1992,174.0,,-0.28896884677791157
eswatini,swz,1993,174.0,,-0.28896884677791157
eswatini,swz,1994,152.0,,-0.29194477104639993
eswatini,swz,1998,165.0,,-0.29018627034229316
eswatini,swz,1999,114.0,,-0.29708500387378894
eswatini,swz,2000,128.0,,-0.2951912338847509
eswatini,swz,2001,184.0,,-0.2876161539285987
eswatini,swz,2002,134.0,,-0.29437961817516317
eswatini,swz,2003,135.0,,-0.2942443488902319
eswatini,swz,2004,146.0,,-0.2927563867559877
eswatini,swz,2005,139.0,,-0.2937032717505067
eswatini,swz,2006,127.0,,-0.2953265031696822
eswatini,swz,2007,121.0,,-0.2961381188792699
eswatini,swz,2008,217.0,,-0.28315226752586614
eswatini,swz,2009,187.0,,-0.28721034607380486
eswatini,swz,2010,208.0,,-0.2843696910902478
eswatini,swz,2011,172.0,,-0.28923938534777416
eswatini,swz,2012,104.0,,-0.29843769672310183
eswatini,swz,2013,102.0,,-0.2987082352929644
eswatini,swz,2014,118.0,,-0.29654392673406377
eswatini,swz,2015,112.0,,-0.29735554244365153
eswatini,swz,2016,116.0,,-0.29681446530392636
eswatini,swz,2017,130.0,,-0.2949206953148883
eswatini,swz,2021,151.0,,-0.2920800403313312
eswatini,swz,2023,,africa,
ethiopia,eth,2012,8153.0,,0.7903447776888435
ethiopia,eth,2023,,africa,
ethiopia (former),owid_ere,2023,,africa,
falkland islands,flk,2023,,south america,
faroe islands,fro,2023,,europe,
fiji,fji,1990,32.0,,-0.3081770852381546
fiji,fji,1991,17.0,,-0.310206124512124
fiji,fji,1992,26.0,,-0.3089887009477424
fiji,fji,1993,15.0,,-0.3104766630819865
fiji,fji,1994,35.0,,-0.30777127738336074
fiji,fji,1995,24.0,,-0.3092592395176049
fiji,fji,1996,13.0,,-0.3107472016518491
fiji,fji,1997,13.0,,-0.3107472016518491
fiji,fji,2003,25.0,,-0.30912397023267363
fiji,fji,2004,23.0,,-0.3093945088025362
fiji,fji,2005,23.0,,-0.3093945088025362
fiji,fji,2006,22.0,,-0.3095297780874675
fiji,fji,2007,21.0,,-0.3096650473723988
fiji,fji,2008,17.0,,-0.310206124512124
fiji,fji,2009,29.0,,-0.3085828930929485
fiji,fji,2010,20.0,,-0.3098003166573301
fiji,fji,2011,20.0,,-0.3098003166573301
fiji,fji,2012,20.0,,-0.3098003166573301
fiji,fji,2013,19.0,,-0.3099355859422614
fiji,fji,2014,20.0,,-0.3098003166573301
fiji,fji,2020,27.0,,-0.3088534316628111
fiji,fji,2021,16.0,,-0.3103413937970553
fiji,fji,2022,36.0,,-0.30763600809842945
fiji,fji,2023,19.0,oceania,-0.3099355859422614
finland,fin,1990,152.0,,-0.29194477104639993
finland,fin,1991,154.0,,-0.29167423247653734
finland,fin,1992,156.0,,-0.2914036939066748
finland,fin,1993,130.0,,-0.2949206953148883
finland,fin,1994,147.0,,-0.2926211174710564
finland,fin,1995,146.0,,-0.2927563867559877
finland,fin,1996,153.0,,-0.29180950176146864
finland,fin,1997,139.0,,-0.2937032717505067
finland,fin,1998,113.0,,-0.29722027315872024
finland,fin,1999,143.0,,-0.2931621946107815
finland,fin,2000,148.0,,-0.2924858481861251
finland,fin,2001,156.0,,-0.2914036939066748
finland,fin,2002,132.0,,-0.2946501567450257
finland,fin,2003,103.0,,-0.2985729660080331
finland,fin,2004,148.0,,-0.2924858481861251
finland,fin,2005,119.0,,-0.2964086574491325
finland,fin,2006,119.0,,-0.2964086574491325
finland,fin,2007,129.0,,-0.2950559645998196
finland,fin,2008,133.0,,-0.2945148874600944
finland,fin,2009,120.0,,-0.2962733881642012
finland,fin,2010,118.0,,-0.29654392673406377
finland,fin,2011,110.0,,-0.29762608101351407
finland,fin,2012,89.0,,-0.30046673599707113
finland,fin,2013,89.0,,-0.30046673599707113
finland,fin,2014,88.0,,-0.3006020052820024
finland,fin,2015,82.0,,-0.3014136209915902
finland,fin,2016,74.0,,-0.3024957752710405
finland,fin,2017,67.0,,-0.3034426602655595
finland,fin,2018,88.0,,-0.3006020052820024
finland,fin,2019,81.0,,-0.3015488902765215
finland,fin,2020,97.0,,-0.29938458171762083
finland,fin,2021,71.0,,-0.3029015831258344
finland,fin,2022,69.0,,-0.30317212169569696
finland,fin,2023,55.0,europe,-0.30506589168473497
france,fra,1990,1355.0,,-0.12921582127405926
france,fra,1991,1355.0,,-0.12921582127405926
france,fra,1992,1342.0,,-0.13097432197816603
france,fra,1993,1519.0,,-0.10703165854532787
france,fra,1994,1406.0,,-0.12231708774256353
france,fra,1995,1336.0,,-0.13178593768775376
france,fra,1996,1171.0,,-0.15410536970141644
france,fra,1997,963.0,,-0.18224138096712456
france,fra,1998,961.0,,-0.18251191953698714
france,fra,1999,953.0,,-0.18359407381643744
france,fra,2000,1051.0,,-0.17033768389317114
france,fra,2001,1047.0,,-0.1708787610328963
france,fra,2002,1119.0,,-0.16113937251784347
france,fra,2003,987.0,,-0.17899491812877363
france,fra,2004,990.0,,-0.17858911027397975
france,fra,2005,976.0,,-0.18048288026301781
france,fra,2006,879.0,,-0.19360400090135282
france,fra,2007,993.0,,-0.1781833024191859
france,fra,2008,1021.0,,-0.1743957624411098
france,fra,2009,819.0,,-0.20172015799723017
france,fra,2010,796.0,,-0.20483135155064983
france,fra,2011,856.0,,-0.19671519445477248
france,fra,2012,784.0,,-0.2064545829698253
france,fra,2013,777.0,,-0.2074014679643443
france,fra,2014,792.0,,-0.20537242869037498
france,fra,2015,1012.0,,-0.1756131860054914
france,fra,2016,779.0,,-0.20713092939448174
france,fra,2017,710.0,,-0.21646451005474068
france,fra,2018,696.0,,-0.21835828004377872
france,fra,2019,753.0,,-0.21064793080269525
france,fra,2020,692.0,,-0.21889935718350387
france,fra,2021,734.0,,-0.21321804721638973
france,fra,2022,821.0,,-0.2014496194273676
france,fra,2023,887.0,europe,-0.19252184662190253
france,fra,2024,897.0,,-0.19116915377258964
french guiana,guf,2004,58.0,,-0.3046600838299411
french guiana,guf,2005,45.0,,-0.30641858453404786
french guiana,guf,2006,42.0,,-0.30682439238884174
french guiana,guf,2007,28.0,,-0.3087181623778798
french guiana,guf,2008,32.0,,-0.3081770852381546
french guiana,guf,2009,30.0,,-0.3084476238080172
french guiana,guf,2018,35.96,,-0.3076414188698267
french guiana,guf,2019,37.78,,-0.30739522877125175
french guiana,guf,2020,38.7,,-0.30727078102911504
french guiana,guf,2023,,south america,
french polynesia,pyf,2006,3.0,,-0.312099894501162
french polynesia,pyf,2007,7.0,,-0.31155881736143687
french polynesia,pyf,2008,9.0,,-0.3112882787915743
french polynesia,pyf,2009,1.0,,-0.3123704330710246
french polynesia,pyf,2023,,oceania,
gabon,gab,2023,,africa,
gambia,gmb,2023,,africa,
georgia,geo,1990,270.0,,-0.2759829954245078
georgia,geo,1991,419.0,,-0.25582787196974577
georgia,geo,1992,770.0,,-0.20834835295886334
georgia,geo,1993,878.0,,-0.19373927018628412
georgia,geo,1994,578.0,,-0.23432005566567082
georgia,geo,1995,391.0,,-0.2596154119478219
georgia,geo,1996,270.0,,-0.2759829954245078
georgia,geo,1997,285.0,,-0.2739539561505385
georgia,geo,1998,243.0,,-0.27963526611765266
georgia,geo,1999,244.0,,-0.27949999683272136
georgia,geo,2000,239.0,,-0.2801763432573778
georgia,geo,2001,263.0,,-0.2769298804190269
georgia,geo,2002,292.0,,-0.27300707115601947
georgia,geo,2004,298.0,,-0.27219545544643176
georgia,geo,2005,403.0,,-0.2579921805286464
georgia,geo,2006,323.0,,-0.2688137233231495
georgia,geo,2007,330.0,,-0.2678668383286305
georgia,geo,2008,263.0,,-0.2769298804190269
georgia,geo,2009,210.0,,-0.2840991525203852
georgia,geo,2010,187.0,,-0.28721034607380486
georgia,geo,2016,39.0,,-0.3072302002436356
georgia,geo,2017,91.0,,-0.3001961974272086
georgia,geo,2018,89.0,,-0.30046673599707113
georgia,geo,2019,77.0,,-0.3020899674162466
georgia,geo,2023,,asia,
germany,deu,1990,931.0,,-0.1865699980849258
germany,deu,1991,1127.0,,-0.16005721823839317
germany,deu,1992,1158.0,,-0.1558638704055232
germany,deu,1993,1348.0,,-0.1301627062685783
germany,deu,1994,1949.0,,-0.04886586602487359
germany,deu,1995,2032.0,,-0.0376385153755766
germany,deu,1996,1923.0,,-0.05238286743308711
germany,deu,1997,1800.0,,-0.06902098947963566
germany,deu,1998,1602.0,,-0.09580430789603088
germany,deu,1999,1326.0,,-0.13313863053706665
germany,deu,2000,1364.0,,-0.12799839770967766
germany,deu,2001,1181.0,,-0.15275267685210356
germany,deu,2002,1172.0,,-0.15397010041648515
germany,deu,2003,1097.0,,-0.16411529678633183
germany,deu,2004,1112.0,,-0.1620862575123625
germany,deu,2005,1044.0,,-0.17128456888769014
germany,deu,2006,988.0,,-0.17885964884384234
germany,deu,2007,888.0,,-0.19238657733697123
germany,deu,2008,831.0,,-0.2000969265780547
germany,deu,2009,803.0,,-0.2038844665561308
germany,deu,2010,793.0,,-0.20523715940544368
germany,deu,2011,738.0,,-0.21267697007666458
germany,deu,2012,659.0,,-0.2233632435862364
germany,deu,2013,682.0,,-0.22025205003281678
germany,deu,2014,716.0,,-0.21565289434515295
germany,deu,2015,682.0,,-0.22025205003281678
germany,deu,2016,963.0,,-0.18224138096712456
germany,deu,2017,813.0,,-0.2025317737068179
germany,deu,2018,788.0,,-0.20591350583010012
germany,deu,2019,623.0,,-0.22823293784376283
germany,deu,2020,782.0,,-0.20672512153968786
germany,deu,2021,695.0,,-0.21849354932871
germany,deu,2022,686.0,,-0.2197109728930916
germany,deu,2023,770.0,europe,-0.20834835295886334
ghana,gha,2001,433.0,,-0.25393410198070776
ghana,gha,2002,401.0,,-0.258262719098509
ghana,gha,2003,436.0,,-0.2535282941259139
ghana,gha,2004,452.0,,-0.2513639855670132
ghana,gha,2005,393.0,,-0.2593448733779593
ghana,gha,2006,412.0,,-0.2567747569642648
ghana,gha,2007,399.0,,-0.25853325766837154
ghana,gha,2008,430.0,,-0.2543399098355016
ghana,gha,2009,427.0,,-0.25474571769029547
ghana,gha,2010,422.0,,-0.25542206411495194
ghana,gha,2011,423.0,,-0.25528679483002065
ghana,gha,2012,560.0,,-0.23675490279443404
ghana,gha,2013,551.0,,-0.23797232635881563
ghana,gha,2014,543.0,,-0.23905448063826595
ghana,gha,2015,525.0,,-0.24148932776702914
ghana,gha,2016,549.0,,-0.23824286492867822
ghana,gha,2017,609.0,,-0.23012670783280087
ghana,gha,2018,500.0,,-0.24487105989031138
ghana,gha,2019,571.0,,-0.23526694066018985
ghana,gha,2020,555.0,,-0.23743124921909048
ghana,gha,2021,603.0,,-0.2309383235423886
ghana,gha,2022,607.0,,-0.23039724640266346
ghana,gha,2023,,africa,
gibraltar,gib,2009,0.0,,-0.31250570235595587
gibraltar,gib,2010,1.0,,-0.3123704330710246
gibraltar,gib,2024,0.0,,-0.31250570235595587
gibraltar,gib,2023,,europe,
greece,grc,1990,104.0,,-0.29843769672310183
greece,grc,1991,138.0,,-0.293838541035438
greece,grc,1992,137.0,,-0.2939738103203693
greece,grc,1993,150.0,,-0.2922153096162625
greece,grc,1994,133.0,,-0.2945148874600944
greece,grc,1995,151.0,,-0.2920800403313312
greece,grc,1996,169.0,,-0.28964519320256804
greece,grc,1997,203.0,,-0.2850460375149042
greece,grc,1998,176.0,,-0.28869830820804904
greece,grc,1999,155.0,,-0.2915389631916061
greece,grc,2001,132.0,,-0.2946501567450257
greece,grc,2002,94.0,,-0.2997903895724147
greece,grc,2004,111.0,,-0.29749081172858277
greece,grc,2005,132.0,,-0.2946501567450257
greece,grc,2006,110.0,,-0.29762608101351407
greece,grc,2007,130.0,,-0.2949206953148883
greece,grc,2008,144.0,,-0.2930269253258503
greece,grc,2009,152.0,,-0.29194477104639993
greece,grc,2010,176.0,,-0.28869830820804904
greece,grc,2011,184.0,,-0.2876161539285987
greece,grc,2012,166.0,,-0.2900510010573619
greece,grc,2013,153.0,,-0.29180950176146864
greece,grc,2014,107.0,,-0.29803188886830795
greece,grc,2015,93.0,,-0.299925658857346
greece,grc,2016,84.0,,-0.3011430824217276
greece,grc,2017,86.0,,-0.300872543851865
greece,grc,2018,99.0,,-0.29911404314775825
greece,grc,2019,78.0,,-0.3019546981313153
greece,grc,2020,78.0,,-0.3019546981313153
greece,grc,2021,89.0,,-0.30046673599707113
greece,grc,2022,117.0,,-0.29667919601899506
greece,grc,2023,86.0,europe,-0.300872543851865
greenland,grl,1992,13.0,,-0.3107472016518491
greenland,grl,1993,12.0,,-0.3108824709367804
greenland,grl,1994,6.0,,-0.31169408664636816
greenland,grl,1995,11.0,,-0.3110177402217117
greenland,grl,1996,3.0,,-0.312099894501162
greenland,grl,1997,11.0,,-0.3110177402217117
greenland,grl,1998,6.0,,-0.31169408664636816
greenland,grl,1999,11.0,,-0.3110177402217117
greenland,grl,2000,13.0,,-0.3107472016518491
greenland,grl,2001,17.0,,-0.310206124512124
greenland,grl,2002,12.0,,-0.3108824709367804
greenland,grl,2003,5.0,,-0.31182935593129946
greenland,grl,2004,11.0,,-0.3110177402217117
greenland,grl,2005,10.0,,-0.311153009506643
greenland,grl,2006,8.0,,-0.3114235480765056
greenland,grl,2007,8.0,,-0.3114235480765056
greenland,grl,2008,8.0,,-0.3114235480765056
greenland,grl,2009,10.0,,-0.311153009506643
greenland,grl,2010,11.0,,-0.3110177402217117
greenland,grl,2011,1.0,,-0.3123704330710246
greenland,grl,2012,8.0,,-0.3114235480765056
greenland,grl,2013,7.0,,-0.31155881736143687
greenland,grl,2014,4.0,,-0.3119646252162307
greenland,grl,2015,4.0,,-0.3119646252162307
greenland,grl,2016,3.0,,-0.312099894501162
greenland,grl,2023,,north america,
grenada,grd,2000,15.0,,-0.3104766630819865
grenada,grd,2001,6.0,,-0.31169408664636816
grenada,grd,2002,14.0,,-0.3106119323669178
grenada,grd,2003,9.0,,-0.3112882787915743
grenada,grd,2004,6.0,,-0.31169408664636816
grenada,grd,2005,11.0,,-0.3110177402217117
grenada,grd,2006,12.0,,-0.3108824709367804
grenada,grd,2007,11.0,,-0.3110177402217117
grenada,grd,2008,16.0,,-0.3103413937970553
grenada,grd,2009,7.0,,-0.31155881736143687
grenada,grd,2010,10.0,,-0.311153009506643
grenada,grd,2011,4.0,,-0.3119646252162307
grenada,grd,2012,14.0,,-0.3106119323669178
grenada,grd,2013,6.0,,-0.31169408664636816
grenada,grd,2014,8.0,,-0.3114235480765056
grenada,grd,2015,6.0,,-0.31169408664636816
grenada,grd,2016,11.0,,-0.3110177402217117
grenada,grd,2017,12.0,,-0.3108824709367804
grenada,grd,2018,12.0,,-0.3108824709367804
grenada,grd,2019,16.0,,-0.3103413937970553
grenada,grd,2020,14.0,,-0.3106119323669178
grenada,grd,2021,5.0,,-0.31182935593129946
grenada,grd,2022,8.0,,-0.3114235480765056
grenada,grd,2023,16.0,north america,-0.3103413937970553
guadeloupe,glp,2004,26.0,,-0.3089887009477424
guadeloupe,glp,2005,23.0,,-0.3093945088025362
guadeloupe,glp,2006,24.0,,-0.3092592395176049
guadeloupe,glp,2007,29.0,,-0.3085828930929485
guadeloupe,glp,2008,32.0,,-0.3081770852381546
guadeloupe,glp,2009,36.0,,-0.30763600809842945
guadeloupe,glp,2011,27.0,,-0.3088534316628111
guadeloupe,glp,2012,31.0,,-0.3083123545230859
guadeloupe,glp,2013,35.0,,-0.30777127738336074
guadeloupe,glp,2014,21.0,,-0.3096650473723988
guadeloupe,glp,2015,39.0,,-0.3072302002436356
guadeloupe,glp,2016,23.0,,-0.3093945088025362
guadeloupe,glp,2023,,north america,
guam,gum,2000,2.0,,-0.3122351637860933
guam,gum,2001,8.0,,-0.3114235480765056
guam,gum,2002,2.0,,-0.3122351637860933
guam,gum,2003,8.0,,-0.3114235480765056
guam,gum,2004,9.0,,-0.3112882787915743
guam,gum,2005,7.0,,-0.31155881736143687
guam,gum,2006,11.0,,-0.3110177402217117
guam,gum,2007,1.0,,-0.3123704330710246
guam,gum,2008,1.0,,-0.3123704330710246
guam,gum,2009,5.0,,-0.31182935593129946
guam,gum,2010,3.0,,-0.312099894501162
guam,gum,2011,4.0,,-0.3119646252162307
guam,gum,2019,7.0,,-0.31155881736143687
guam,gum,2023,,oceania,
guatemala,gtm,1992,2669.0,,0.04852801912565449
guatemala,gtm,1993,3231.0,,0.12454935725703892
guatemala,gtm,1994,3239.0,,0.12563151153648924
guatemala,gtm,1995,3260.0,,0.1284721665200463
guatemala,gtm,1996,3619.0,,0.17703383981037907
guatemala,gtm,1997,3998.0,,0.2283008987993376
guatemala,gtm,1998,3310.0,,0.13523563076661074
guatemala,gtm,1999,2655.0,,0.04663424913661645
guatemala,gtm,2000,2904.0,,0.08031630108450741
guatemala,gtm,2001,3230.0,,0.12441408797210764
guatemala,gtm,2002,3631.0,,0.17865707122955451
guatemala,gtm,2003,4237.0,,0.26063025789791566
guatemala,gtm,2004,4507.0,,0.2971529648293637
guatemala,gtm,2005,5338.0,,0.40956174060726486
guatemala,gtm,2006,5885.0,,0.48355403946467995
guatemala,gtm,2007,5781.0,,0.4694860338318259
guatemala,gtm,2008,6292.0,,0.5386086384317146
guatemala,gtm,2009,6498.0,,0.5664741111275602
guatemala,gtm,2010,5960.0,,0.49369923583452663
guatemala,gtm,2011,5681.0,,0.455959105338697
guatemala,gtm,2012,5155.0,,0.38480746146483896
guatemala,gtm,2013,5155.0,,0.38480746146483896
guatemala,gtm,2014,5253.0,,0.3980638513881053
guatemala,gtm,2017,5435.0,,0.4226828612455999
guatemala,gtm,2018,4869.0,,0.3461204459744903
guatemala,gtm,2019,4437.0,,0.28768411488417345
guatemala,gtm,2020,3157.0,,0.11453943017212354
guatemala,gtm,2021,3563.0,,0.16945875985422687
guatemala,gtm,2022,3935.0,,0.2197789338486664
guatemala,gtm,2023,4235.0,north america,0.2603597193280531
guernsey,ggy,2023,,europe,
guinea,gin,2023,,africa,
guinea-bissau,gnb,2016,64.0,,-0.3038484681203534
guinea-bissau,gnb,2017,21.0,,-0.3096650473723988
guinea-bissau,gnb,2023,,africa,
guyana,guy,1990,90.0,,-0.30033146671213984
guyana,guy,1991,192.0,,-0.2865339996491484
guyana,guy,1992,105.0,,-0.29830242743817054
guyana,guy,1993,117.0,,-0.29667919601899506
guyana,guy,1994,108.0,,-0.29789661958337665
guyana,guy,1995,109.0,,-0.29776135029844536
guyana,guy,1996,88.0,,-0.3006020052820024
guyana,guy,1997,87.0,,-0.3007372745669337
guyana,guy,1998,113.0,,-0.29722027315872024
guyana,guy,1999,91.0,,-0.3001961974272086
guyana,guy,2000,76.0,,-0.3022252367011779
guyana,guy,2001,80.0,,-0.3016841595614528
guyana,guy,2002,143.0,,-0.2931621946107815
guyana,guy,2003,209.0,,-0.2842344218053165
guyana,guy,2004,131.0,,-0.294785426029957
guyana,guy,2005,142.0,,-0.2932974638957128
guyana,guy,2006,153.0,,-0.29180950176146864
guyana,guy,2007,115.0,,-0.29694973458885765
guyana,guy,2008,158.0,,-0.2911331553368122
guyana,guy,2009,117.0,,-0.29667919601899506
guyana,guy,2010,140.0,,-0.2935680024655754
guyana,guy,2011,130.0,,-0.2949206953148883
guyana,guy,2012,139.0,,-0.2937032717505067
guyana,guy,2013,155.0,,-0.2915389631916061
guyana,guy,2014,149.0,,-0.2923505789011938
guyana,guy,2015,149.0,,-0.2923505789011938
guyana,guy,2016,142.0,,-0.2932974638957128
guyana,guy,2017,115.0,,-0.29694973458885765
guyana,guy,2018,111.0,,-0.29749081172858277
guyana,guy,2019,136.0,,-0.2941090796053006
guyana,guy,2020,157.0,,-0.2912684246217435
guyana,guy,2021,131.0,,-0.294785426029957
guyana,guy,2022,131.0,,-0.294785426029957
guyana,guy,2023,158.0,south america,-0.2911331553368122
haiti,hti,2007,486.0,,-0.24676482987934942
haiti,hti,2008,498.0,,-0.24514159846017394
haiti,hti,2009,598.0,,-0.23161466996704505
haiti,hti,2010,677.0,,-0.22092839645747323
haiti,hti,2011,914.0,,-0.18886957592875772
haiti,hti,2012,1033.0,,-0.17277253102193432
haiti,hti,2013,1039.0,,-0.17196091531234659
haiti,hti,2014,980.0,,-0.17994180312329264
haiti,hti,2015,1071.0,,-0.16763229819454534
haiti,hti,2016,1028.0,,-0.17344887744659077
haiti,hti,2018,743.0,,-0.21200062365200814
haiti,hti,2020,1280.0,,-0.13936101764390593
haiti,hti,2021,1615.0,,-0.09404580719192412
haiti,hti,2022,2183.0,,-0.017212853350951966
haiti,hti,2023,4789.0,north america,0.3352989031799872
honduras,hnd,1990,495.53,,-0.24547571359395423
honduras,hnd,1991,703.79,,-0.217304532314164
honduras,hnd,1992,955.11,,-0.1833086556252324
honduras,hnd,1993,1252.52,,-0.14307821759381775
honduras,hnd,1994,1682.45,,-0.08492189392330868
honduras,hnd,1995,1534.0,,-0.10500261927135854
honduras,hnd,1999,2563.0,,0.03418947492293786
honduras,hnd,2000,3176.0,,0.11710954658581803
honduras,hnd,2001,3488.0,,0.1593135634843802
honduras,hnd,2002,3623.0,,0.17757491695010422
honduras,hnd,2003,4073.0,,0.23844609516918427
honduras,hnd,2004,3639.0,,0.17973922550900484
honduras,hnd,2005,3212.0,,0.12197924084334442
honduras,hnd,2006,3118.0,,0.10926392805980326
honduras,hnd,2007,3588.0,,0.1728404919775091
honduras,hnd,2008,4455.0,,0.2901189620129367
honduras,hnd,2009,5280.0,,0.4017161220812501
honduras,hnd,2010,6236.0,,0.5310335584755624
honduras,hnd,2011,7104.0,,0.6484472977959214
honduras,hnd,2012,7172.0,,0.6576456091712489
honduras,hnd,2013,6431.0,,0.5574110690371639
honduras,hnd,2014,5891.0,,0.4843656551742677
honduras,hnd,2015,5148.0,,0.38386057647031996
honduras,hnd,2016,5150.0,,0.38413111504018255
honduras,hnd,2017,3864.0,,0.21017481461854487
honduras,hnd,2018,3709.0,,0.18920807545419507
honduras,hnd,2019,4078.0,,0.23912244159384072
honduras,hnd,2020,3613.0,,0.17622222410079133
honduras,hnd,2021,3931.0,,0.21923785670894122
honduras,hnd,2022,3659.0,,0.1824446112076306
honduras,hnd,2023,3347.0,north america,0.14024059430906843
hong kong,hkg,1990,137.0,,-0.2939738103203693
hong kong,hkg,1991,92.0,,-0.3000609281422773
hong kong,hkg,1992,108.0,,-0.29789661958337665
hong kong,hkg,1993,86.0,,-0.300872543851865
hong kong,hkg,1994,96.0,,-0.29951985100255213
hong kong,hkg,1995,73.0,,-0.3026310445559718
hong kong,hkg,1996,77.0,,-0.3020899674162466
hong kong,hkg,1997,102.0,,-0.2987082352929644
hong kong,hkg,1998,64.0,,-0.3038484681203534
hong kong,hkg,1999,63.0,,-0.30398373740528467
hong kong,hkg,2000,43.0,,-0.30668912310391044
hong kong,hkg,2001,66.0,,-0.3035779295504908
hong kong,hkg,2002,69.0,,-0.30317212169569696
hong kong,hkg,2003,52.0,,-0.30547169953952885
hong kong,hkg,2004,45.0,,-0.30641858453404786
hong kong,hkg,2005,34.0,,-0.30790654666829204
hong kong,hkg,2006,35.0,,-0.30777127738336074
hong kong,hkg,2007,18.0,,-0.3100708552271927
hong kong,hkg,2008,36.0,,-0.30763600809842945
hong kong,hkg,2009,47.0,,-0.30614804596418527
hong kong,hkg,2010,35.0,,-0.30777127738336074
hong kong,hkg,2011,17.0,,-0.310206124512124
hong kong,hkg,2012,27.0,,-0.3088534316628111
hong kong,hkg,2013,62.0,,-0.30411900669021596
hong kong,hkg,2014,27.0,,-0.3088534316628111
hong kong,hkg,2015,22.0,,-0.3095297780874675
hong kong,hkg,2016,28.0,,-0.3087181623778798
hong kong,hkg,2017,24.0,,-0.3092592395176049
hong kong,hkg,2018,48.0,,-0.30601277667925403
hong kong,hkg,2019,24.0,,-0.3092592395176049
hong kong,hkg,2020,22.0,,-0.3095297780874675
hong kong,hkg,2021,23.0,,-0.3093945088025362
hong kong,hkg,2022,30.0,,-0.3084476238080172
hong kong,hkg,2023,28.0,asia,-0.3087181623778798
hungary,hun,1990,201.0,,-0.2853165760847668
hungary,hun,1991,307.0,,-0.27097803188205016
hungary,hun,1992,305.0,,-0.27124857045191275
hungary,hun,1993,298.0,,-0.27219545544643176
hungary,hun,1994,313.0,,-0.2701664161724624
hungary,hun,1995,296.0,,-0.27246599401629434
hungary,hun,1996,271.0,,-0.27584772613957653
hungary,hun,1997,289.0,,-0.27341287901081335
hungary,hun,1998,289.0,,-0.27341287901081335
hungary,hun,1999,253.0,,-0.2782825732683398
hungary,hun,2000,205.0,,-0.2847754989450416
hungary,hun,2001,254.0,,-0.2781473039834085
hungary,hun,2002,203.0,,-0.2850460375149042
hungary,hun,2003,228.0,,-0.28166430539162196
hungary,hun,2004,209.0,,-0.2842344218053165
hungary,hun,2005,164.0,,-0.29032153962722446
hungary,hun,2006,174.0,,-0.28896884677791157
hungary,hun,2007,154.0,,-0.29167423247653734
hungary,hun,2008,181.0,,-0.28802196178339257
hungary,hun,2009,139.0,,-0.2937032717505067
hungary,hun,2010,138.0,,-0.293838541035438
hungary,hun,2011,145.0,,-0.292891656040919
hungary,hun,2012,124.0,,-0.29573231102447606
hungary,hun,2013,154.0,,-0.29167423247653734
hungary,hun,2014,146.0,,-0.2927563867559877
hungary,hun,2015,221.0,,-0.282611190386141
hungary,hun,2016,202.0,,-0.2851813067998355
hungary,hun,2017,160.0,,-0.29086261676694963
hungary,hun,2018,86.0,,-0.300872543851865
hungary,hun,2019,65.0,,-0.3037131988354221
hungary,hun,2020,80.0,,-0.3016841595614528
hungary,hun,2021,75.0,,-0.3023605059861092
hungary,hun,2022,94.0,,-0.2997903895724147
hungary,hun,2023,70.0,europe,-0.30303685241076567
iceland,isl,1994,0.0,,-0.31250570235595587
iceland,isl,1995,0.0,,-0.31250570235595587
iceland,isl,1996,1.0,,-0.3123704330710246
iceland,isl,1997,2.0,,-0.3122351637860933
iceland,isl,1998,0.0,,-0.31250570235595587
iceland,isl,1999,2.0,,-0.3122351637860933
iceland,isl,2000,5.0,,-0.31182935593129946
iceland,isl,2001,1.0,,-0.3123704330710246
iceland,isl,2002,4.0,,-0.3119646252162307
iceland,isl,2005,3.0,,-0.312099894501162
iceland,isl,2006,0.0,,-0.31250570235595587
iceland,isl,2007,2.0,,-0.3122351637860933
iceland,isl,2008,0.0,,-0.31250570235595587
iceland,isl,2009,1.0,,-0.3123704330710246
iceland,isl,2010,2.0,,-0.3122351637860933
iceland,isl,2011,3.0,,-0.312099894501162
iceland,isl,2012,1.0,,-0.3123704330710246
iceland,isl,2013,1.0,,-0.3123704330710246
iceland,isl,2014,1.0,,-0.3123704330710246
iceland,isl,2015,3.0,,-0.312099894501162
iceland,isl,2016,1.0,,-0.3123704330710246
iceland,isl,2017,3.0,,-0.312099894501162
iceland,isl,2018,3.0,,-0.312099894501162
iceland,isl,2019,1.0,,-0.3123704330710246
iceland,isl,2020,5.0,,-0.31182935593129946
iceland,isl,2021,2.0,,-0.3122351637860933
iceland,isl,2022,4.0,,-0.3119646252162307
iceland,isl,2023,5.0,europe,-0.31182935593129946
india,ind,1990,44162.0,,5.661256458779629
india,ind,1991,48574.0,,6.258064543896476
india,ind,1992,49688.0,,6.408754527309932
india,ind,1993,47947.0,,6.173250702244558
india,ind,1994,47458.0,,6.107104021913158
india,ind,1995,46386.0,,5.962095348466816
india,ind,1996,46912.0,,6.033246992340674
india,ind,1997,47418.0,,6.101693250515906
india,ind,1998,49292.0,,6.355187890477142
india,ind,1999,47781.0,,6.150796000945964
india,ind,2000,48167.0,,6.203009944929441
india,ind,2001,46420.0,,5.966694504154479
india,ind,2002,45736.0,,5.8741703132614775
india,ind,2003,44331.0,,5.684116967933017
india,ind,2004,46490.0,,5.97616335409967
india,ind,2005,45095.0,,5.787462701620521
india,ind,2006,44961.0,,5.769336617439729
india,ind,2007,45362.0,,5.823579600697176
india,ind,2008,45999.0,,5.909746135198407
india,ind,2009,45824.0,,5.886074010335431
india,ind,2010,46460.0,,5.972105275551731
india,ind,2011,47640.0,,6.131723031770652
india,ind,2012,47478.0,,6.109809407611784
india,ind,2013,45878.0,,5.893378551721721
india,ind,2014,47356.0,,6.093306554850166
india,ind,2015,44373.0,,5.689798277900131
india,ind,2016,42320.0,,5.412090435936195
india,ind,2017,41832.0,,5.346079024889725
india,ind,2018,41651.0,,5.321595284317162
india,ind,2019,40976.0,,5.2302885169885425
india,ind,2020,41171.0,,5.256666027550144
india,ind,2021,41330.0,,5.278173843854218
india,ind,2022,40130.0,,5.1158507019366715
india,ind,2023,,asia,
indonesia,idn,1998,1758.0,,-0.07470229944674979
indonesia,idn,1999,2090.0,,-0.029792896849561844
indonesia,idn,2000,2204.0,,-0.014372198367394895
indonesia,idn,2003,1635.0,,-0.09134042149329834
indonesia,idn,2004,1419.0,,-0.12055858703845677
indonesia,idn,2022,847.0,,-0.19793261801915407
indonesia,idn,2023,,asia,
iran,irn,2009,2215.0,,-0.012884236233150716
iran,irn,2013,2037.0,,-0.03696216895092016
iran,irn,2014,1936.0,,-0.05062436672898035
iran,irn,2023,,asia,
iraq,irq,1990,1168.0,,-0.1545111775562103
iraq,irq,1991,1171.0,,-0.15410536970141644
iraq,irq,1992,1397.0,,-0.12353451130694512
iraq,irq,1993,1118.0,,-0.16127464180277476
iraq,irq,1994,1267.0,,-0.1411195183480127
iraq,irq,2008,4596.0,,0.30919193118824845
iraq,irq,2009,2554.0,,0.032972051358556256
iraq,irq,2010,2691.0,,0.051503943394142854
iraq,irq,2011,2634.0,,0.04379359415305938
iraq,irq,2012,2697.0,,0.05231555910373059
iraq,irq,2013,3339.0,,0.13915844002961814
iraq,irq,2023,,asia,
ireland,irl,1990,17.0,,-0.310206124512124
ireland,irl,1991,23.0,,-0.3093945088025362
ireland,irl,1992,25.0,,-0.30912397023267363
ireland,irl,1993,23.0,,-0.3093945088025362
ireland,irl,1994,25.0,,-0.30912397023267363
ireland,irl,1995,43.0,,-0.30668912310391044
ireland,irl,1996,42.0,,-0.30682439238884174
ireland,irl,1997,38.0,,-0.3073654695285669
ireland,irl,1998,38.0,,-0.3073654695285669
ireland,irl,1999,38.0,,-0.3073654695285669
ireland,irl,2000,37.0,,-0.3075007388134982
ireland,irl,2001,52.0,,-0.30547169953952885
ireland,irl,2002,52.0,,-0.30547169953952885
ireland,irl,2003,37.0,,-0.3075007388134982
ireland,irl,2004,30.0,,-0.3084476238080172
ireland,irl,2005,52.0,,-0.30547169953952885
ireland,irl,2006,62.0,,-0.30411900669021596
ireland,irl,2007,78.0,,-0.3019546981313153
ireland,irl,2008,51.0,,-0.30560696882446015
ireland,irl,2009,53.0,,-0.30533643025459756
ireland,irl,2010,54.0,,-0.30520116096966626
ireland,irl,2011,42.0,,-0.30682439238884174
ireland,irl,2012,51.0,,-0.30560696882446015
ireland,irl,2013,47.0,,-0.30614804596418527
ireland,irl,2014,47.0,,-0.30614804596418527
ireland,irl,2015,27.0,,-0.3088534316628111
ireland,irl,2016,33.0,,-0.30804181595322333
ireland,irl,2017,38.0,,-0.3073654695285669
ireland,irl,2018,38.0,,-0.3073654695285669
ireland,irl,2019,32.0,,-0.3081770852381546
ireland,irl,2020,31.0,,-0.3083123545230859
ireland,irl,2021,22.0,,-0.3095297780874675
ireland,irl,2022,44.0,,-0.30655385381897915
ireland,irl,2023,34.0,europe,-0.30790654666829204
isle of man,imn,2011,1.0,,-0.3123704330710246
isle of man,imn,2012,2.0,,-0.3122351637860933
isle of man,imn,2013,2.0,,-0.3122351637860933
isle of man,imn,2014,3.0,,-0.312099894501162
isle of man,imn,2015,1.0,,-0.3123704330710246
isle of man,imn,2016,0.0,,-0.31250570235595587
isle of man,imn,2023,,europe,
israel,isr,1990,147.0,,-0.2926211174710564
israel,isr,1991,112.0,,-0.29735554244365153
israel,isr,1992,149.0,,-0.2923505789011938
israel,isr,1993,141.0,,-0.2934327331806441
israel,isr,1994,140.0,,-0.2935680024655754
israel,isr,1995,112.0,,-0.29735554244365153
israel,isr,1996,117.0,,-0.29667919601899506
israel,isr,1997,156.0,,-0.2914036939066748
israel,isr,1998,147.0,,-0.2926211174710564
israel,isr,1999,137.0,,-0.2939738103203693
israel,isr,2000,154.0,,-0.29167423247653734
israel,isr,2001,193.0,,-0.2863987303642171
israel,isr,2002,208.0,,-0.2843696910902478
israel,isr,2003,171.0,,-0.28937465463270545
israel,isr,2004,159.0,,-0.2909978860518809
israel,isr,2005,169.0,,-0.28964519320256804
israel,isr,2006,153.0,,-0.29180950176146864
israel,isr,2007,135.0,,-0.2942443488902319
israel,isr,2008,120.0,,-0.2962733881642012
israel,isr,2009,144.0,,-0.2930269253258503
israel,isr,2010,150.0,,-0.2922153096162625
israel,isr,2011,147.0,,-0.2926211174710564
israel,isr,2012,128.0,,-0.2951912338847509
israel,isr,2013,131.0,,-0.294785426029957
israel,isr,2014,129.0,,-0.2950559645998196
israel,isr,2015,120.0,,-0.2962733881642012
israel,isr,2016,110.0,,-0.29762608101351407
israel,isr,2017,136.0,,-0.2941090796053006
israel,isr,2018,124.0,,-0.29573231102447606
israel,isr,2019,142.0,,-0.2932974638957128
israel,isr,2020,147.0,,-0.2926211174710564
israel,isr,2021,173.0,,-0.28910411606284286
israel,isr,2022,148.0,,-0.2924858481861251
israel,isr,2023,,asia,
italy,ita,1990,1794.0,,-0.06983260518922339
italy,ita,1991,1938.0,,-0.05035382815911777
italy,ita,1992,1476.0,,-0.1128482377973733
italy,ita,1993,1071.0,,-0.16763229819454534
italy,ita,1994,969.0,,-0.18142976525753682
italy,ita,1995,1012.0,,-0.1756131860054914
italy,ita,1996,953.0,,-0.18359407381643744
italy,ita,1997,873.0,,-0.19441561661094056
italy,ita,1998,889.0,,-0.19225130805203994
italy,ita,1999,819.0,,-0.20172015799723017
italy,ita,2000,766.0,,-0.20888943009858849
italy,ita,2001,709.0,,-0.21659977933967198
italy,ita,2002,644.0,,-0.22539228286020574
italy,ita,2005,610.0,,-0.22999143854786958
italy,ita,2006,625.0,,-0.22796239927390025
italy,ita,2007,631.0,,-0.2271507835643125
italy,ita,2008,615.0,,-0.22931509212321313
italy,ita,2009,590.0,,-0.23269682424649535
italy,ita,2010,529.0,,-0.240948250627304
italy,ita,2011,552.0,,-0.23783705707388433
italy,ita,2012,530.0,,-0.2408129813423727
italy,ita,2013,502.0,,-0.2446005213204488
italy,ita,2014,475.0,,-0.2482527920135936
italy,ita,2015,469.0,,-0.24906440772318134
italy,ita,2016,404.0,,-0.2578569112437151
italy,ita,2017,376.0,,-0.2616444512217912
italy,ita,2018,359.0,,-0.26394402906562314
italy,ita,2019,317.0,,-0.2696253390327373
italy,ita,2020,285.0,,-0.2739539561505385
italy,ita,2021,303.0,,-0.2715191090217753
italy,ita,2022,322.0,,-0.2689489926080808
italy,ita,2023,338.0,europe,-0.2667846840491802
jamaica,jam,1990,544.0,,-0.23891921135333466
jamaica,jam,1991,566.0,,-0.2359432870848463
jamaica,jam,1992,632.0,,-0.22701551427938121
jamaica,jam,1993,657.0,,-0.223633782156099
jamaica,jam,1994,692.0,,-0.21889935718350387
jamaica,jam,1995,780.0,,-0.20699566010955045
jamaica,jam,1996,925.0,,-0.18738161379451354
jamaica,jam,1997,1038.0,,-0.17209618459727788
jamaica,jam,1998,859.0,,-0.19630938659997862
jamaica,jam,1999,854.0,,-0.19698573302463507
jamaica,jam,2000,887.0,,-0.19252184662190253
jamaica,jam,2001,1139.0,,-0.1584339868192177
jamaica,jam,2002,1045.0,,-0.17114929960275885
jamaica,jam,2003,975.0,,-0.18061814954794908
jamaica,jam,2004,1471.0,,-0.11352458422202974
jamaica,jam,2005,1674.0,,-0.08606491938097807
jamaica,jam,2006,1340.0,,-0.1312448605480286
jamaica,jam,2007,1584.0,,-0.09823915502479408
jamaica,jam,2008,1619.0,,-0.09350473005219896
jamaica,jam,2009,1683.0,,-0.08484749581659647
jamaica,jam,2010,1447.0,,-0.11677104706038068
jamaica,jam,2011,1133.0,,-0.15924560252880543
jamaica,jam,2012,1102.0,,-0.16343895036167538
jamaica,jam,2013,1202.0,,-0.1499120218685465
jamaica,jam,2014,1005.0,,-0.17656007100001042
jamaica,jam,2015,1209.0,,-0.14896513687402746
jamaica,jam,2016,1354.0,,-0.12935109055899055
jamaica,jam,2017,1647.0,,-0.08971719007412288
jamaica,jam,2018,1289.0,,-0.13814359407952434
jamaica,jam,2019,1340.0,,-0.1312448605480286
jamaica,jam,2020,1333.0,,-0.13219174554254762
jamaica,jam,2021,1474.0,,-0.11311877636723587
jamaica,jam,2022,1508.0,,-0.10851962067957205
jamaica,jam,2023,1400.0,north america,-0.12312870345215127
japan,jpn,1990,676.0,,-0.2210636657424045
japan,jpn,1991,639.0,,-0.2260686292848622
japan,jpn,1992,673.0,,-0.22146947359719837
japan,jpn,1993,715.0,,-0.21578816363008424
japan,jpn,1994,751.0,,-0.21091846937255782
japan,jpn,1995,724.0,,-0.21457074006570262
japan,jpn,1996,652.0,,-0.22431012858075544
japan,jpn,1997,710.0,,-0.21646451005474068
japan,jpn,1998,775.0,,-0.2076720065342069
japan,jpn,1999,736.0,,-0.21294750864652717
japan,jpn,2000,678.0,,-0.22079312717254193
japan,jpn,2001,697.0,,-0.21822301075884742
japan,jpn,2002,662.0,,-0.22295743573144255
japan,jpn,2003,697.0,,-0.21822301075884742
japan,jpn,2004,699.0,,-0.21795247218898486
japan,jpn,2005,643.0,,-0.22552755214513703
japan,jpn,2006,619.0,,-0.22877401498348798
japan,jpn,2007,574.0,,-0.23486113280539597
japan,jpn,2008,654.0,,-0.22403959001089285
japan,jpn,2009,506.0,,-0.24405944418072364
japan,jpn,2010,465.0,,-0.24960548486290648
japan,jpn,2011,442.0,,-0.2527166784163261
japan,jpn,2012,429.0,,-0.2544751791204329
japan,jpn,2013,370.0,,-0.26245606693137896
japan,jpn,2014,395.0,,-0.2590743348080967
japan,jpn,2015,363.0,,-0.26340295192589797
japan,jpn,2016,362.0,,-0.26353822121082926
japan,jpn,2017,306.0,,-0.27111330116698146
japan,jpn,2018,334.0,,-0.26732576118890533
japan,jpn,2019,319.0,,-0.2693548004628747
japan,jpn,2020,318.0,,-0.269490069747806
japan,jpn,2021,285.0,,-0.2739539561505385
japan,jpn,2022,289.0,,-0.27341287901081335
japan,jpn,2023,285.0,asia,-0.2739539561505385
jersey,jey,2023,,europe,
jordan,jor,1990,120.0,,-0.2962733881642012
jordan,jor,1991,121.0,,-0.2961381188792699
jordan,jor,1992,141.0,,-0.2934327331806441
jordan,jor,1993,165.0,,-0.29018627034229316
jordan,jor,1994,197.0,,-0.2858576532244919
jordan,jor,1995,35.0,,-0.30777127738336074
jordan,jor,1996,45.0,,-0.30641858453404786
jordan,jor,1997,42.0,,-0.30682439238884174
jordan,jor,2007,112.0,,-0.29735554244365153
jordan,jor,2008,120.0,,-0.2962733881642012
jordan,jor,2009,102.0,,-0.2987082352929644
jordan,jor,2010,128.0,,-0.2951912338847509
jordan,jor,2011,142.0,,-0.2932974638957128
jordan,jor,2012,168.0,,-0.28978046248749934
jordan,jor,2013,164.0,,-0.29032153962722446
jordan,jor,2014,183.0,,-0.28775142321353
jordan,jor,2015,169.0,,-0.28964519320256804
jordan,jor,2016,148.0,,-0.2924858481861251
jordan,jor,2017,133.0,,-0.2945148874600944
jordan,jor,2018,94.0,,-0.2997903895724147
jordan,jor,2019,122.0,,-0.2960028495943386
jordan,jor,2020,108.0,,-0.29789661958337665
jordan,jor,2021,114.0,,-0.29708500387378894
jordan,jor,2022,126.0,,-0.29546177245461347
jordan,jor,2023,113.0,asia,-0.29722027315872024
kazakhstan,kaz,1990,1475.0,,-0.11298350708230459
kazakhstan,kaz,1991,1512.0,,-0.10797854353984689
kazakhstan,kaz,1992,1880.0,,-0.058199446685132536
kazakhstan,kaz,1993,2586.0,,0.03730066847635751
kazakhstan,kaz,1994,2549.0,,0.03229570493389981
kazakhstan,kaz,1995,2447.0,,0.018498237870908336
kazakhstan,kaz,1996,2625.0,,0.04257617058867778
kazakhstan,kaz,1997,2581.0,,0.03662432205170106
kazakhstan,kaz,1998,2531.0,,0.02986085780513661
kazakhstan,kaz,1999,2374.0,,0.008623580070924237
kazakhstan,kaz,2000,2325.0,,0.0019953851092910754
kazakhstan,kaz,2001,2160.0,,-0.02032404690437161
kazakhstan,kaz,2002,1967.0,,-0.04643101889611039
kazakhstan,kaz,2003,1991.0,,-0.043184556057759456
kazakhstan,kaz,2004,2091.0,,-0.029657627564630553
kazakhstan,kaz,2008,1807.0,,-0.06807410448511664
kazakhstan,kaz,2009,1771.0,,-0.07294379874264303
kazakhstan,kaz,2010,1387.0,,-0.12488720415625802
kazakhstan,kaz,2011,1420.0,,-0.12042331775352548
kazakhstan,kaz,2012,1266.0,,-0.141254787632944
kazakhstan,kaz,2013,1120.0,,-0.16100410323291217
kazakhstan,kaz,2014,904.0,,-0.1902222687780706
kazakhstan,kaz,2015,853.0,,-0.19712100230956636
kazakhstan,kaz,2017,915.0,,-0.18873430664382643
kazakhstan,kaz,2020,606.0,,-0.23053251568759472
kazakhstan,kaz,2021,562.0,,-0.23648436422457145
kazakhstan,kaz,2022,511.0,,-0.2433830977560672
kazakhstan,kaz,2023,,asia,
kenya,ken,2004,1199.7,,-0.15022314122388844
kenya,ken,2005,1083.6,,-0.1659279052044111
kenya,ken,2006,1105.96,,-0.16290328399334747
kenya,ken,2007,1101.66,,-0.163484941918552
kenya,ken,2008,1215.18,,-0.1481291726931521
kenya,ken,2009,1907.48,,-0.05448224673522071
kenya,ken,2010,1926.0,,-0.05197705957829324
kenya,ken,2011,2271.0,,-0.005309156276998531
kenya,ken,2012,2374.0,,0.008623580070924237
kenya,ken,2014,2305.0,,-0.0007100005893347045
kenya,ken,2015,2261.0,,-0.0066618491263114215
kenya,ken,2016,2363.0,,0.0071356179366800585
kenya,ken,2017,2466.0,,0.021068354284602825
kenya,ken,2018,1569.0,,-0.10026819429876342
kenya,ken,2019,1576.0,,-0.09932130930424439
kenya,ken,2020,1859.0,,-0.0610401016686896
kenya,ken,2021,2796.0,,0.0657072183119282
kenya,ken,2022,2643.0,,0.04501101771744098
kenya,ken,2023,,africa,
kiribati,kir,1991,0.0,,-0.31250570235595587
kiribati,kir,1992,0.0,,-0.31250570235595587
kiribati,kir,1993,0.0,,-0.31250570235595587
kiribati,kir,1994,0.0,,-0.31250570235595587
kiribati,kir,1995,0.0,,-0.31250570235595587
kiribati,kir,1996,1.0,,-0.3123704330710246
kiribati,kir,1997,0.0,,-0.31250570235595587
kiribati,kir,1998,0.0,,-0.31250570235595587
kiribati,kir,1999,0.0,,-0.31250570235595587
kiribati,kir,2000,3.0,,-0.312099894501162
kiribati,kir,2001,4.0,,-0.3119646252162307
kiribati,kir,2008,7.0,,-0.31155881736143687
kiribati,kir,2009,1.0,,-0.3123704330710246
kiribati,kir,2010,4.0,,-0.3119646252162307
kiribati,kir,2011,11.0,,-0.3110177402217117
kiribati,kir,2012,8.0,,-0.3114235480765056
kiribati,kir,2023,,oceania,
korea (former),owid_kru,2023,,asia,
kosovo,owid_kos,2008,113.0,,-0.29722027315872024
kosovo,owid_kos,2009,73.0,,-0.3026310445559718
kosovo,owid_kos,2010,106.0,,-0.29816715815323924
kosovo,owid_kos,2011,62.0,,-0.30411900669021596
kosovo,owid_kos,2012,90.0,,-0.30033146671213984
kosovo,owid_kos,2013,41.0,,-0.30695966167377303
kosovo,owid_kos,2014,55.0,,-0.30506589168473497
kosovo,owid_kos,2015,42.0,,-0.30682439238884174
kosovo,owid_kos,2016,38.0,,-0.3073654695285669
kosovo,owid_kos,2017,48.0,,-0.30601277667925403
kosovo,owid_kos,2018,44.0,,-0.30655385381897915
kosovo,owid_kos,2019,24.0,,-0.3092592395176049
kosovo,owid_kos,2020,37.0,,-0.3075007388134982
kosovo,owid_kos,2021,33.0,,-0.30804181595322333
kosovo,owid_kos,2023,,europe,
kuwait,kwt,1996,16.0,,-0.3103413937970553
kuwait,kwt,2001,39.0,,-0.3072302002436356
kuwait,kwt,2002,23.0,,-0.3093945088025362
kuwait,kwt,2003,29.0,,-0.3085828930929485
kuwait,kwt,2004,43.0,,-0.30668912310391044
kuwait,kwt,2005,41.0,,-0.30695966167377303
kuwait,kwt,2006,45.0,,-0.30641858453404786
kuwait,kwt,2007,59.0,,-0.30452481454500985
kuwait,kwt,2008,38.0,,-0.3073654695285669
kuwait,kwt,2009,49.0,,-0.30587750739432273
kuwait,kwt,2010,60.0,,-0.30438954526007855
kuwait,kwt,2011,59.0,,-0.30452481454500985
kuwait,kwt,2012,61.0,,-0.30425427597514726
kuwait,kwt,2017,46.0,,-0.30628331524911656
kuwait,kwt,2018,37.0,,-0.3075007388134982
kuwait,kwt,2019,16.0,,-0.3103413937970553
kuwait,kwt,2020,11.0,,-0.3110177402217117
kuwait,kwt,2023,,asia,
kyrgyzstan,kgz,2023,,asia,
laos,lao,2023,,asia,
latvia,lva,1992,259.0,,-0.277470957558752
latvia,lva,1993,387.0,,-0.260156489087547
latvia,lva,1994,348.0,,-0.2654319911998673
latvia,lva,1995,288.0,,-0.27354814829574464
latvia,lva,1996,268.0,,-0.2762535339943704
latvia,lva,1997,272.0,,-0.27571245685464524
latvia,lva,1998,250.0,,-0.2786883811231336
latvia,lva,1999,229.0,,-0.28152903610669067
latvia,lva,2000,238.0,,-0.2803116125423091
latvia,lva,2001,219.0,,-0.2828817289560036
latvia,lva,2002,214.0,,-0.28355807538066
latvia,lva,2012,70.0,,-0.30303685241076567
latvia,lva,2013,50.0,,-0.30574223810939144
latvia,lva,2014,64.0,,-0.3038484681203534
latvia,lva,2015,67.0,,-0.3034426602655595
latvia,lva,2016,69.0,,-0.30317212169569696
latvia,lva,2017,81.0,,-0.3015488902765215
latvia,lva,2018,84.0,,-0.3011430824217276
latvia,lva,2019,65.0,,-0.3037131988354221
latvia,lva,2020,70.0,,-0.30303685241076567
latvia,lva,2021,57.0,,-0.3047953531148724
latvia,lva,2022,67.0,,-0.3034426602655595
latvia,lva,2023,47.0,europe,-0.30614804596418527
lebanon,lbn,2008,183.0,,-0.28775142321353
lebanon,lbn,2009,145.0,,-0.292891656040919
lebanon,lbn,2010,163.0,,-0.29045680891215575
lebanon,lbn,2011,168.0,,-0.28978046248749934
lebanon,lbn,2012,194.0,,-0.2862634610792858
lebanon,lbn,2013,236.0,,-0.28058215111217166
lebanon,lbn,2014,240.0,,-0.2800410739724465
lebanon,lbn,2015,231.0,,-0.28125849753682813
lebanon,lbn,2016,235.0,,-0.28071742039710296
lebanon,lbn,2017,246.0,,-0.2792294582628588
lebanon,lbn,2018,172.0,,-0.28923938534777416
lebanon,lbn,2019,182.0,,-0.28788669249846127
lebanon,lbn,2020,128.0,,-0.2951912338847509
lebanon,lbn,2023,,asia,
lesotho,lso,1990,519.0,,-0.24230094347661688
lesotho,lso,1991,549.0,,-0.23824286492867822
lesotho,lso,1992,640.0,,-0.22593335999993092
lesotho,lso,1993,665.0,,-0.22255162787664867
lesotho,lso,1994,833.0,,-0.19982638800819214
lesotho,lso,2007,895.0,,-0.1914396923424522
lesotho,lso,2008,752.0,,-0.21078320008762655
lesotho,lso,2023,,africa,
liberia,lbr,2007,100.0,,-0.29897877386282695
liberia,lbr,2008,177.0,,-0.28856303892311774
liberia,lbr,2009,145.0,,-0.292891656040919
liberia,lbr,2010,129.0,,-0.2950559645998196
liberia,lbr,2011,161.0,,-0.29072734748201834
liberia,lbr,2012,135.0,,-0.2942443488902319
liberia,lbr,2023,,africa,
libya,lby,2023,,africa,
liechtenstein,lie,1994,0.0,,-0.31250570235595587
liechtenstein,lie,1995,0.0,,-0.31250570235595587
liechtenstein,lie,1996,0.0,,-0.31250570235595587
liechtenstein,lie,1997,0.0,,-0.31250570235595587
liechtenstein,lie,1998,0.0,,-0.31250570235595587
liechtenstein,lie,1999,1.0,,-0.3123704330710246
liechtenstein,lie,2000,0.0,,-0.31250570235595587
liechtenstein,lie,2001,0.0,,-0.31250570235595587
liechtenstein,lie,2002,0.0,,-0.31250570235595587
liechtenstein,lie,2003,0.0,,-0.31250570235595587
liechtenstein,lie,2004,1.0,,-0.3123704330710246
liechtenstein,lie,2007,0.0,,-0.31250570235595587
liechtenstein,lie,2008,1.0,,-0.3123704330710246
liechtenstein,lie,2009,0.0,,-0.31250570235595587
liechtenstein,lie,2010,1.0,,-0.3123704330710246
liechtenstein,lie,2011,0.0,,-0.31250570235595587
liechtenstein,lie,2012,0.0,,-0.31250570235595587
liechtenstein,lie,2013,0.0,,-0.31250570235595587
liechtenstein,lie,2014,1.0,,-0.3123704330710246
liechtenstein,lie,2015,0.0,,-0.31250570235595587
liechtenstein,lie,2016,0.0,,-0.31250570235595587
liechtenstein,lie,2017,1.0,,-0.3123704330710246
liechtenstein,lie,2018,1.0,,-0.3123704330710246
liechtenstein,lie,2019,1.0,,-0.3123704330710246
liechtenstein,lie,2020,1.0,,-0.3123704330710246
liechtenstein,lie,2021,2.0,,-0.3122351637860933
liechtenstein,lie,2023,,europe,
lithuania,ltu,1990,180.0,,-0.28815723106832386
lithuania,ltu,1991,214.0,,-0.28355807538066
lithuania,ltu,1992,266.0,,-0.276524072564233
lithuania,ltu,1993,416.0,,-0.25623367982453965
lithuania,ltu,1994,465.0,,-0.24960548486290648
lithuania,ltu,1995,502.0,,-0.2446005213204488
lithuania,ltu,1996,405.0,,-0.25772164195878383
lithuania,ltu,1997,391.0,,-0.2596154119478219
lithuania,ltu,1998,311.0,,-0.270436954742325
lithuania,ltu,1999,309.0,,-0.2707074933121876
lithuania,ltu,2000,370.0,,-0.26245606693137896
lithuania,ltu,2001,353.0,,-0.26475564477521085
lithuania,ltu,2002,293.0,,-0.27287180187108817
lithuania,ltu,2004,343.0,,-0.26610833762452374
lithuania,ltu,2005,372.0,,-0.2621855283615164
lithuania,ltu,2006,288.0,,-0.27354814829574464
lithuania,ltu,2007,277.0,,-0.2750361104299888
lithuania,ltu,2008,298.0,,-0.27219545544643176
lithuania,ltu,2009,252.0,,-0.27841784255327107
lithuania,ltu,2010,219.0,,-0.2828817289560036
lithuania,ltu,2011,211.0,,-0.2839638832354539
lithuania,ltu,2012,202.0,,-0.2851813067998355
lithuania,ltu,2013,198.0,,-0.2857223839395607
lithuania,ltu,2014,159.0,,-0.2909978860518809
lithuania,ltu,2015,172.0,,-0.28923938534777416
lithuania,ltu,2016,153.0,,-0.29180950176146864
lithuania,ltu,2017,100.0,,-0.29897877386282695
lithuania,ltu,2018,92.0,,-0.3000609281422773
lithuania,ltu,2019,94.0,,-0.2997903895724147
lithuania,ltu,2020,101.0,,-0.2988435045778957
lithuania,ltu,2021,72.0,,-0.3027663138409031
lithuania,ltu,2022,67.0,,-0.3034426602655595
lithuania,ltu,2023,75.0,europe,-0.3023605059861092
luxembourg,lux,1994,6.0,,-0.31169408664636816
luxembourg,lux,1995,2.0,,-0.3122351637860933
luxembourg,lux,1996,4.0,,-0.3119646252162307
luxembourg,lux,1997,4.0,,-0.3119646252162307
luxembourg,lux,1998,4.0,,-0.3119646252162307
luxembourg,lux,1999,6.0,,-0.31169408664636816
luxembourg,lux,2000,4.0,,-0.3119646252162307
luxembourg,lux,2001,9.0,,-0.3112882787915743
luxembourg,lux,2002,6.0,,-0.31169408664636816
luxembourg,lux,2003,3.0,,-0.312099894501162
luxembourg,lux,2004,2.0,,-0.3122351637860933
luxembourg,lux,2005,4.0,,-0.3119646252162307
luxembourg,lux,2006,7.0,,-0.31155881736143687
luxembourg,lux,2007,7.0,,-0.31155881736143687
luxembourg,lux,2008,8.0,,-0.3114235480765056
luxembourg,lux,2009,5.0,,-0.31182935593129946
luxembourg,lux,2010,10.0,,-0.311153009506643
luxembourg,lux,2011,4.0,,-0.3119646252162307
luxembourg,lux,2012,0.0,,-0.31250570235595587
luxembourg,lux,2013,1.0,,-0.3123704330710246
luxembourg,lux,2014,4.0,,-0.3119646252162307
luxembourg,lux,2015,5.0,,-0.31182935593129946
luxembourg,lux,2016,5.0,,-0.31182935593129946
luxembourg,lux,2017,2.0,,-0.3122351637860933
luxembourg,lux,2018,3.0,,-0.312099894501162
luxembourg,lux,2019,4.0,,-0.3119646252162307
luxembourg,lux,2020,3.0,,-0.312099894501162
luxembourg,lux,2021,4.0,,-0.3119646252162307
luxembourg,lux,2022,10.0,,-0.311153009506643
luxembourg,lux,2023,,europe,
macao,mac,1991,12.0,,-0.3108824709367804
macao,mac,1992,3.0,,-0.312099894501162
macao,mac,1993,12.0,,-0.3108824709367804
macao,mac,1994,13.0,,-0.3107472016518491
macao,mac,1995,8.0,,-0.3114235480765056
macao,mac,1996,17.0,,-0.310206124512124
macao,mac,1997,30.0,,-0.3084476238080172
macao,mac,1998,24.0,,-0.3092592395176049
macao,mac,1999,37.0,,-0.3075007388134982
macao,mac,2000,10.0,,-0.311153009506643
macao,mac,2001,8.0,,-0.3114235480765056
macao,mac,2002,2.0,,-0.3122351637860933
macao,mac,2003,8.0,,-0.3114235480765056
macao,mac,2004,4.0,,-0.3119646252162307
macao,mac,2005,4.0,,-0.3119646252162307
macao,mac,2006,10.0,,-0.311153009506643
macao,mac,2007,6.0,,-0.31169408664636816
macao,mac,2008,4.0,,-0.3119646252162307
macao,mac,2009,5.0,,-0.31182935593129946
macao,mac,2010,2.0,,-0.3122351637860933
macao,mac,2011,4.0,,-0.3119646252162307
macao,mac,2012,4.0,,-0.3119646252162307
macao,mac,2013,1.0,,-0.3123704330710246
macao,mac,2014,1.0,,-0.3123704330710246
macao,mac,2015,1.0,,-0.3123704330710246
macao,mac,2016,1.0,,-0.3123704330710246
macao,mac,2017,2.0,,-0.3122351637860933
macao,mac,2018,2.0,,-0.3122351637860933
macao,mac,2019,2.0,,-0.3122351637860933
macao,mac,2020,2.0,,-0.3122351637860933
macao,mac,2021,3.0,,-0.312099894501162
macao,mac,2022,2.0,,-0.3122351637860933
macao,mac,2023,4.0,asia,-0.3119646252162307
madagascar,mdg,2023,,africa,
malawi,mwi,2000,700.0,,-0.21781720290405357
malawi,mwi,2001,900.0,,-0.19076334591779576
malawi,mwi,2002,567.0,,-0.235808017799915
malawi,mwi,2003,300.0,,-0.27192491687656917
malawi,mwi,2004,411.0,,-0.25691002624919607
malawi,mwi,2005,200.0,,-0.2854518453696981
malawi,mwi,2006,821.0,,-0.2014496194273676
malawi,mwi,2007,690.0,,-0.21916989575336646
malawi,mwi,2008,780.0,,-0.20699566010955045
malawi,mwi,2009,320.0,,-0.2692195311779434
malawi,mwi,2010,520.0,,-0.24216567419168558
malawi,mwi,2011,343.0,,-0.26610833762452374
malawi,mwi,2012,279.0,,-0.27476557186012623
malawi,mwi,2023,,africa,
malaysia,mys,1990,313.0,,-0.2701664161724624
malaysia,mys,1991,384.0,,-0.2605622969423409
malaysia,mys,1992,366.0,,-0.2629971440711041
malaysia,mys,1993,360.0,,-0.26380875978069185
malaysia,mys,1994,336.0,,-0.26705522261904274
malaysia,mys,1995,396.0,,-0.2589390655231654
malaysia,mys,1996,447.0,,-0.2520403319916697
malaysia,mys,1997,540.0,,-0.2394602884930598
malaysia,mys,1998,629.0,,-0.2274213221341751
malaysia,mys,1999,588.0,,-0.23296736281635794
malaysia,mys,2000,551.0,,-0.23797232635881563
malaysia,mys,2001,517.0,,-0.24257148204647946
malaysia,mys,2002,565.0,,-0.2360785563697776
malaysia,mys,2003,565.0,,-0.2360785563697776
malaysia,mys,2004,497.0,,-0.24527686774510524
malaysia,mys,2005,604.0,,-0.2308030542574573
malaysia,mys,2006,588.0,,-0.23296736281635794
malaysia,mys,2007,652.0,,-0.22431012858075544
malaysia,mys,2008,597.0,,-0.23174993925197634
malaysia,mys,2009,561.0,,-0.23661963350950274
malaysia,mys,2010,540.0,,-0.2394602884930598
malaysia,mys,2011,530.0,,-0.2408129813423727
malaysia,mys,2012,602.0,,-0.2310735928273199
malaysia,mys,2013,627.0,,-0.22769186070403766
malaysia,mys,2014,510.0,,-0.24351836704099847
malaysia,mys,2015,498.0,,-0.24514159846017394
malaysia,mys,2016,456.0,,-0.2508229084272881
malaysia,mys,2017,379.0,,-0.2612386433669973
malaysia,mys,2018,323.0,,-0.2688137233231495
malaysia,mys,2019,310.0,,-0.2705722240272563
malaysia,mys,2020,253.0,,-0.2782825732683398
malaysia,mys,2021,243.0,,-0.27963526611765266
malaysia,mys,2022,240.0,,-0.2800410739724465
malaysia,mys,2023,258.0,asia,-0.2776062268436833
maldives,mdv,1990,1.0,,-0.3123704330710246
maldives,mdv,1995,2.0,,-0.3122351637860933
maldives,mdv,1997,6.0,,-0.31169408664636816
maldives,mdv,2001,7.0,,-0.31155881736143687
maldives,mdv,2002,8.0,,-0.3114235480765056
maldives,mdv,2007,3.0,,-0.312099894501162
maldives,mdv,2008,5.0,,-0.31182935593129946
maldives,mdv,2009,6.0,,-0.31169408664636816
maldives,mdv,2010,6.0,,-0.31169408664636816
maldives,mdv,2011,3.0,,-0.312099894501162
maldives,mdv,2012,10.0,,-0.311153009506643
maldives,mdv,2013,3.0,,-0.312099894501162
maldives,mdv,2015,4.0,,-0.3119646252162307
maldives,mdv,2019,3.0,,-0.312099894501162
maldives,mdv,2023,,asia,
mali,mli,2023,,africa,
malta,mlt,1990,4.0,,-0.3119646252162307
malta,mlt,1991,3.0,,-0.312099894501162
malta,mlt,1992,6.0,,-0.31169408664636816
malta,mlt,1993,7.0,,-0.31155881736143687
malta,mlt,1994,3.0,,-0.312099894501162
malta,mlt,1998,5.0,,-0.31182935593129946
malta,mlt,1999,10.0,,-0.311153009506643
malta,mlt,2000,4.0,,-0.3119646252162307
malta,mlt,2001,6.0,,-0.31169408664636816
malta,mlt,2002,6.0,,-0.31169408664636816
malta,mlt,2004,7.0,,-0.31155881736143687
malta,mlt,2005,4.0,,-0.3119646252162307
malta,mlt,2006,0.0,,-0.31250570235595587
malta,mlt,2007,4.0,,-0.3119646252162307
malta,mlt,2008,6.0,,-0.31169408664636816
malta,mlt,2009,4.0,,-0.3119646252162307
malta,mlt,2010,4.0,,-0.3119646252162307
malta,mlt,2011,3.0,,-0.312099894501162
malta,mlt,2012,12.0,,-0.3108824709367804
malta,mlt,2013,7.0,,-0.31155881736143687
malta,mlt,2014,6.0,,-0.31169408664636816
malta,mlt,2015,4.0,,-0.3119646252162307
malta,mlt,2016,5.0,,-0.31182935593129946
malta,mlt,2017,9.0,,-0.3112882787915743
malta,mlt,2018,8.0,,-0.3114235480765056
malta,mlt,2019,5.0,,-0.31182935593129946
malta,mlt,2020,7.0,,-0.31155881736143687
malta,mlt,2021,2.0,,-0.3122351637860933
malta,mlt,2022,8.0,,-0.3114235480765056
malta,mlt,2023,3.0,europe,-0.312099894501162
marshall islands,mhl,1991,5.0,,-0.31182935593129946
marshall islands,mhl,1992,2.0,,-0.3122351637860933
marshall islands,mhl,1994,2.0,,-0.3122351637860933
marshall islands,mhl,2023,,oceania,
martinique,mtq,2004,19.0,,-0.3099355859422614
martinique,mtq,2005,19.0,,-0.3099355859422614
martinique,mtq,2006,23.0,,-0.3093945088025362
martinique,mtq,2007,23.0,,-0.3093945088025362
martinique,mtq,2008,17.0,,-0.310206124512124
martinique,mtq,2009,11.0,,-0.3110177402217117
martinique,mtq,2023,,north america,
mauritania,mrt,2018,53.0,,-0.30533643025459756
mauritania,mrt,2019,48.0,,-0.30601277667925403
mauritania,mrt,2020,46.0,,-0.30628331524911656
mauritania,mrt,2023,,africa,
mauritius,mus,1990,20.0,,-0.3098003166573301
mauritius,mus,1991,29.0,,-0.3085828930929485
mauritius,mus,1992,31.0,,-0.3083123545230859
mauritius,mus,1993,21.0,,-0.3096650473723988
mauritius,mus,1994,27.0,,-0.3088534316628111
mauritius,mus,1995,25.0,,-0.30912397023267363
mauritius,mus,1996,34.0,,-0.30790654666829204
mauritius,mus,1997,24.0,,-0.3092592395176049
mauritius,mus,1998,31.0,,-0.3083123545230859
mauritius,mus,1999,23.0,,-0.3093945088025362
mauritius,mus,2000,26.0,,-0.3089887009477424
mauritius,mus,2009,38.0,,-0.3073654695285669
mauritius,mus,2010,33.0,,-0.30804181595322333
mauritius,mus,2011,32.0,,-0.3081770852381546
mauritius,mus,2012,28.0,,-0.3087181623778798
mauritius,mus,2013,35.0,,-0.30777127738336074
mauritius,mus,2014,19.0,,-0.3099355859422614
mauritius,mus,2015,21.0,,-0.3096650473723988
mauritius,mus,2016,21.0,,-0.3096650473723988
mauritius,mus,2017,33.0,,-0.30804181595322333
mauritius,mus,2018,37.0,,-0.3075007388134982
mauritius,mus,2019,27.0,,-0.3088534316628111
mauritius,mus,2020,35.0,,-0.30777127738336074
mauritius,mus,2021,34.0,,-0.30790654666829204
mauritius,mus,2022,29.0,,-0.3085828930929485
mauritius,mus,2023,,africa,
mayotte,myt,2007,27.0,,-0.3088534316628111
mayotte,myt,2008,5.0,,-0.31182935593129946
mayotte,myt,2009,12.0,,-0.3108824709367804
mayotte,myt,2023,,africa,
mexico,mex,1990,14493.0,,1.6479520441532158
mexico,mex,1991,15128.0,,1.7338480400845844
mexico,mex,1992,16594.0,,1.932152811793854
mexico,mex,1993,16040.0,,1.85721362794192
mexico,mex,1994,15839.0,,1.8300245016707308
mexico,mex,1995,15612.0,,1.7993183739913283
mexico,mex,1996,14505.0,,1.6495752755723914
mexico,mex,1997,13552.0,,1.520663647032873
mexico,mex,1998,13656.0,,1.5347316526657269
mexico,mex,1999,12249.0,,1.3444077687674032
mexico,mex,2000,10737.0,,1.1398806099512944
mexico,mex,2001,10285.0,,1.0787388931623516
mexico,mex,2002,10088.0,,1.0520908440308878
mexico,mex,2003,10087.0,,1.0519555747459564
mexico,mex,2004,9329.0,,0.9494214567680394
mexico,mex,2005,9921.0,,1.0295008734473625
mexico,mex,2006,10452.0,,1.101328863745877
mexico,mex,2007,8867.0,,0.8869270471297839
mexico,mex,2008,14006.0,,1.5820759023916782
mexico,mex,2009,19803.0,,2.3662319471383606
mexico,mex,2010,25757.0,,3.171625269619255
mexico,mex,2011,27213.0,,3.368577348479212
mexico,mex,2012,25967.0,,3.200031819454826
mexico,mex,2013,23063.0,,2.8072098160143626
mexico,mex,2014,20010.0,,2.3942326891191374
mexico,mex,2015,20762.0,,2.4959551913874667
mexico,mex,2016,24559.0,,3.009572666271571
mexico,mex,2017,32079.0,,4.026797688954864
mexico,mex,2018,36685.0,,4.649848015348381
mexico,mex,2019,36661.0,,4.64660155251003
mexico,mex,2020,36773.0,,4.661751712422334
mexico,mex,2021,35700.0,,4.516607769691062
mexico,mex,2022,33287.0,,4.190202985151862
mexico,mex,2023,32252.0,north america,4.050199275247977
micronesia (country),fsm,2019,1.0,,-0.3123704330710246
micronesia (country),fsm,2023,,oceania,
moldova,mda,1990,290.0,,-0.27327760972588205
moldova,mda,1991,290.0,,-0.27327760972588205
moldova,mda,1992,499.0,,-0.24500632917524265
moldova,mda,1993,387.0,,-0.260156489087547
moldova,mda,1994,401.0,,-0.258262719098509
moldova,mda,1995,402.0,,-0.2581274498135777
moldova,mda,1996,400.0,,-0.25839798838344025
moldova,mda,1997,414.0,,-0.25650421839440224
moldova,mda,1998,375.0,,-0.2617797205067225
moldova,mda,1999,391.0,,-0.2596154119478219
moldova,mda,2000,433.0,,-0.25393410198070776
moldova,mda,2001,411.0,,-0.25691002624919607
moldova,mda,2002,401.0,,-0.258262719098509
moldova,mda,2003,319.0,,-0.2693548004628747
moldova,mda,2004,277.0,,-0.2750361104299888
moldova,mda,2005,296.0,,-0.27246599401629434
moldova,mda,2006,262.0,,-0.2770651497039582
moldova,mda,2007,217.0,,-0.28315226752586614
moldova,mda,2008,236.0,,-0.28058215111217166
moldova,mda,2009,246.0,,-0.2792294582628588
moldova,mda,2010,265.0,,-0.2766593418491643
moldova,mda,2011,216.0,,-0.28328753681079744
moldova,mda,2012,229.0,,-0.28152903610669067
moldova,mda,2013,229.0,,-0.28152903610669067
moldova,mda,2014,161.0,,-0.29072734748201834
moldova,mda,2015,189.0,,-0.28693980750394227
moldova,mda,2016,200.0,,-0.2854518453696981
moldova,mda,2017,141.0,,-0.2934327331806441
moldova,mda,2018,166.0,,-0.2900510010573619
moldova,mda,2019,121.0,,-0.2961381188792699
moldova,mda,2020,93.0,,-0.299925658857346
moldova,mda,2021,66.0,,-0.3035779295504908
moldova,mda,2022,75.0,,-0.3023605059861092
moldova,mda,2023,78.0,europe,-0.3019546981313153
monaco,mco,2001,1.0,,-0.3123704330710246
monaco,mco,2007,0.0,,-0.31250570235595587
monaco,mco,2008,0.0,,-0.31250570235595587
monaco,mco,2023,,europe,
mongolia,mng,2003,343.0,,-0.26610833762452374
mongolia,mng,2004,333.0,,-0.2674610304738366
mongolia,mng,2005,398.0,,-0.25866852695330284
mongolia,mng,2006,336.0,,-0.26705522261904274
mongolia,mng,2007,295.0,,-0.27260126330122564
mongolia,mng,2008,212.0,,-0.2838286139505226
mongolia,mng,2009,219.0,,-0.2828817289560036
mongolia,mng,2010,239.0,,-0.2801763432573778
mongolia,mng,2011,266.0,,-0.276524072564233
mongolia,mng,2012,199.0,,-0.2855871146546294
mongolia,mng,2013,208.0,,-0.2843696910902478
mongolia,mng,2014,213.0,,-0.2836933446655913
mongolia,mng,2015,214.0,,-0.28355807538066
mongolia,mng,2016,184.0,,-0.2876161539285987
mongolia,mng,2017,191.0,,-0.2866692689340797
mongolia,mng,2018,196.0,,-0.2859929225094232
mongolia,mng,2019,205.0,,-0.2847754989450416
mongolia,mng,2020,205.0,,-0.2847754989450416
mongolia,mng,2021,206.0,,-0.2846402296601103
mongolia,mng,2022,202.0,,-0.2851813067998355
mongolia,mng,2023,203.0,asia,-0.2850460375149042
mongolia,mng,2024,196.0,,-0.2859929225094232
montenegro,mne,2002,27.0,,-0.3088534316628111
montenegro,mne,2007,12.0,,-0.3108824709367804
montenegro,mne,2008,24.0,,-0.3092592395176049
montenegro,mne,2009,21.0,,-0.3096650473723988
montenegro,mne,2010,15.0,,-0.3104766630819865
montenegro,mne,2011,21.0,,-0.3096650473723988
montenegro,mne,2012,17.0,,-0.310206124512124
montenegro,mne,2013,10.0,,-0.311153009506643
montenegro,mne,2014,20.0,,-0.3098003166573301
montenegro,mne,2015,17.0,,-0.310206124512124
montenegro,mne,2016,28.0,,-0.3087181623778798
montenegro,mne,2017,15.0,,-0.3104766630819865
montenegro,mne,2018,14.0,,-0.3106119323669178
montenegro,mne,2019,23.0,,-0.3093945088025362
montenegro,mne,2020,18.0,,-0.3100708552271927
montenegro,mne,2021,15.0,,-0.3104766630819865
montenegro,mne,2022,16.0,,-0.3103413937970553
montenegro,mne,2023,5.0,europe,-0.31182935593129946
montserrat,msr,1990,0.0,,-0.31250570235595587
montserrat,msr,1991,0.0,,-0.31250570235595587
montserrat,msr,1992,2.0,,-0.3122351637860933
montserrat,msr,1993,0.0,,-0.31250570235595587
montserrat,msr,1994,1.0,,-0.3123704330710246
montserrat,msr,1995,0.0,,-0.31250570235595587
montserrat,msr,1996,1.0,,-0.3123704330710246
montserrat,msr,1997,0.0,,-0.31250570235595587
montserrat,msr,1998,1.0,,-0.3123704330710246
montserrat,msr,1999,0.0,,-0.31250570235595587
montserrat,msr,2000,0.0,,-0.31250570235595587
montserrat,msr,2001,0.0,,-0.31250570235595587
montserrat,msr,2002,0.0,,-0.31250570235595587
montserrat,msr,2003,0.0,,-0.31250570235595587
montserrat,msr,2004,0.0,,-0.31250570235595587
montserrat,msr,2005,1.0,,-0.3123704330710246
montserrat,msr,2006,1.0,,-0.3123704330710246
montserrat,msr,2008,1.0,,-0.3123704330710246
montserrat,msr,2012,1.0,,-0.3123704330710246
montserrat,msr,2017,0.0,,-0.31250570235595587
montserrat,msr,2018,0.0,,-0.31250570235595587
montserrat,msr,2023,,north america,
morocco,mar,1990,89.0,,-0.30046673599707113
morocco,mar,1991,124.0,,-0.29573231102447606
morocco,mar,1992,132.0,,-0.2946501567450257
morocco,mar,1993,148.0,,-0.2924858481861251
morocco,mar,1994,184.0,,-0.2876161539285987
morocco,mar,1997,732.0,,-0.21348858578625232
morocco,mar,1998,556.0,,-0.23729597993415918
morocco,mar,1999,540.0,,-0.2394602884930598
morocco,mar,2000,461.0,,-0.25014656200263163
morocco,mar,2001,543.0,,-0.23905448063826595
morocco,mar,2002,462.0,,-0.25001129271770034
morocco,mar,2003,510.0,,-0.24351836704099847
morocco,mar,2004,470.0,,-0.24892913843825004
morocco,mar,2005,469.0,,-0.24906440772318134
morocco,mar,2006,498.0,,-0.24514159846017394
morocco,mar,2007,517.0,,-0.24257148204647946
morocco,mar,2008,426.0,,-0.25488098697522676
morocco,mar,2009,432.0,,-0.254069371265639
morocco,mar,2010,451.0,,-0.2514992548519445
morocco,mar,2011,441.0,,-0.2528519477012574
morocco,mar,2012,383.0,,-0.2606975662272722
morocco,mar,2013,429.0,,-0.2544751791204329
morocco,mar,2014,355.0,,-0.26448510620534826
morocco,mar,2015,431.0,,-0.2542046405505703
morocco,mar,2016,594.0,,-0.2321557471067702
morocco,mar,2017,761.0,,-0.20956577652324493
morocco,mar,2018,510.0,,-0.24351836704099847
morocco,mar,2019,1004.0,,-0.17669534028494172
morocco,mar,2020,1073.0,,-0.16736175962468278
morocco,mar,2021,716.0,,-0.21565289434515295
morocco,mar,2022,618.0,,-0.22890928426841928
morocco,mar,2023,643.0,africa,-0.22552755214513703
morocco,mar,2024,635.0,,-0.22660970642458736
mozambique,moz,2001,1100.0,,-0.16370948893153797
mozambique,moz,2002,1040.0,,-0.1718256460274153
mozambique,moz,2003,1044.0,,-0.17128456888769014
mozambique,moz,2004,1130.0,,-0.15965141038359928
mozambique,moz,2005,1089.0,,-0.16519745106578215
mozambique,moz,2006,894.0,,-0.1915749616273835
mozambique,moz,2007,849.0,,-0.1976620794492915
mozambique,moz,2008,995.0,,-0.1779127638493233
mozambique,moz,2009,823.0,,-0.20117908085750502
mozambique,moz,2010,875.0,,-0.194145078041078
mozambique,moz,2011,849.0,,-0.1976620794492915
mozambique,moz,2023,,africa,
myanmar,mmr,1990,2046.0,,-0.03574474538653856
myanmar,mmr,1995,1613.0,,-0.0943163457617867
myanmar,mmr,2000,1041.0,,-0.17169037674248402
myanmar,mmr,2001,916.0,,-0.18859903735889513
myanmar,mmr,2002,814.0,,-0.2023965044218866
myanmar,mmr,2003,764.0,,-0.20915996866845107
myanmar,mmr,2004,743.0,,-0.21200062365200814
myanmar,mmr,2005,676.0,,-0.2210636657424045
myanmar,mmr,2006,777.0,,-0.2074014679643443
myanmar,mmr,2007,749.0,,-0.2111890079424204
myanmar,mmr,2008,791.0,,-0.20550769797530627
myanmar,mmr,2009,879.0,,-0.19360400090135282
myanmar,mmr,2010,801.0,,-0.20415500512599338
myanmar,mmr,2011,1055.0,,-0.16979660675344596
myanmar,mmr,2012,1436.0,,-0.11825900919462486
myanmar,mmr,2013,1238.0,,-0.14504232761102007
myanmar,mmr,2014,1230.0,,-0.1461244818904704
myanmar,mmr,2015,1302.0,,-0.13638509337541757
myanmar,mmr,2016,1339.0,,-0.13138012983295988
myanmar,mmr,2017,1392.0,,-0.12421085773160158
myanmar,mmr,2018,1452.0,,-0.11609470063572423
myanmar,mmr,2019,1519.0,,-0.10703165854532787
myanmar,mmr,2020,1571.0,,-0.09999765572890083
myanmar,mmr,2021,15299.0,,1.7569790878078348
myanmar,mmr,2022,2098.0,,-0.02871074257011153
myanmar,mmr,2023,1394.0,asia,-0.12394031916173899
namibia,nam,1995,373.0,,-0.2620502590765851
namibia,nam,1996,353.0,,-0.26475564477521085
namibia,nam,1997,327.0,,-0.2682726461834244
namibia,nam,1998,407.0,,-0.25745110338892124
namibia,nam,1999,379.0,,-0.2612386433669973
namibia,nam,2000,380.0,,-0.2611033740820661
namibia,nam,2001,353.0,,-0.26475564477521085
namibia,nam,2002,346.0,,-0.26570252976972986
namibia,nam,2004,352.0,,-0.26489091406014215
namibia,nam,2008,354.0,,-0.26462037549027956
namibia,nam,2009,388.0,,-0.2600212198026157
namibia,nam,2010,314.0,,-0.2700311468875311
namibia,nam,2011,308.0,,-0.27084276259711887
namibia,nam,2012,388.0,,-0.2600212198026157
namibia,nam,2018,476.0,,-0.2481175227286623
namibia,nam,2019,319.0,,-0.2693548004628747
namibia,nam,2020,303.0,,-0.2715191090217753
namibia,nam,2021,315.0,,-0.26989587760259987
namibia,nam,2023,,africa,
nauru,nru,2023,,oceania,
nepal,npl,1990,354.0,,-0.26462037549027956
nepal,npl,1997,575.0,,-0.2347258635204647
nepal,npl,1998,650.0,,-0.22458066715061803
nepal,npl,1999,630.0,,-0.2272860528492438
nepal,npl,2000,635.0,,-0.22660970642458736
nepal,npl,2001,848.0,,-0.1977973487342228
nepal,npl,2002,858.0,,-0.1964446558849099
nepal,npl,2003,757.0,,-0.2101068536629701
nepal,npl,2004,936.0,,-0.18589365166026936
nepal,npl,2005,878.0,,-0.19373927018628412
nepal,npl,2006,610.0,,-0.22999143854786958
nepal,npl,2007,841.0,,-0.1987442337287418
nepal,npl,2008,892.0,,-0.19184550019724608
nepal,npl,2009,806.0,,-0.20347865870133694
nepal,npl,2010,813.0,,-0.2025317737068179
nepal,npl,2011,679.0,,-0.22065785788761064
nepal,npl,2012,642.0,,-0.22566282143006833
nepal,npl,2013,606.0,,-0.23053251568759472
nepal,npl,2014,558.0,,-0.2370254413642966
nepal,npl,2015,598.0,,-0.23161466996704505
nepal,npl,2016,617.0,,-0.22904455355335054
nepal,npl,2017,630.0,,-0.2272860528492438
nepal,npl,2018,659.0,,-0.2233632435862364
nepal,npl,2019,555.0,,-0.23743124921909048
nepal,npl,2020,617.0,,-0.22904455355335054
nepal,npl,2023,,asia,
netherlands,nld,1990,135.0,,-0.2942443488902319
netherlands,nld,1991,177.0,,-0.28856303892311774
netherlands,nld,1992,193.0,,-0.2863987303642171
netherlands,nld,1993,192.0,,-0.2865339996491484
netherlands,nld,1994,171.0,,-0.28937465463270545
netherlands,nld,1995,193.0,,-0.2863987303642171
netherlands,nld,1996,211.0,,-0.2839638832354539
netherlands,nld,1997,208.0,,-0.2843696910902478
netherlands,nld,1998,176.0,,-0.28869830820804904
netherlands,nld,1999,203.0,,-0.2850460375149042
netherlands,nld,2000,180.0,,-0.28815723106832386
netherlands,nld,2001,202.0,,-0.2851813067998355
netherlands,nld,2002,195.0,,-0.2861281917943545
netherlands,nld,2003,202.0,,-0.2851813067998355
netherlands,nld,2004,191.0,,-0.2866692689340797
netherlands,nld,2005,174.0,,-0.28896884677791157
netherlands,nld,2006,128.0,,-0.2951912338847509
netherlands,nld,2007,143.0,,-0.2931621946107815
netherlands,nld,2008,150.0,,-0.2922153096162625
netherlands,nld,2009,154.0,,-0.29167423247653734
netherlands,nld,2010,144.0,,-0.2930269253258503
netherlands,nld,2011,143.0,,-0.2931621946107815
netherlands,nld,2012,145.0,,-0.292891656040919
netherlands,nld,2013,125.0,,-0.29559704173954476
netherlands,nld,2014,123.0,,-0.29586758030940735
netherlands,nld,2015,104.0,,-0.29843769672310183
netherlands,nld,2016,94.0,,-0.2997903895724147
netherlands,nld,2017,132.0,,-0.2946501567450257
netherlands,nld,2018,100.0,,-0.29897877386282695
netherlands,nld,2019,125.0,,-0.29559704173954476
netherlands,nld,2020,121.0,,-0.2961381188792699
netherlands,nld,2021,126.0,,-0.29546177245461347
netherlands,nld,2022,143.0,,-0.2931621946107815
netherlands,nld,2023,125.0,europe,-0.29559704173954476
netherlands antilles,ant,2023,,north america,
new caledonia,ncl,2006,8.0,,-0.3114235480765056
new caledonia,ncl,2007,12.0,,-0.3108824709367804
new caledonia,ncl,2008,11.0,,-0.3110177402217117
new caledonia,ncl,2009,8.0,,-0.3114235480765056
new caledonia,ncl,2023,,oceania,
new zealand,nzl,1990,63.35,,-0.3039363931555587
new zealand,nzl,1991,53.6,,-0.3052552686836388
new zealand,nzl,1992,66.6,,-0.30349676797953207
new zealand,nzl,1993,41.42,,-0.3069028485741019
new zealand,nzl,1994,56.85,,-0.3048156435076121
new zealand,nzl,1995,39.0,,-0.3072302002436356
new zealand,nzl,1996,48.0,,-0.30601277667925403
new zealand,nzl,1997,60.0,,-0.30438954526007855
new zealand,nzl,1998,49.0,,-0.30587750739432273
new zealand,nzl,1999,45.0,,-0.30641858453404786
new zealand,nzl,2000,52.0,,-0.30547169953952885
new zealand,nzl,2001,51.0,,-0.30560696882446015
new zealand,nzl,2002,60.0,,-0.30438954526007855
new zealand,nzl,2003,44.0,,-0.30655385381897915
new zealand,nzl,2004,45.0,,-0.30641858453404786
new zealand,nzl,2005,61.0,,-0.30425427597514726
new zealand,nzl,2006,49.0,,-0.30587750739432273
new zealand,nzl,2007,48.0,,-0.30601277667925403
new zealand,nzl,2008,51.0,,-0.30560696882446015
new zealand,nzl,2009,67.0,,-0.3034426602655595
new zealand,nzl,2010,43.0,,-0.30668912310391044
new zealand,nzl,2011,39.0,,-0.3072302002436356
new zealand,nzl,2012,41.0,,-0.30695966167377303
new zealand,nzl,2013,46.0,,-0.30628331524911656
new zealand,nzl,2014,43.0,,-0.30668912310391044
new zealand,nzl,2015,48.0,,-0.30601277667925403
new zealand,nzl,2016,50.0,,-0.30574223810939144
new zealand,nzl,2017,35.0,,-0.30777127738336074
new zealand,nzl,2018,55.0,,-0.30506589168473497
new zealand,nzl,2019,114.0,,-0.29708500387378894
new zealand,nzl,2020,52.0,,-0.30547169953952885
new zealand,nzl,2021,59.0,,-0.30452481454500985
new zealand,nzl,2022,75.0,,-0.3023605059861092
new zealand,nzl,2023,,oceania,
nicaragua,nic,1990,672.0,,-0.22160474288212967
nicaragua,nic,1991,732.0,,-0.21348858578625232
nicaragua,nic,1992,826.0,,-0.20077327300271114
nicaragua,nic,1993,762.0,,-0.20943050723831366
nicaragua,nic,1994,725.0,,-0.21443547078077135
nicaragua,nic,1995,707.0,,-0.21687031790953454
nicaragua,nic,1996,662.0,,-0.22295743573144255
nicaragua,nic,1997,679.0,,-0.22065785788761064
nicaragua,nic,1998,639.0,,-0.2260686292848622
nicaragua,nic,1999,561.0,,-0.23661963350950274
nicaragua,nic,2000,476.0,,-0.2481175227286623
nicaragua,nic,2001,537.0,,-0.23986609634785366
nicaragua,nic,2002,554.0,,-0.23756651850402177
nicaragua,nic,2003,635.0,,-0.22660970642458736
nicaragua,nic,2004,646.0,,-0.22512174429034318
nicaragua,nic,2005,729.0,,-0.21389439364104618
nicaragua,nic,2006,722.0,,-0.2148412786355652
nicaragua,nic,2007,714.0,,-0.21592343291501553
nicaragua,nic,2008,736.0,,-0.21294750864652717
nicaragua,nic,2009,802.0,,-0.2040197358410621
nicaragua,nic,2010,785.0,,-0.206319313684894
nicaragua,nic,2011,738.0,,-0.21267697007666458
nicaragua,nic,2012,673.0,,-0.22146947359719837
nicaragua,nic,2013,594.0,,-0.2321557471067702
nicaragua,nic,2014,525.0,,-0.24148932776702914
nicaragua,nic,2015,524.0,,-0.24162459705196043
nicaragua,nic,2016,453.0,,-0.25122871628208193
nicaragua,nic,2017,431.0,,-0.2542046405505703
nicaragua,nic,2018,682.0,,-0.22025205003281678
nicaragua,nic,2019,515.0,,-0.24284202061634202
nicaragua,nic,2021,754.0,,-0.21051266151776396
nicaragua,nic,2023,,north america,
niger,ner,2011,831.0,,-0.2000969265780547
niger,ner,2012,788.0,,-0.20591350583010012
niger,ner,2023,,africa,
nigeria,nga,2016,63400.0,,8.263566962287767
nigeria,nga,2019,44200.0,,5.666396691607018
nigeria,nga,2023,35884.0,africa,4.541497318118418
niue,niu,2023,,oceania,
norfolk island,nfk,2023,,oceania,
north korea,prk,2023,,asia,
north macedonia,mkd,1998,48.0,,-0.30601277667925403
north macedonia,mkd,1999,38.0,,-0.3073654695285669
north macedonia,mkd,2000,47.0,,-0.30614804596418527
north macedonia,mkd,2001,55.0,,-0.30506589168473497
north macedonia,mkd,2002,60.0,,-0.30438954526007855
north macedonia,mkd,2003,70.0,,-0.30303685241076567
north macedonia,mkd,2004,49.0,,-0.30587750739432273
north macedonia,mkd,2006,46.0,,-0.30628331524911656
north macedonia,mkd,2007,42.0,,-0.30682439238884174
north macedonia,mkd,2008,35.0,,-0.30777127738336074
north macedonia,mkd,2009,35.0,,-0.30777127738336074
north macedonia,mkd,2010,43.0,,-0.30668912310391044
north macedonia,mkd,2011,30.0,,-0.3084476238080172
north macedonia,mkd,2012,29.0,,-0.3085828930929485
north macedonia,mkd,2013,22.0,,-0.3095297780874675
north macedonia,mkd,2014,35.0,,-0.30777127738336074
north macedonia,mkd,2015,25.0,,-0.30912397023267363
north macedonia,mkd,2016,19.0,,-0.3099355859422614
north macedonia,mkd,2017,31.0,,-0.3083123545230859
north macedonia,mkd,2018,25.0,,-0.30912397023267363
north macedonia,mkd,2019,23.0,,-0.3093945088025362
north macedonia,mkd,2020,11.0,,-0.3110177402217117
north macedonia,mkd,2021,14.0,,-0.3106119323669178
north macedonia,mkd,2022,18.0,,-0.3100708552271927
north macedonia,mkd,2023,28.0,europe,-0.3087181623778798
northern mariana islands,mnp,2023,,oceania,
norway,nor,1990,47.0,,-0.30614804596418527
norway,nor,1991,50.0,,-0.30574223810939144
norway,nor,1992,46.0,,-0.30628331524911656
norway,nor,1993,38.0,,-0.3073654695285669
norway,nor,1994,33.0,,-0.30804181595322333
norway,nor,1995,42.0,,-0.30682439238884174
norway,nor,1996,43.0,,-0.30668912310391044
norway,nor,1997,38.0,,-0.3073654695285669
norway,nor,1998,38.0,,-0.3073654695285669
norway,nor,1999,33.0,,-0.30804181595322333
norway,nor,2000,48.0,,-0.30601277667925403
norway,nor,2001,37.0,,-0.3075007388134982
norway,nor,2002,46.0,,-0.30628331524911656
norway,nor,2004,36.0,,-0.30763600809842945
norway,nor,2005,33.0,,-0.30804181595322333
norway,nor,2006,33.0,,-0.30804181595322333
norway,nor,2007,30.0,,-0.3084476238080172
norway,nor,2008,34.0,,-0.30790654666829204
norway,nor,2009,29.0,,-0.3085828930929485
norway,nor,2010,29.0,,-0.3085828930929485
norway,nor,2011,111.0,,-0.29749081172858277
norway,nor,2012,27.0,,-0.3088534316628111
norway,nor,2013,46.0,,-0.30628331524911656
norway,nor,2014,29.0,,-0.3085828930929485
norway,nor,2015,24.0,,-0.3092592395176049
norway,nor,2016,27.0,,-0.3088534316628111
norway,nor,2017,28.0,,-0.3087181623778798
norway,nor,2018,25.0,,-0.30912397023267363
norway,nor,2019,28.0,,-0.3087181623778798
norway,nor,2020,31.0,,-0.3083123545230859
norway,nor,2021,29.0,,-0.3085828930929485
norway,nor,2022,30.0,,-0.3084476238080172
norway,nor,2023,40.0,europe,-0.3070949309587043
oman,omn,2002,28.0,,-0.3087181623778798
oman,omn,2003,35.0,,-0.30777127738336074
oman,omn,2004,42.0,,-0.30682439238884174
oman,omn,2005,53.0,,-0.30533643025459756
oman,omn,2006,121.0,,-0.2961381188792699
oman,omn,2007,37.0,,-0.3075007388134982
oman,omn,2008,47.0,,-0.30614804596418527
oman,omn,2009,37.0,,-0.3075007388134982
oman,omn,2010,48.0,,-0.30601277667925403
oman,omn,2011,34.0,,-0.30790654666829204
oman,omn,2012,39.0,,-0.3072302002436356
oman,omn,2013,97.0,,-0.29938458171762083
oman,omn,2014,12.0,,-0.3108824709367804
oman,omn,2015,16.0,,-0.3103413937970553
oman,omn,2016,16.0,,-0.3103413937970553
oman,omn,2017,17.0,,-0.310206124512124
oman,omn,2018,13.0,,-0.3107472016518491
oman,omn,2019,23.0,,-0.3093945088025362
oman,omn,2020,14.0,,-0.3106119323669178
oman,omn,2021,11.0,,-0.3110177402217117
oman,omn,2022,12.0,,-0.3108824709367804
oman,omn,2023,7.0,asia,-0.31155881736143687
pakistan,pak,1990,8209.0,,0.7979198576449957
pakistan,pak,1996,9062.0,,0.9133045576913852
pakistan,pak,1997,9304.0,,0.9460397246447572
pakistan,pak,1998,10246.0,,1.0734633910500313
pakistan,pak,1999,9332.0,,0.9498272646228333
pakistan,pak,2000,8906.0,,0.8922025492421041
pakistan,pak,2001,9593.0,,0.9851325479898997
pakistan,pak,2002,9466.0,,0.9679533488036259
pakistan,pak,2003,9346.0,,0.9517210346118713
pakistan,pak,2004,9614.0,,0.9879732029734567
pakistan,pak,2005,9782.0,,1.0106984428419132
pakistan,pak,2006,10048.0,,1.0466800726336363
pakistan,pak,2007,10556.0,,1.115396869378731
pakistan,pak,2008,12059.0,,1.3187066046304583
pakistan,pak,2009,12491.0,,1.3771429357207752
pakistan,pak,2010,13190.0,,1.4716961658877463
pakistan,pak,2011,13860.0,,1.56232658679171
pakistan,pak,2012,13846.0,,1.5604328168026718
pakistan,pak,2013,13937.0,,1.5727423217314191
pakistan,pak,2014,13276.0,,1.483329324391837
pakistan,pak,2015,9486.0,,0.9706587345022517
pakistan,pak,2016,8516.0,,0.8394475281189014
pakistan,pak,2017,8235.0,,0.8014368590532092
pakistan,pak,2018,8241.0,,0.8022484747627969
pakistan,pak,2019,8014.0,,0.7715423470833943
pakistan,pak,2020,8350.0,,0.8169928268203074
pakistan,pak,2021,9068.0,,0.914116173400973
pakistan,pak,2022,9937.0,,1.031665182006263
pakistan,pak,2023,10729.0,asia,1.138798455671844
palau,plw,2015,3.0,,-0.312099894501162
palau,plw,2016,0.0,,-0.31250570235595587
palau,plw,2017,0.0,,-0.31250570235595587
palau,plw,2018,2.0,,-0.3122351637860933
palau,plw,2023,,oceania,
palestine,pse,1995,31.0,,-0.3083123545230859
palestine,pse,1996,120.0,,-0.2962733881642012
palestine,pse,1997,45.0,,-0.30641858453404786
palestine,pse,1998,45.0,,-0.30641858453404786
palestine,pse,1999,54.0,,-0.30520116096966626
palestine,pse,2000,42.0,,-0.30682439238884174
palestine,pse,2001,56.0,,-0.3049306223998037
palestine,pse,2002,85.0,,-0.3010078131367963
palestine,pse,2004,96.0,,-0.29951985100255213
palestine,pse,2005,83.0,,-0.3012783517066589
palestine,pse,2008,47.0,,-0.30614804596418527
palestine,pse,2009,44.0,,-0.30655385381897915
palestine,pse,2010,39.0,,-0.3072302002436356
palestine,pse,2011,30.0,,-0.3084476238080172
palestine,pse,2012,24.0,,-0.3092592395176049
palestine,pse,2013,24.0,,-0.3092592395176049
palestine,pse,2014,24.0,,-0.3092592395176049
palestine,pse,2015,30.0,,-0.3084476238080172
palestine,pse,2016,19.0,,-0.3099355859422614
palestine,pse,2017,24.0,,-0.3092592395176049
palestine,pse,2018,17.0,,-0.310206124512124
palestine,pse,2019,16.0,,-0.3103413937970553
palestine,pse,2020,18.0,,-0.3100708552271927
palestine,pse,2021,34.0,,-0.30790654666829204
palestine,pse,2022,33.0,,-0.30804181595322333
palestine,pse,2023,,asia,
panama,pan,1990,278.0,,-0.27490084114505753
panama,pan,1991,294.0,,-0.27273653258615693
panama,pan,1992,311.0,,-0.270436954742325
panama,pan,1993,308.0,,-0.27084276259711887
panama,pan,1994,323.0,,-0.2688137233231495
panama,pan,1995,377.0,,-0.2615091819368599
panama,pan,1996,248.0,,-0.2789589196929962
panama,pan,1997,315.0,,-0.26989587760259987
panama,pan,1998,281.0,,-0.27449503329026365
panama,pan,1999,285.0,,-0.2739539561505385
panama,pan,2000,299.0,,-0.27206018616150046
panama,pan,2001,306.0,,-0.27111330116698146
panama,pan,2002,376.0,,-0.2616444512217912
panama,pan,2003,337.0,,-0.2669199533341115
panama,pan,2004,308.0,,-0.27084276259711887
panama,pan,2005,364.0,,-0.26326768264096667
panama,pan,2006,221.0,,-0.282611190386141
panama,pan,2007,279.0,,-0.27476557186012623
panama,pan,2008,493.0,,-0.24581794488483039
panama,pan,2009,562.0,,-0.23648436422457145
panama,pan,2010,460.0,,-0.25028183128756293
panama,pan,2011,549.0,,-0.23824286492867822
panama,pan,2012,637.0,,-0.22633916785472477
panama,pan,2013,663.0,,-0.22282216644651126
panama,pan,2014,604.0,,-0.2308030542574573
panama,pan,2015,471.0,,-0.24879386915331875
panama,pan,2016,405.0,,-0.25772164195878383
panama,pan,2017,378.0,,-0.2613739126519286
panama,pan,2018,401.0,,-0.258262719098509
panama,pan,2019,480.0,,-0.24757644558893716
panama,pan,2020,500.0,,-0.24487105989031138
panama,pan,2021,550.0,,-0.23810759564374692
panama,pan,2022,499.0,,-0.24500632917524265
panama,pan,2023,556.0,north america,-0.23729597993415918
papua new guinea,png,1998,502.0,,-0.2446005213204488
papua new guinea,png,1999,450.0,,-0.2516345241368758
papua new guinea,png,2000,465.0,,-0.24960548486290648
papua new guinea,png,2001,436.0,,-0.2535282941259139
papua new guinea,png,2002,470.0,,-0.24892913843825004
papua new guinea,png,2003,609.0,,-0.23012670783280087
papua new guinea,png,2005,603.0,,-0.2309383235423886
papua new guinea,png,2006,610.0,,-0.22999143854786958
papua new guinea,png,2007,520.0,,-0.24216567419168558
papua new guinea,png,2008,603.0,,-0.2309383235423886
papua new guinea,png,2009,697.0,,-0.21822301075884742
papua new guinea,png,2010,713.0,,-0.2160587021999468
papua new guinea,png,2023,,oceania,
paraguay,pry,2000,995.0,,-0.1779127638493233
paraguay,pry,2001,1314.0,,-0.13476186195624212
paraguay,pry,2002,1372.0,,-0.12691624343022737
paraguay,pry,2003,1285.0,,-0.1386846712192495
paraguay,pry,2004,1209.0,,-0.14896513687402746
paraguay,pry,2005,887.0,,-0.19252184662190253
paraguay,pry,2006,742.0,,-0.21213589293693944
paraguay,pry,2007,783.0,,-0.20658985225475657
paraguay,pry,2008,833.0,,-0.19982638800819214
paraguay,pry,2009,821.0,,-0.2014496194273676
paraguay,pry,2010,741.0,,-0.21227116222187073
paraguay,pry,2011,657.0,,-0.223633782156099
paraguay,pry,2012,649.0,,-0.2247159364355493
paraguay,pry,2013,604.0,,-0.2308030542574573
paraguay,pry,2014,578.0,,-0.23432005566567082
paraguay,pry,2015,617.0,,-0.22904455355335054
paraguay,pry,2016,669.0,,-0.22201055073692352
paraguay,pry,2017,541.0,,-0.23932501920812851
paraguay,pry,2018,497.0,,-0.24527686774510524
paraguay,pry,2019,554.0,,-0.23756651850402177
paraguay,pry,2020,481.0,,-0.24744117630400586
paraguay,pry,2021,525.0,,-0.24148932776702914
paraguay,pry,2022,472.0,,-0.24865859986838745
paraguay,pry,2023,464.0,south america,-0.24974075414783778
peru,per,2011,1617.0,,-0.09377526862206155
peru,per,2012,1968.0,,-0.046295749611179104
peru,per,2013,2013.0,,-0.040208631789271095
peru,per,2014,2076.0,,-0.031686666838599886
peru,per,2015,2247.0,,-0.008555619115349467
peru,per,2016,2435.0,,0.016875006451732868
peru,per,2017,2487.0,,0.023909009268159895
peru,per,2018,2452.0,,0.01917458429556478
peru,per,2019,2385.0,,0.010111542205168416
peru,per,2020,1903.0,,-0.05508825313171289
peru,per,2021,2853.0,,0.07341756755301167
peru,per,2023,,south america,
philippines,phl,1990,9281.0,,0.9429285310913375
philippines,phl,1991,8707.0,,0.8652839615407776
philippines,phl,1992,8293.0,,0.809282477579224
philippines,phl,1993,7758.0,,0.7369134101409843
philippines,phl,1994,6446.0,,0.5594401083111331
philippines,phl,1998,5913.0,,0.487341579442756
philippines,phl,1999,5703.0,,0.45893502960718535
philippines,phl,2000,5735.0,,0.4632636467249866
philippines,phl,2001,5852.0,,0.4790901530619474
philippines,phl,2002,6553.0,,0.5739139217987811
philippines,phl,2007,5962.0,,0.4939697744043892
philippines,phl,2008,5820.0,,0.47476153594414616
philippines,phl,2009,9088.0,,0.9168215590995987
philippines,phl,2010,8645.0,,0.8568972658750377
philippines,phl,2011,8489.0,,0.8357952574257566
philippines,phl,2012,8484.0,,0.8351189110011001
philippines,phl,2016,11155.0,,1.196423171052573
philippines,phl,2017,8268.0,,0.8059007454559417
philippines,phl,2018,5651.0,,0.45190102679075833
philippines,phl,2019,4764.0,,0.331917171056705
philippines,phl,2023,4995.0,asia,0.3631643758758327
pitcairn,pcn,2023,,oceania,
poland,pol,1990,679.0,,-0.22065785788761064
poland,pol,1991,849.0,,-0.1976620794492915
poland,pol,1992,857.0,,-0.19657992516984119
poland,pol,1993,905.0,,-0.1900869994931393
poland,pol,1994,917.0,,-0.18846376807396384
poland,pol,1995,853.0,,-0.19712100230956636
poland,pol,1996,873.0,,-0.19441561661094056
poland,pol,1997,807.0,,-0.20334338941640565
poland,pol,1998,759.0,,-0.20983631509310752
poland,pol,1999,741.0,,-0.21227116222187073
poland,pol,2000,855.0,,-0.19685046373970377
poland,pol,2001,776.0,,-0.2075367372492756
poland,pol,2002,716.0,,-0.21565289434515295
poland,pol,2008,326.0,,-0.2684079154683557
poland,pol,2009,387.0,,-0.260156489087547
poland,pol,2010,384.0,,-0.2605622969423409
poland,pol,2011,422.0,,-0.25542206411495194
poland,pol,2012,409.0,,-0.25718056481905865
poland,pol,2013,305.0,,-0.27124857045191275
poland,pol,2014,287.0,,-0.27368341758067594
poland,pol,2015,298.0,,-0.27219545544643176
poland,pol,2016,260.0,,-0.2773356882738207
poland,pol,2017,287.0,,-0.27368341758067594
poland,pol,2018,273.0,,-0.275577187569714
poland,pol,2019,253.0,,-0.2782825732683398
poland,pol,2020,266.0,,-0.276524072564233
poland,pol,2021,273.0,,-0.275577187569714
poland,pol,2022,270.0,,-0.2759829954245078
poland,pol,2023,311.0,europe,-0.270436954742325
portugal,prt,1990,154.87,,-0.2915565481986472
portugal,prt,1991,152.05,,-0.2919380075821534
portugal,prt,1992,142.67,,-0.29320683347480886
portugal,prt,1993,139.85,,-0.2935882928583151
portugal,prt,1994,143.0,,-0.2931621946107815
portugal,prt,1995,109.0,,-0.29776135029844536
portugal,prt,1996,106.0,,-0.29816715815323924
portugal,prt,1997,114.0,,-0.29708500387378894
portugal,prt,1998,125.0,,-0.29559704173954476
portugal,prt,1999,109.0,,-0.29776135029844536
portugal,prt,2000,116.0,,-0.29681446530392636
portugal,prt,2001,105.0,,-0.29830242743817054
portugal,prt,2002,119.0,,-0.2964086574491325
portugal,prt,2005,135.0,,-0.2942443488902319
portugal,prt,2010,124.0,,-0.29573231102447606
portugal,prt,2011,114.0,,-0.29708500387378894
portugal,prt,2012,122.0,,-0.2960028495943386
portugal,prt,2013,144.0,,-0.2930269253258503
portugal,prt,2014,92.0,,-0.3000609281422773
portugal,prt,2015,100.0,,-0.29897877386282695
portugal,prt,2016,66.0,,-0.3035779295504908
portugal,prt,2017,76.0,,-0.3022252367011779
portugal,prt,2018,81.0,,-0.3015488902765215
portugal,prt,2019,73.0,,-0.3026310445559718
portugal,prt,2020,81.0,,-0.3015488902765215
portugal,prt,2021,82.0,,-0.3014136209915902
portugal,prt,2022,75.0,,-0.3023605059861092
portugal,prt,2023,,europe,
puerto rico,pri,1990,600.0,,-0.23134413139718246
puerto rico,pri,1991,817.0,,-0.20199069656709276
puerto rico,pri,1992,864.0,,-0.19563304017532218
puerto rico,pri,1993,954.0,,-0.18345880453150615
puerto rico,pri,1994,995.0,,-0.1779127638493233
puerto rico,pri,1995,864.0,,-0.19563304017532218
puerto rico,pri,1996,868.0,,-0.195091963035597
puerto rico,pri,1997,724.0,,-0.21457074006570262
puerto rico,pri,1998,652.0,,-0.22431012858075544
puerto rico,pri,1999,593.0,,-0.2322910163917015
puerto rico,pri,2000,734.0,,-0.21321804721638973
puerto rico,pri,2001,802.0,,-0.2040197358410621
puerto rico,pri,2002,820.0,,-0.20158488871229888
puerto rico,pri,2003,818.0,,-0.20185542728216146
puerto rico,pri,2004,843.0,,-0.19847369515887925
puerto rico,pri,2005,825.0,,-0.20090854228764243
puerto rico,pri,2006,783.0,,-0.20658985225475657
puerto rico,pri,2007,774.0,,-0.2078072758191382
puerto rico,pri,2008,874.0,,-0.19428034732600927
puerto rico,pri,2009,956.0,,-0.1831882659616436
puerto rico,pri,2010,1030.0,,-0.1731783388767282
puerto rico,pri,2011,1179.0,,-0.15302321542196612
puerto rico,pri,2012,1015.0,,-0.17520737815069753
puerto rico,pri,2013,924.0,,-0.18751688307944483
puerto rico,pri,2014,704.0,,-0.21727612576432842
puerto rico,pri,2015,614.0,,-0.22945036140814443
puerto rico,pri,2016,704.0,,-0.21727612576432842
puerto rico,pri,2017,728.0,,-0.21402966292597747
puerto rico,pri,2018,664.0,,-0.22268689716157997
puerto rico,pri,2019,633.0,,-0.22688024499444992
puerto rico,pri,2020,556.0,,-0.23729597993415918
puerto rico,pri,2021,632.0,,-0.22701551427938121
puerto rico,pri,2022,572.0,,-0.23513167137525856
puerto rico,pri,2023,473.0,north america,-0.2485233305834562
puerto rico,pri,2024,489.0,,-0.24635902202455556
qatar,qat,1990,4.0,,-0.3119646252162307
qatar,qat,1991,4.0,,-0.3119646252162307
qatar,qat,1992,6.0,,-0.31169408664636816
qatar,qat,1993,4.0,,-0.3119646252162307
qatar,qat,1994,5.0,,-0.31182935593129946
qatar,qat,1998,2.0,,-0.3122351637860933
qatar,qat,1999,3.0,,-0.312099894501162
qatar,qat,2000,1.0,,-0.3123704330710246
qatar,qat,2001,5.0,,-0.31182935593129946
qatar,qat,2004,5.0,,-0.31182935593129946
qatar,qat,2005,6.0,,-0.31169408664636816
qatar,qat,2006,5.0,,-0.31182935593129946
qatar,qat,2007,9.0,,-0.3112882787915743
qatar,qat,2008,12.0,,-0.3108824709367804
qatar,qat,2009,8.0,,-0.3114235480765056
qatar,qat,2010,4.0,,-0.3119646252162307
qatar,qat,2011,4.0,,-0.3119646252162307
qatar,qat,2012,7.0,,-0.31155881736143687
qatar,qat,2013,9.0,,-0.3112882787915743
qatar,qat,2014,9.0,,-0.3112882787915743
qatar,qat,2015,6.0,,-0.31169408664636816
qatar,qat,2016,12.0,,-0.3108824709367804
qatar,qat,2017,12.0,,-0.3108824709367804
qatar,qat,2018,10.0,,-0.311153009506643
qatar,qat,2019,11.0,,-0.3110177402217117
qatar,qat,2020,12.0,,-0.3108824709367804
qatar,qat,2021,9.0,,-0.3112882787915743
qatar,qat,2022,2.0,,-0.3122351637860933
qatar,qat,2023,,asia,
republic of vietnam,owid_rvn,2023,,asia,
reunion,reu,2004,23.0,,-0.3093945088025362
reunion,reu,2005,25.0,,-0.30912397023267363
reunion,reu,2006,19.0,,-0.3099355859422614
reunion,reu,2007,24.0,,-0.3092592395176049
reunion,reu,2008,18.0,,-0.3100708552271927
reunion,reu,2009,15.0,,-0.3104766630819865
reunion,reu,2023,,africa,
romania,rou,1990,796.0,,-0.20483135155064983
romania,rou,1991,826.0,,-0.20077327300271114
romania,rou,1992,839.0,,-0.1990147722986044
romania,rou,1993,737.0,,-0.21281223936159588
romania,rou,1994,776.0,,-0.2075367372492756
romania,rou,1995,758.0,,-0.2099715843780388
romania,rou,1996,722.0,,-0.2148412786355652
romania,rou,1997,693.0,,-0.2187640878985726
romania,rou,1998,561.0,,-0.23661963350950274
romania,rou,1999,566.0,,-0.2359432870848463
romania,rou,2000,556.0,,-0.23729597993415918
romania,rou,2001,699.0,,-0.21795247218898486
romania,rou,2002,656.0,,-0.2237690514410303
romania,rou,2003,696.0,,-0.21835828004377872
romania,rou,2004,487.0,,-0.24662956059441812
romania,rou,2005,433.0,,-0.25393410198070776
romania,rou,2006,357.0,,-0.2642145676354857
romania,rou,2007,379.0,,-0.2612386433669973
romania,rou,2008,302.0,,-0.2716543783067066
romania,rou,2009,258.0,,-0.2776062268436833
romania,rou,2010,266.0,,-0.276524072564233
romania,rou,2011,205.0,,-0.2847754989450416
romania,rou,2012,212.0,,-0.2838286139505226
romania,rou,2013,218.0,,-0.28301699824093485
romania,rou,2014,325.0,,-0.2685431847532869
romania,rou,2015,339.0,,-0.2666494147642489
romania,rou,2016,306.0,,-0.27111330116698146
romania,rou,2017,255.0,,-0.2780120346984772
romania,rou,2018,250.0,,-0.2786883811231336
romania,rou,2019,244.0,,-0.27949999683272136
romania,rou,2020,281.0,,-0.27449503329026365
romania,rou,2021,244.0,,-0.27949999683272136
romania,rou,2022,247.0,,-0.2790941889779275
romania,rou,2023,212.0,europe,-0.2838286139505226
romania,rou,2024,213.0,,-0.2836933446655913
russia,rus,1990,21145.0,,2.5477633275161504
russia,rus,1991,22621.0,,2.747420792074733
russia,rus,1992,33912.0,,4.274746288233917
russia,rus,1993,45060.0,,5.782728276647926
russia,rus,1994,47870.0,,6.162834967304849
russia,rus,1995,45257.0,,5.8093763257793904
russia,rus,1996,39083.0,,4.974223760613612
russia,rus,1997,34995.0,,4.4212429238145035
russia,rus,1998,33553.0,,4.226184614943584
russia,rus,1999,38225.0,,4.8581627141425665
russia,rus,2000,41090.0,,5.2457092154707095
russia,rus,2001,42921.0,,5.4933872761799
russia,rus,2002,44252.0,,5.673430694423445
russia,rus,2003,41764.0,,5.336880713514398
russia,rus,2004,39256.0,,4.997625346906725
russia,rus,2005,35636.0,,4.507950535455459
russia,rus,2006,28844.0,,3.5892015522021445
russia,rus,2007,25377.0,,3.1202229413453653
russia,rus,2008,18188.0,,2.1477720519743286
russia,rus,2009,17659.0,,2.076214600245677
russia,rus,2010,16690.0,,1.9451386631472578
russia,rus,2011,16175.0,,1.875474981407644
russia,rus,2012,16247.0,,1.8852143699226969
russia,rus,2013,16033.0,,1.856266742947401
russia,rus,2014,16516.0,,1.9216018075692134
russia,rus,2015,16646.0,,1.939186814610281
russia,rus,2016,15864.0,,1.8334062337940131
russia,rus,2017,13293.0,,1.485628902235669
russia,rus,2018,11964.0,,1.305856022561986
russia,rus,2019,11202.0,,1.2027808274443437
russia,rus,2020,10697.0,,1.1344698385540428
russia,rus,2021,9866.0,,1.0220610627761415
russia,rus,2024,11327.0,,1.2196894880607547
russia,rus,2023,,europe,
rwanda,rwa,2006,319.0,,-0.2693548004628747
rwanda,rwa,2007,268.0,,-0.2762535339943704
rwanda,rwa,2008,144.0,,-0.2930269253258503
rwanda,rwa,2010,291.0,,-0.27314234044095076
rwanda,rwa,2012,256.0,,-0.2778767654135459
rwanda,rwa,2013,359.0,,-0.26394402906562314
rwanda,rwa,2014,428.0,,-0.2546104484053642
rwanda,rwa,2015,293.0,,-0.27287180187108817
rwanda,rwa,2016,392.0,,-0.2594801426628906
rwanda,rwa,2017,470.0,,-0.24892913843825004
rwanda,rwa,2018,285.0,,-0.2739539561505385
rwanda,rwa,2019,404.0,,-0.2578569112437151
rwanda,rwa,2020,472.0,,-0.24865859986838745
rwanda,rwa,2023,,africa,
saint barthelemy,blm,2023,,north america,
saint helena,shn,1994,0.0,,-0.31250570235595587
saint helena,shn,1995,0.0,,-0.31250570235595587
saint helena,shn,1996,0.0,,-0.31250570235595587
saint helena,shn,1997,0.0,,-0.31250570235595587
saint helena,shn,1998,0.0,,-0.31250570235595587
saint helena,shn,1999,0.0,,-0.31250570235595587
saint helena,shn,2000,0.0,,-0.31250570235595587
saint helena,shn,2001,0.0,,-0.31250570235595587
saint helena,shn,2002,0.0,,-0.31250570235595587
saint helena,shn,2003,0.0,,-0.31250570235595587
saint helena,shn,2004,1.0,,-0.3123704330710246
saint helena,shn,2005,0.0,,-0.31250570235595587
saint helena,shn,2006,0.0,,-0.31250570235595587
saint helena,shn,2007,0.0,,-0.31250570235595587
saint helena,shn,2008,0.0,,-0.31250570235595587
saint helena,shn,2009,0.0,,-0.31250570235595587
saint helena,shn,2023,,africa,
saint kitts and nevis,kna,1995,4.0,,-0.3119646252162307
saint kitts and nevis,kna,1996,4.0,,-0.3119646252162307
saint kitts and nevis,kna,1997,7.0,,-0.31155881736143687
saint kitts and nevis,kna,1998,8.0,,-0.3114235480765056
saint kitts and nevis,kna,1999,6.0,,-0.31169408664636816
saint kitts and nevis,kna,2000,3.0,,-0.312099894501162
saint kitts and nevis,kna,2001,6.0,,-0.31169408664636816
saint kitts and nevis,kna,2002,5.0,,-0.31182935593129946
saint kitts and nevis,kna,2003,10.0,,-0.311153009506643
saint kitts and nevis,kna,2004,11.0,,-0.3110177402217117
saint kitts and nevis,kna,2005,8.0,,-0.3114235480765056
saint kitts and nevis,kna,2006,17.0,,-0.310206124512124
saint kitts and nevis,kna,2007,16.0,,-0.3103413937970553
saint kitts and nevis,kna,2008,23.0,,-0.3093945088025362
saint kitts and nevis,kna,2009,27.0,,-0.3088534316628111
saint kitts and nevis,kna,2010,21.0,,-0.3096650473723988
saint kitts and nevis,kna,2011,34.0,,-0.30790654666829204
saint kitts and nevis,kna,2012,18.0,,-0.3100708552271927
saint kitts and nevis,kna,2016,30.0,,-0.3084476238080172
saint kitts and nevis,kna,2017,23.0,,-0.3093945088025362
saint kitts and nevis,kna,2018,23.0,,-0.3093945088025362
saint kitts and nevis,kna,2019,12.0,,-0.3108824709367804
saint kitts and nevis,kna,2020,10.0,,-0.311153009506643
saint kitts and nevis,kna,2021,14.0,,-0.3106119323669178
saint kitts and nevis,kna,2022,11.0,,-0.3110177402217117
saint kitts and nevis,kna,2023,,north america,
saint lucia,lca,1990,14.0,,-0.3106119323669178
saint lucia,lca,1991,10.0,,-0.311153009506643
saint lucia,lca,1992,14.0,,-0.3106119323669178
saint lucia,lca,1993,8.0,,-0.3114235480765056
saint lucia,lca,1994,10.0,,-0.311153009506643
saint lucia,lca,1995,16.0,,-0.3103413937970553
saint lucia,lca,1996,12.0,,-0.3108824709367804
saint lucia,lca,1997,13.0,,-0.3107472016518491
saint lucia,lca,1998,14.0,,-0.3106119323669178
saint lucia,lca,1999,16.0,,-0.3103413937970553
saint lucia,lca,2000,23.0,,-0.3093945088025362
saint lucia,lca,2001,34.0,,-0.30790654666829204
saint lucia,lca,2002,42.0,,-0.30682439238884174
saint lucia,lca,2003,36.0,,-0.30763600809842945
saint lucia,lca,2004,37.0,,-0.3075007388134982
saint lucia,lca,2005,41.0,,-0.30695966167377303
saint lucia,lca,2006,43.0,,-0.30668912310391044
saint lucia,lca,2007,29.0,,-0.3085828930929485
saint lucia,lca,2008,39.0,,-0.3072302002436356
saint lucia,lca,2009,39.0,,-0.3072302002436356
saint lucia,lca,2010,44.0,,-0.30655385381897915
saint lucia,lca,2011,46.0,,-0.30628331524911656
saint lucia,lca,2012,39.0,,-0.3072302002436356
saint lucia,lca,2013,33.0,,-0.30804181595322333
saint lucia,lca,2014,34.0,,-0.30790654666829204
saint lucia,lca,2015,28.0,,-0.3087181623778798
saint lucia,lca,2016,30.0,,-0.3084476238080172
saint lucia,lca,2017,49.0,,-0.30587750739432273
saint lucia,lca,2018,37.0,,-0.3075007388134982
saint lucia,lca,2019,46.0,,-0.30628331524911656
saint lucia,lca,2020,52.0,,-0.30547169953952885
saint lucia,lca,2021,70.0,,-0.30303685241076567
saint lucia,lca,2022,66.0,,-0.3035779295504908
saint lucia,lca,2023,70.0,north america,-0.30303685241076567
saint martin (french part),maf,2011,8.0,,-0.3114235480765056
saint martin (french part),maf,2012,2.0,,-0.3122351637860933
saint martin (french part),maf,2013,8.0,,-0.3114235480765056
saint martin (french part),maf,2014,8.0,,-0.3114235480765056
saint martin (french part),maf,2015,6.0,,-0.31169408664636816
saint martin (french part),maf,2016,10.0,,-0.311153009506643
saint martin (french part),maf,2023,,north america,
saint pierre and miquelon,spm,2006,0.0,,-0.31250570235595587
saint pierre and miquelon,spm,2007,0.0,,-0.31250570235595587
saint pierre and miquelon,spm,2008,1.0,,-0.3123704330710246
saint pierre and miquelon,spm,2009,1.0,,-0.3123704330710246
saint pierre and miquelon,spm,2023,,north america,
saint vincent and the grenadines,vct,1990,11.0,,-0.3110177402217117
saint vincent and the grenadines,vct,1991,18.0,,-0.3100708552271927
saint vincent and the grenadines,vct,1992,18.0,,-0.3100708552271927
saint vincent and the grenadines,vct,1993,14.0,,-0.3106119323669178
saint vincent and the grenadines,vct,1994,13.0,,-0.3107472016518491
saint vincent and the grenadines,vct,1995,20.0,,-0.3098003166573301
saint vincent and the grenadines,vct,1996,24.0,,-0.3092592395176049
saint vincent and the grenadines,vct,1997,9.0,,-0.3112882787915743
saint vincent and the grenadines,vct,1998,24.0,,-0.3092592395176049
saint vincent and the grenadines,vct,1999,14.0,,-0.3106119323669178
saint vincent and the grenadines,vct,2000,20.0,,-0.3098003166573301
saint vincent and the grenadines,vct,2001,12.0,,-0.3108824709367804
saint vincent and the grenadines,vct,2002,20.0,,-0.3098003166573301
saint vincent and the grenadines,vct,2003,18.0,,-0.3100708552271927
saint vincent and the grenadines,vct,2004,29.0,,-0.3085828930929485
saint vincent and the grenadines,vct,2005,26.0,,-0.3089887009477424
saint vincent and the grenadines,vct,2006,20.0,,-0.3098003166573301
saint vincent and the grenadines,vct,2007,40.0,,-0.3070949309587043
saint vincent and the grenadines,vct,2008,16.0,,-0.3103413937970553
saint vincent and the grenadines,vct,2009,23.0,,-0.3093945088025362
saint vincent and the grenadines,vct,2010,25.0,,-0.30912397023267363
saint vincent and the grenadines,vct,2016,40.0,,-0.3070949309587043
saint vincent and the grenadines,vct,2017,39.0,,-0.3072302002436356
saint vincent and the grenadines,vct,2018,34.0,,-0.30790654666829204
saint vincent and the grenadines,vct,2019,19.0,,-0.3099355859422614
saint vincent and the grenadines,vct,2020,33.0,,-0.30804181595322333
saint vincent and the grenadines,vct,2021,32.0,,-0.3081770852381546
saint vincent and the grenadines,vct,2022,42.0,,-0.30682439238884174
saint vincent and the grenadines,vct,2023,,north america,
samoa,wsm,2009,16.0,,-0.3103413937970553
samoa,wsm,2010,16.0,,-0.3103413937970553
samoa,wsm,2013,6.0,,-0.31169408664636816
samoa,wsm,2017,7.0,,-0.31155881736143687
samoa,wsm,2018,13.0,,-0.3107472016518491
samoa,wsm,2023,,oceania,
san marino,smr,1995,0.0,,-0.31250570235595587
san marino,smr,1996,0.0,,-0.31250570235595587
san marino,smr,1997,0.0,,-0.31250570235595587
san marino,smr,1998,0.0,,-0.31250570235595587
san marino,smr,1999,0.0,,-0.31250570235595587
san marino,smr,2000,0.0,,-0.31250570235595587
san marino,smr,2001,0.0,,-0.31250570235595587
san marino,smr,2002,1.0,,-0.3123704330710246
san marino,smr,2003,0.0,,-0.31250570235595587
san marino,smr,2004,0.0,,-0.31250570235595587
san marino,smr,2005,0.0,,-0.31250570235595587
san marino,smr,2006,0.0,,-0.31250570235595587
san marino,smr,2007,0.0,,-0.31250570235595587
san marino,smr,2008,0.0,,-0.31250570235595587
san marino,smr,2009,0.0,,-0.31250570235595587
san marino,smr,2010,0.0,,-0.31250570235595587
san marino,smr,2011,0.0,,-0.31250570235595587
san marino,smr,2023,,europe,
sao tome and principe,stp,1990,8.0,,-0.3114235480765056
sao tome and principe,stp,1991,7.0,,-0.31155881736143687
sao tome and principe,stp,1992,12.0,,-0.3108824709367804
sao tome and principe,stp,1993,8.0,,-0.3114235480765056
sao tome and principe,stp,1994,8.0,,-0.3114235480765056
sao tome and principe,stp,2006,4.0,,-0.3119646252162307
sao tome and principe,stp,2007,4.0,,-0.3119646252162307
sao tome and principe,stp,2008,14.0,,-0.3106119323669178
sao tome and principe,stp,2009,5.0,,-0.31182935593129946
sao tome and principe,stp,2010,6.0,,-0.31169408664636816
sao tome and principe,stp,2011,6.0,,-0.31169408664636816
sao tome and principe,stp,2023,,africa,
saudi arabia,sau,1999,184.0,,-0.2876161539285987
saudi arabia,sau,2000,173.0,,-0.28910411606284286
saudi arabia,sau,2001,229.0,,-0.28152903610669067
saudi arabia,sau,2002,285.0,,-0.2739539561505385
saudi arabia,sau,2003,250.0,,-0.2786883811231336
saudi arabia,sau,2004,301.0,,-0.2717896475916379
saudi arabia,sau,2005,297.0,,-0.27233072473136305
saudi arabia,sau,2006,255.0,,-0.2780120346984772
saudi arabia,sau,2007,265.0,,-0.2766593418491643
saudi arabia,sau,2018,224.0,,-0.28220538253134714
saudi arabia,sau,2019,285.0,,-0.2739539561505385
saudi arabia,sau,2023,,asia,
senegal,sen,2023,,africa,
serbia,srb,2000,228.0,,-0.28166430539162196
serbia,srb,2001,243.0,,-0.27963526611765266
serbia,srb,2002,200.0,,-0.2854518453696981
serbia,srb,2003,176.0,,-0.28869830820804904
serbia,srb,2004,164.0,,-0.29032153962722446
serbia,srb,2005,147.0,,-0.2926211174710564
serbia,srb,2006,156.0,,-0.2914036939066748
serbia,srb,2007,171.0,,-0.28937465463270545
serbia,srb,2008,140.0,,-0.2935680024655754
serbia,srb,2009,154.0,,-0.29167423247653734
serbia,srb,2010,132.0,,-0.2946501567450257
serbia,srb,2011,129.0,,-0.2950559645998196
serbia,srb,2012,110.0,,-0.29762608101351407
serbia,srb,2013,139.0,,-0.2937032717505067
serbia,srb,2014,118.0,,-0.29654392673406377
serbia,srb,2015,100.0,,-0.29897877386282695
serbia,srb,2016,116.0,,-0.29681446530392636
serbia,srb,2017,86.0,,-0.300872543851865
serbia,srb,2018,105.0,,-0.29830242743817054
serbia,srb,2019,88.0,,-0.3006020052820024
serbia,srb,2020,84.0,,-0.3011430824217276
serbia,srb,2021,77.0,,-0.3020899674162466
serbia,srb,2022,74.0,,-0.3024957752710405
serbia,srb,2023,89.0,europe,-0.30046673599707113
serbia and montenegro,owid_srm,2023,,europe,
seychelles,syc,2004,10.0,,-0.311153009506643
seychelles,syc,2006,9.0,,-0.3112882787915743
seychelles,syc,2007,8.0,,-0.3114235480765056
seychelles,syc,2008,6.0,,-0.31169408664636816
seychelles,syc,2009,14.0,,-0.3106119323669178
seychelles,syc,2010,9.0,,-0.3112882787915743
seychelles,syc,2011,16.0,,-0.3103413937970553
seychelles,syc,2012,4.0,,-0.3119646252162307
seychelles,syc,2013,18.0,,-0.3100708552271927
seychelles,syc,2014,16.0,,-0.3103413937970553
seychelles,syc,2015,7.0,,-0.31155881736143687
seychelles,syc,2016,12.0,,-0.3108824709367804
seychelles,syc,2017,7.0,,-0.31155881736143687
seychelles,syc,2018,9.0,,-0.3112882787915743
seychelles,syc,2019,10.0,,-0.311153009506643
seychelles,syc,2020,9.0,,-0.3112882787915743
seychelles,syc,2021,5.0,,-0.31182935593129946
seychelles,syc,2022,10.0,,-0.311153009506643
seychelles,syc,2023,,africa,
sierra leone,sle,2004,112.0,,-0.29735554244365153
sierra leone,sle,2005,99.0,,-0.29911404314775825
sierra leone,sle,2006,101.0,,-0.2988435045778957
sierra leone,sle,2007,134.0,,-0.29437961817516317
sierra leone,sle,2008,184.0,,-0.2876161539285987
sierra leone,sle,2009,158.0,,-0.2911331553368122
sierra leone,sle,2010,163.0,,-0.29045680891215575
sierra leone,sle,2011,187.0,,-0.28721034607380486
sierra leone,sle,2012,113.0,,-0.29722027315872024
sierra leone,sle,2015,124.0,,-0.29573231102447606
sierra leone,sle,2020,176.0,,-0.28869830820804904
sierra leone,sle,2023,,africa,
singapore,sgp,1990,47.0,,-0.30614804596418527
singapore,sgp,1991,51.0,,-0.30560696882446015
singapore,sgp,1992,43.0,,-0.30668912310391044
singapore,sgp,1993,58.0,,-0.3046600838299411
singapore,sgp,1994,49.0,,-0.30587750739432273
singapore,sgp,1995,54.0,,-0.30520116096966626
singapore,sgp,1996,33.0,,-0.30804181595322333
singapore,sgp,1997,38.0,,-0.3073654695285669
singapore,sgp,1998,40.0,,-0.3070949309587043
singapore,sgp,1999,39.0,,-0.3072302002436356
singapore,sgp,2000,41.0,,-0.30695966167377303
singapore,sgp,2001,32.0,,-0.3081770852381546
singapore,sgp,2002,31.0,,-0.3083123545230859
singapore,sgp,2003,27.0,,-0.3088534316628111
singapore,sgp,2004,20.0,,-0.3098003166573301
singapore,sgp,2006,17.0,,-0.310206124512124
singapore,sgp,2007,18.0,,-0.3100708552271927
singapore,sgp,2008,27.0,,-0.3088534316628111
singapore,sgp,2009,20.0,,-0.3098003166573301
singapore,sgp,2010,19.0,,-0.3099355859422614
singapore,sgp,2011,16.0,,-0.3103413937970553
singapore,sgp,2012,11.0,,-0.3110177402217117
singapore,sgp,2013,17.0,,-0.310206124512124
singapore,sgp,2014,14.0,,-0.3106119323669178
singapore,sgp,2015,14.0,,-0.3106119323669178
singapore,sgp,2016,18.0,,-0.3100708552271927
singapore,sgp,2017,11.0,,-0.3110177402217117
singapore,sgp,2018,9.0,,-0.3112882787915743
singapore,sgp,2019,12.0,,-0.3108824709367804
singapore,sgp,2020,10.0,,-0.311153009506643
singapore,sgp,2021,6.0,,-0.31169408664636816
singapore,sgp,2022,7.0,,-0.31155881736143687
singapore,sgp,2023,4.0,asia,-0.3119646252162307
sint maarten (dutch part),sxm,2023,,north america,
slovakia,svk,1990,93.0,,-0.299925658857346
slovakia,svk,1991,128.0,,-0.2951912338847509
slovakia,svk,1993,137.0,,-0.2939738103203693
slovakia,svk,1994,129.0,,-0.2950559645998196
slovakia,svk,1995,128.0,,-0.2951912338847509
slovakia,svk,1996,132.0,,-0.2946501567450257
slovakia,svk,1997,140.0,,-0.2935680024655754
slovakia,svk,1998,128.0,,-0.2951912338847509
slovakia,svk,1999,141.0,,-0.2934327331806441
slovakia,svk,2000,129.0,,-0.2950559645998196
slovakia,svk,2001,118.0,,-0.29654392673406377
slovakia,svk,2002,121.0,,-0.2961381188792699
slovakia,svk,2003,137.0,,-0.2939738103203693
slovakia,svk,2004,108.0,,-0.29789661958337665
slovakia,svk,2005,93.0,,-0.299925658857346
slovakia,svk,2006,82.0,,-0.3014136209915902
slovakia,svk,2007,82.0,,-0.3014136209915902
slovakia,svk,2008,86.0,,-0.300872543851865
slovakia,svk,2009,78.0,,-0.3019546981313153
slovakia,svk,2010,89.0,,-0.30046673599707113
slovakia,svk,2011,96.0,,-0.29951985100255213
slovakia,svk,2012,75.0,,-0.3023605059861092
slovakia,svk,2013,78.0,,-0.3019546981313153
slovakia,svk,2014,72.0,,-0.3027663138409031
slovakia,svk,2015,48.0,,-0.30601277667925403
slovakia,svk,2016,60.0,,-0.30438954526007855
slovakia,svk,2017,80.0,,-0.3016841595614528
slovakia,svk,2018,67.0,,-0.3034426602655595
slovakia,svk,2019,76.0,,-0.3022252367011779
slovakia,svk,2020,63.0,,-0.30398373740528467
slovakia,svk,2021,55.0,,-0.30506589168473497
slovakia,svk,2022,42.0,,-0.30682439238884174
slovakia,svk,2023,62.0,europe,-0.30411900669021596
slovenia,svn,1990,41.0,,-0.30695966167377303
slovenia,svn,1991,40.0,,-0.3070949309587043
slovenia,svn,1992,48.0,,-0.30601277667925403
slovenia,svn,1993,26.0,,-0.3089887009477424
slovenia,svn,1994,41.0,,-0.30695966167377303
slovenia,svn,1995,44.0,,-0.30655385381897915
slovenia,svn,1996,38.0,,-0.3073654695285669
slovenia,svn,1997,36.0,,-0.30763600809842945
slovenia,svn,1998,14.0,,-0.3106119323669178
slovenia,svn,1999,25.0,,-0.30912397023267363
slovenia,svn,2000,36.0,,-0.30763600809842945
slovenia,svn,2001,28.0,,-0.3087181623778798
slovenia,svn,2002,36.0,,-0.30763600809842945
slovenia,svn,2003,21.0,,-0.3096650473723988
slovenia,svn,2004,27.0,,-0.3088534316628111
slovenia,svn,2005,20.0,,-0.3098003166573301
slovenia,svn,2006,12.0,,-0.3108824709367804
slovenia,svn,2007,24.0,,-0.3092592395176049
slovenia,svn,2008,10.0,,-0.311153009506643
slovenia,svn,2009,13.0,,-0.3107472016518491
slovenia,svn,2010,15.0,,-0.3104766630819865
slovenia,svn,2011,16.0,,-0.3103413937970553
slovenia,svn,2012,14.0,,-0.3106119323669178
slovenia,svn,2013,12.0,,-0.3108824709367804
slovenia,svn,2014,16.0,,-0.3103413937970553
slovenia,svn,2015,20.0,,-0.3098003166573301
slovenia,svn,2016,10.0,,-0.311153009506643
slovenia,svn,2017,19.0,,-0.3099355859422614
slovenia,svn,2018,9.0,,-0.3112882787915743
slovenia,svn,2019,14.0,,-0.3106119323669178
slovenia,svn,2020,11.0,,-0.3110177402217117
slovenia,svn,2021,9.0,,-0.3112882787915743
slovenia,svn,2022,13.0,,-0.3107472016518491
slovenia,svn,2023,12.0,europe,-0.3108824709367804
solomon islands,slb,2004,20.0,,-0.3098003166573301
solomon islands,slb,2005,26.0,,-0.3089887009477424
solomon islands,slb,2006,23.0,,-0.3093945088025362
solomon islands,slb,2007,26.0,,-0.3089887009477424
solomon islands,slb,2008,19.0,,-0.3099355859422614
solomon islands,slb,2023,,oceania,
somalia,som,2023,,africa,
south africa,zaf,1994,25965.0,,3.1997612808849634
south africa,zaf,1995,26877.0,,3.323126868742299
south africa,zaf,1996,25470.0,,3.132802984843975
south africa,zaf,1997,24486.0,,2.999698008471587
south africa,zaf,1998,25127.0,,3.086405620112543
south africa,zaf,1999,22604.0,,2.745121214230901
south africa,zaf,2000,21758.0,,2.6306833991790306
south africa,zaf,2001,21405.0,,2.5829333415982854
south africa,zaf,2002,21553.0,,2.6029531957681162
south africa,zaf,2003,19824.0,,2.3690726021219177
south africa,zaf,2004,18793.0,,2.2296099693577585
south africa,zaf,2005,18528.0,,2.193763608850967
south africa,zaf,2006,19106.0,,2.271949255541252
south africa,zaf,2007,18400.0,,2.176449140379762
south africa,zaf,2008,18084.0,,2.1337040463414745
south africa,zaf,2009,16767.0,,1.955554398086967
south africa,zaf,2010,15893.0,,1.8373290430570204
south africa,zaf,2011,15554.0,,1.7914727554653134
south africa,zaf,2012,16213.0,,1.880615214235033
south africa,zaf,2013,17023.0,,1.990183335029377
south africa,zaf,2014,17805.0,,2.095963915845645
south africa,zaf,2015,18673.0,,2.213377655166004
south africa,zaf,2016,19016.0,,2.259775019897436
south africa,zaf,2017,20336.0,,2.4383304760067377
south africa,zaf,2018,21022.0,,2.5311252054696016
south africa,zaf,2019,21325.0,,2.5721117988037823
south africa,zaf,2020,19972.0,,2.389092456291748
south africa,zaf,2021,25181.0,,3.0937101614988327
south africa,zaf,2022,27272.0,,3.3765582362901583
south africa,zaf,2023,,africa,
south georgia and the south sandwich islands,sgs,2023,,south america,
south korea,kor,1990,208.03,,-0.2843656330116998
south korea,kor,1991,216.56,,-0.2832117860112359
south korea,kor,1992,239.8,,-0.28006812782943274
south korea,kor,1993,306.43,,-0.27105513537446096
south korea,kor,1994,223.53,,-0.28226895909526484
south korea,kor,1995,228.18,,-0.2816399569203344
south korea,kor,1996,246.38,,-0.2791780559345849
south korea,kor,1997,277.38,,-0.27498470810171494
south korea,kor,1998,377.71,,-0.2614131407445587
south korea,kor,1999,384.69,,-0.2604689611357383
south korea,kor,2000,369.96,,-0.26246147770277617
south korea,kor,2001,407.15,,-0.25743081299618154
south korea,kor,2002,370.74,,-0.26235596766052977
south korea,kor,2003,386.62,,-0.26020789141582096
south korea,kor,2004,419.94,,-0.25570071884191037
south korea,kor,2005,411.03,,-0.25690596817064815
south korea,kor,2006,415.68,,-0.25627696599571764
south korea,kor,2007,430.4,,-0.25428580212152907
south korea,kor,2008,429.62,,-0.25439131216377553
south korea,kor,2009,532.28,,-0.24050456737272938
south korea,kor,2010,484.63,,-0.24695014879970525
south korea,kor,2011,403.0,,-0.2579921805286464
south korea,kor,2012,435.0,,-0.25366356341084517
south korea,kor,2013,352.0,,-0.26489091406014215
south korea,kor,2014,377.0,,-0.2615091819368599
south korea,kor,2015,375.0,,-0.2617797205067225
south korea,kor,2016,356.0,,-0.26434983692041697
south korea,kor,2017,301.0,,-0.2717896475916379
south korea,kor,2018,309.0,,-0.2707074933121876
south korea,kor,2019,297.0,,-0.27233072473136305
south korea,kor,2020,308.0,,-0.27084276259711887
south korea,kor,2021,245.0,,-0.27936472754779007
south korea,kor,2022,257.0,,-0.2777414961286146
south korea,kor,2023,247.0,asia,-0.2790941889779275
south sudan,ssd,2012,1504.0,,-0.1090606978192972
south sudan,ssd,2023,,africa,
spain,esp,1990,483.96,,-0.24704077922060924
spain,esp,1991,439.5,,-0.2530548516286544
spain,esp,1992,440.77,,-0.25288305963679164
spain,esp,1993,473.8,,-0.24841511515551115
spain,esp,1994,429.0,,-0.2544751791204329
spain,esp,1995,411.0,,-0.25691002624919607
spain,esp,1996,397.0,,-0.25880379623823413
spain,esp,1997,463.0,,-0.24987602343276907
spain,esp,1998,522.0,,-0.24189513562182302
spain,esp,1999,486.0,,-0.24676482987934942
spain,esp,2000,553.0,,-0.23770178778895304
spain,esp,2001,577.0,,-0.23445532495060212
spain,esp,2002,564.0,,-0.2362138256547089
spain,esp,2003,587.0,,-0.23310263210128923
spain,esp,2004,520.0,,-0.24216567419168558
spain,esp,2005,518.0,,-0.24243621276154817
spain,esp,2006,476.0,,-0.2481175227286623
spain,esp,2007,482.0,,-0.24730590701907457
spain,esp,2008,407.0,,-0.25745110338892124
spain,esp,2009,412.0,,-0.2567747569642648
spain,esp,2010,401.0,,-0.258262719098509
spain,esp,2011,385.0,,-0.2604270276574096
spain,esp,2012,364.0,,-0.26326768264096667
spain,esp,2013,302.0,,-0.2716543783067066
spain,esp,2014,323.0,,-0.2688137233231495
spain,esp,2015,302.0,,-0.2716543783067066
spain,esp,2016,294.0,,-0.27273653258615693
spain,esp,2017,307.0,,-0.27097803188205016
spain,esp,2018,289.0,,-0.27341287901081335
spain,esp,2019,331.0,,-0.2677315690436992
spain,esp,2020,331.0,,-0.2677315690436992
spain,esp,2021,290.0,,-0.27327760972588205
spain,esp,2022,325.0,,-0.2685431847532869
spain,esp,2023,331.0,europe,-0.2677315690436992
sri lanka,lka,1990,1985.0,,-0.043996171767347186
sri lanka,lka,1995,1614.0,,-0.0941810764768554
sri lanka,lka,1996,1775.0,,-0.07240272160291789
sri lanka,lka,1997,1851.0,,-0.062122255948139915
sri lanka,lka,1999,1919.0,,-0.05292394457281226
sri lanka,lka,2005,1219.0,,-0.14761244402471457
sri lanka,lka,2006,2044.0,,-0.036015283956401134
sri lanka,lka,2008,2002.0,,-0.041696593923515275
sri lanka,lka,2009,1099.0,,-0.16384475821646927
sri lanka,lka,2010,763.0,,-0.20929523795338237
sri lanka,lka,2011,732.0,,-0.21348858578625232
sri lanka,lka,2012,676.0,,-0.2210636657424045
sri lanka,lka,2013,619.0,,-0.22877401498348798
sri lanka,lka,2014,553.0,,-0.23770178778895304
sri lanka,lka,2015,487.0,,-0.24662956059441812
sri lanka,lka,2016,530.0,,-0.2408129813423727
sri lanka,lka,2017,486.0,,-0.24676482987934942
sri lanka,lka,2018,514.0,,-0.24297728990127332
sri lanka,lka,2019,742.0,,-0.21213589293693944
sri lanka,lka,2023,,asia,
sudan,sdn,2023,,africa,
suriname,sur,2000,68.0,,-0.3033073909806282
suriname,sur,2001,79.0,,-0.301819428846384
suriname,sur,2002,57.0,,-0.3047953531148724
suriname,sur,2003,60.0,,-0.30438954526007855
suriname,sur,2004,46.0,,-0.30628331524911656
suriname,sur,2005,69.0,,-0.30317212169569696
suriname,sur,2006,62.0,,-0.30411900669021596
suriname,sur,2007,45.0,,-0.30641858453404786
suriname,sur,2008,43.0,,-0.30668912310391044
suriname,sur,2013,29.0,,-0.3085828930929485
suriname,sur,2014,32.0,,-0.3081770852381546
suriname,sur,2015,34.0,,-0.30790654666829204
suriname,sur,2016,41.0,,-0.30695966167377303
suriname,sur,2017,36.0,,-0.30763600809842945
suriname,sur,2018,38.0,,-0.3073654695285669
suriname,sur,2019,30.0,,-0.3084476238080172
suriname,sur,2020,55.0,,-0.30506589168473497
suriname,sur,2021,35.0,,-0.30777127738336074
suriname,sur,2022,45.0,,-0.30641858453404786
suriname,sur,2023,41.0,south america,-0.30695966167377303
sweden,swe,1990,95.0,,-0.2996551202874834
sweden,swe,1991,115.0,,-0.29694973458885765
sweden,swe,1992,114.0,,-0.29708500387378894
sweden,swe,1993,108.0,,-0.29789661958337665
sweden,swe,1994,100.0,,-0.29897877386282695
sweden,swe,1995,87.0,,-0.3007372745669337
sweden,swe,1996,99.0,,-0.29911404314775825
sweden,swe,1997,87.0,,-0.3007372745669337
sweden,swe,1998,92.0,,-0.3000609281422773
sweden,swe,1999,101.0,,-0.2988435045778957
sweden,swe,2000,96.0,,-0.29951985100255213
sweden,swe,2001,87.0,,-0.3007372745669337
sweden,swe,2002,101.0,,-0.2988435045778957
sweden,swe,2003,85.0,,-0.3010078131367963
sweden,swe,2004,107.0,,-0.29803188886830795
sweden,swe,2005,83.0,,-0.3012783517066589
sweden,swe,2006,91.0,,-0.3001961974272086
sweden,swe,2007,111.0,,-0.29749081172858277
sweden,swe,2008,82.0,,-0.3014136209915902
sweden,swe,2009,93.0,,-0.299925658857346
sweden,swe,2010,91.0,,-0.3001961974272086
sweden,swe,2011,81.0,,-0.3015488902765215
sweden,swe,2012,68.0,,-0.3033073909806282
sweden,swe,2013,87.0,,-0.3007372745669337
sweden,swe,2014,87.0,,-0.3007372745669337
sweden,swe,2015,112.0,,-0.29735554244365153
sweden,swe,2016,106.0,,-0.29816715815323924
sweden,swe,2017,113.0,,-0.29722027315872024
sweden,swe,2018,108.0,,-0.29789661958337665
sweden,swe,2019,111.0,,-0.29749081172858277
sweden,swe,2020,124.0,,-0.29573231102447606
sweden,swe,2021,113.0,,-0.29722027315872024
sweden,swe,2022,116.0,,-0.29681446530392636
sweden,swe,2023,121.0,europe,-0.2961381188792699
switzerland,che,1990,110.0,,-0.29762608101351407
switzerland,che,1991,98.0,,-0.29924931243268954
switzerland,che,1992,93.0,,-0.299925658857346
switzerland,che,1993,105.0,,-0.29830242743817054
switzerland,che,1994,80.0,,-0.3016841595614528
switzerland,che,1995,82.0,,-0.3014136209915902
switzerland,che,1996,83.0,,-0.3012783517066589
switzerland,che,1997,87.0,,-0.3007372745669337
switzerland,che,1998,76.0,,-0.3022252367011779
switzerland,che,1999,89.0,,-0.30046673599707113
switzerland,che,2000,69.0,,-0.30317212169569696
switzerland,che,2001,86.0,,-0.300872543851865
switzerland,che,2002,86.0,,-0.300872543851865
switzerland,che,2009,51.0,,-0.30560696882446015
switzerland,che,2010,52.0,,-0.30547169953952885
switzerland,che,2011,46.0,,-0.30628331524911656
switzerland,che,2012,45.0,,-0.30641858453404786
switzerland,che,2013,57.0,,-0.3047953531148724
switzerland,che,2014,41.0,,-0.30695966167377303
switzerland,che,2015,57.0,,-0.3047953531148724
switzerland,che,2016,45.0,,-0.30641858453404786
switzerland,che,2017,45.0,,-0.30641858453404786
switzerland,che,2018,50.0,,-0.30574223810939144
switzerland,che,2019,46.0,,-0.30628331524911656
switzerland,che,2020,47.0,,-0.30614804596418527
switzerland,che,2021,42.0,,-0.30682439238884174
switzerland,che,2022,42.0,,-0.30682439238884174
switzerland,che,2023,53.0,europe,-0.30533643025459756
syria,syr,1997,296.0,,-0.27246599401629434
syria,syr,1998,336.0,,-0.26705522261904274
syria,syr,1999,330.0,,-0.2678668383286305
syria,syr,2000,357.0,,-0.2642145676354857
syria,syr,2001,376.0,,-0.2616444512217912
syria,syr,2002,368.0,,-0.2627266055012415
syria,syr,2003,405.0,,-0.25772164195878383
syria,syr,2004,426.0,,-0.25488098697522676
syria,syr,2005,430.0,,-0.2543399098355016
syria,syr,2006,446.0,,-0.252175601276601
syria,syr,2007,533.0,,-0.24040717348757884
syria,syr,2008,529.0,,-0.240948250627304
syria,syr,2009,476.0,,-0.2481175227286623
syria,syr,2010,463.0,,-0.24987602343276907
syria,syr,2023,,asia,
taiwan,twn,2023,,asia,
tajikistan,tjk,1990,168.0,,-0.28978046248749934
tajikistan,tjk,1991,148.0,,-0.2924858481861251
tajikistan,tjk,1992,605.0,,-0.23066778497252602
tajikistan,tjk,1993,1304.0,,-0.136114554805555
tajikistan,tjk,1994,636.0,,-0.22647443713965607
tajikistan,tjk,1995,435.0,,-0.25366356341084517
tajikistan,tjk,1996,484.0,,-0.247035368449212
tajikistan,tjk,1997,498.0,,-0.24514159846017394
tajikistan,tjk,1998,491.0,,-0.24608848345469297
tajikistan,tjk,1999,357.0,,-0.2642145676354857
tajikistan,tjk,2000,283.0,,-0.2742244947204011
tajikistan,tjk,2001,233.0,,-0.28098795896696555
tajikistan,tjk,2002,180.0,,-0.28815723106832386
tajikistan,tjk,2003,164.0,,-0.29032153962722446
tajikistan,tjk,2004,142.0,,-0.2932974638957128
tajikistan,tjk,2005,157.0,,-0.2912684246217435
tajikistan,tjk,2006,194.0,,-0.2862634610792858
tajikistan,tjk,2007,132.0,,-0.2946501567450257
tajikistan,tjk,2008,100.0,,-0.29897877386282695
tajikistan,tjk,2009,97.0,,-0.29938458171762083
tajikistan,tjk,2010,181.0,,-0.28802196178339257
tajikistan,tjk,2011,126.0,,-0.29546177245461347
tajikistan,tjk,2020,87.0,,-0.3007372745669337
tajikistan,tjk,2023,,asia,
tanzania,tza,1995,2110.0,,-0.02708751115093606
tanzania,tza,1996,2283.0,,-0.0036859248578230627
tanzania,tza,1997,2355.0,,0.006053463657229746
tanzania,tza,2003,2778.0,,0.06327237118316499
tanzania,tza,2004,2926.0,,0.08329222535299577
tanzania,tza,2010,3888.0,,0.2134212774568958
tanzania,tza,2011,4149.0,,0.24872656082396224
tanzania,tza,2012,4092.0,,0.24101621158287875
tanzania,tza,2013,3697.0,,0.1875848440350196
tanzania,tza,2015,3746.0,,0.19421303899665276
tanzania,tza,2016,3439.0,,0.15268536852274703
tanzania,tza,2017,3147.0,,0.11318673732281065
tanzania,tza,2018,2734.0,,0.05732052264618828
tanzania,tza,2019,2719.0,,0.055291483372218946
tanzania,tza,2020,2286.0,,-0.0032801170030291957
tanzania,tza,2023,,africa,
thailand,tha,1990,5344.0,,0.4103733563168526
thailand,tha,1991,5585.7,,0.4430679424847451
thailand,tha,1992,5958.64,,0.49351526960702014
thailand,tha,1993,5482.24,,0.42907298226575397
thailand,tha,1994,5005.83,,0.36462934223163856
thailand,tha,1995,4542.0,,0.30188738980195884
thailand,tha,1996,4474.0,,0.29268907842663117
thailand,tha,1997,4787.0,,0.33502836461012464
thailand,tha,1998,5361.0,,0.4126729341606845
thailand,tha,1999,5052.0,,0.3708747251169162
thailand,tha,2000,5142.0,,0.38304896076073225
thailand,tha,2001,5020.0,,0.36654610799911497
thailand,tha,2002,4538.0,,0.30134631266223366
thailand,tha,2003,6434.0,,0.5578168768919577
thailand,tha,2004,4273.0,,0.2654999521554421
thailand,tha,2005,4806.0,,0.3375984810238191
thailand,tha,2006,4687.0,,0.3215014361169957
thailand,tha,2007,4435.0,,0.2874135763143109
thailand,tha,2008,3974.0,,0.22505443596098665
thailand,tha,2009,3703.0,,0.18839645974460734
thailand,tha,2010,3654.0,,0.18176826478297417
thailand,tha,2011,3307.0,,0.1348298229118169
thailand,tha,2023,,asia,
togo,tgo,2023,,africa,
tokelau,tkl,2023,,oceania,
tonga,ton,1995,2.0,,-0.3122351637860933
tonga,ton,1996,2.0,,-0.3122351637860933
tonga,ton,1997,2.0,,-0.3122351637860933
tonga,ton,2000,1.0,,-0.3123704330710246
tonga,ton,2001,6.0,,-0.31169408664636816
tonga,ton,2002,6.0,,-0.31169408664636816
tonga,ton,2003,6.0,,-0.31169408664636816
tonga,ton,2004,2.0,,-0.3122351637860933
tonga,ton,2005,4.0,,-0.3119646252162307
tonga,ton,2006,8.0,,-0.3114235480765056
tonga,ton,2007,1.0,,-0.3123704330710246
tonga,ton,2008,4.0,,-0.3119646252162307
tonga,ton,2009,8.0,,-0.3114235480765056
tonga,ton,2010,1.0,,-0.3123704330710246
tonga,ton,2011,2.0,,-0.3122351637860933
tonga,ton,2012,1.0,,-0.3123704330710246
tonga,ton,2018,10.0,,-0.311153009506643
tonga,ton,2019,1.0,,-0.3123704330710246
tonga,ton,2023,,oceania,
trinidad and tobago,tto,2000,120.0,,-0.2962733881642012
trinidad and tobago,tto,2001,151.0,,-0.2920800403313312
trinidad and tobago,tto,2002,171.0,,-0.28937465463270545
trinidad and tobago,tto,2003,229.0,,-0.28152903610669067
trinidad and tobago,tto,2004,260.0,,-0.2773356882738207
trinidad and tobago,tto,2005,386.0,,-0.2602917583724783
trinidad and tobago,tto,2006,371.0,,-0.26232079764644767
trinidad and tobago,tto,2007,391.0,,-0.2596154119478219
trinidad and tobago,tto,2008,547.0,,-0.23851340349854078
trinidad and tobago,tto,2009,507.0,,-0.24392417489579235
trinidad and tobago,tto,2010,473.0,,-0.2485233305834562
trinidad and tobago,tto,2011,352.0,,-0.26489091406014215
trinidad and tobago,tto,2012,380.0,,-0.2611033740820661
trinidad and tobago,tto,2013,407.0,,-0.25745110338892124
trinidad and tobago,tto,2014,405.0,,-0.25772164195878383
trinidad and tobago,tto,2015,420.0,,-0.2556926026848145
trinidad and tobago,tto,2016,463.0,,-0.24987602343276907
trinidad and tobago,tto,2017,495.0,,-0.24554740631496783
trinidad and tobago,tto,2018,517.0,,-0.24257148204647946
trinidad and tobago,tto,2019,539.0,,-0.2395955577779911
trinidad and tobago,tto,2020,399.0,,-0.25853325766837154
trinidad and tobago,tto,2021,448.0,,-0.2519050627067384
trinidad and tobago,tto,2022,605.0,,-0.23066778497252602
trinidad and tobago,tto,2023,,north america,
tunisia,tun,2004,195.0,,-0.2861281917943545
tunisia,tun,2005,260.0,,-0.2773356882738207
tunisia,tun,2006,249.0,,-0.2788236504080649
tunisia,tun,2007,273.0,,-0.275577187569714
tunisia,tun,2008,280.0,,-0.27463030257519494
tunisia,tun,2009,255.0,,-0.2780120346984772
tunisia,tun,2010,286.0,,-0.27381868686560723
tunisia,tun,2012,332.0,,-0.2675962997587679
tunisia,tun,2019,571.0,,-0.23526694066018985
tunisia,tun,2020,562.0,,-0.23648436422457145
tunisia,tun,2023,,africa,
turkey,tur,2003,2837.0,,0.07125325899411104
turkey,tur,2004,2914.0,,0.08166899393382031
turkey,tur,2005,3305.0,,0.1345592843419543
turkey,tur,2006,3168.0,,0.11602739230636772
turkey,tur,2007,3599.0,,0.17432845411175327
turkey,tur,2008,3257.0,,0.12806635866525243
turkey,tur,2010,3064.0,,0.10195938667351366
turkey,tur,2011,3061.0,,0.10155357881871979
turkey,tur,2012,3216.0,,0.12252031798306959
turkey,tur,2015,2235.0,,-0.010178850534524936
turkey,tur,2016,2704.0,,0.05326244409824961
turkey,tur,2017,2541.0,,0.0312135506544495
turkey,tur,2018,2161.0,,-0.020188777619440323
turkey,tur,2019,2045.0,,-0.03588001467146985
turkey,tur,2020,2144.0,,-0.022488355463272235
turkey,tur,2021,2165.0,,-0.019647700479715167
turkey,tur,2022,2282.0,,-0.0038211941427543517
turkey,tur,2023,2817.0,asia,0.06854787329548527
turkmenistan,tkm,1990,332.0,,-0.2675962997587679
turkmenistan,tkm,1991,306.0,,-0.27111330116698146
turkmenistan,tkm,1992,296.0,,-0.27246599401629434
turkmenistan,tkm,1993,332.0,,-0.2675962997587679
turkmenistan,tkm,1994,308.0,,-0.27084276259711887
turkmenistan,tkm,1995,269.0,,-0.2761182647094391
turkmenistan,tkm,1996,334.0,,-0.26732576118890533
turkmenistan,tkm,1997,358.0,,-0.26407929835055444
turkmenistan,tkm,1998,345.0,,-0.26583779905466115
turkmenistan,tkm,1999,321.0,,-0.2690842618930121
turkmenistan,tkm,2000,267.0,,-0.2763888032793017
turkmenistan,tkm,2001,248.0,,-0.2789589196929962
turkmenistan,tkm,2002,241.0,,-0.27990580468751525
turkmenistan,tkm,2003,233.0,,-0.28098795896696555
turkmenistan,tkm,2004,209.0,,-0.2842344218053165
turkmenistan,tkm,2005,206.0,,-0.2846402296601103
turkmenistan,tkm,2006,203.0,,-0.2850460375149042
turkmenistan,tkm,2010,105.0,,-0.29830242743817054
turkmenistan,tkm,2011,100.0,,-0.29897877386282695
turkmenistan,tkm,2012,79.0,,-0.301819428846384
turkmenistan,tkm,2013,84.0,,-0.3011430824217276
turkmenistan,tkm,2014,89.0,,-0.30046673599707113
turkmenistan,tkm,2015,63.0,,-0.30398373740528467
turkmenistan,tkm,2023,,asia,
turks and caicos islands,tca,1990,0.0,,-0.31250570235595587
turks and caicos islands,tca,1991,0.0,,-0.31250570235595587
turks and caicos islands,tca,1992,1.0,,-0.3123704330710246
turks and caicos islands,tca,1993,1.0,,-0.3123704330710246
turks and caicos islands,tca,1994,2.0,,-0.3122351637860933
turks and caicos islands,tca,1995,1.0,,-0.3123704330710246
turks and caicos islands,tca,1996,1.0,,-0.3123704330710246
turks and caicos islands,tca,1997,2.0,,-0.3122351637860933
turks and caicos islands,tca,1998,0.0,,-0.31250570235595587
turks and caicos islands,tca,1999,0.0,,-0.31250570235595587
turks and caicos islands,tca,2000,0.0,,-0.31250570235595587
turks and caicos islands,tca,2001,0.0,,-0.31250570235595587
turks and caicos islands,tca,2002,2.0,,-0.3122351637860933
turks and caicos islands,tca,2003,0.0,,-0.31250570235595587
turks and caicos islands,tca,2005,0.0,,-0.31250570235595587
turks and caicos islands,tca,2007,2.0,,-0.3122351637860933
turks and caicos islands,tca,2008,2.0,,-0.3122351637860933
turks and caicos islands,tca,2009,2.0,,-0.3122351637860933
turks and caicos islands,tca,2013,4.0,,-0.3119646252162307
turks and caicos islands,tca,2014,2.0,,-0.3122351637860933
turks and caicos islands,tca,2019,13.0,,-0.3107472016518491
turks and caicos islands,tca,2020,23.0,,-0.3093945088025362
turks and caicos islands,tca,2021,14.0,,-0.3106119323669178
turks and caicos islands,tca,2022,35.0,,-0.30777127738336074
turks and caicos islands,tca,2023,,north america,
tuvalu,tuv,2002,0.0,,-0.31250570235595587
tuvalu,tuv,2003,0.0,,-0.31250570235595587
tuvalu,tuv,2004,0.0,,-0.31250570235595587
tuvalu,tuv,2005,0.0,,-0.31250570235595587
tuvalu,tuv,2006,0.0,,-0.31250570235595587
tuvalu,tuv,2007,0.0,,-0.31250570235595587
tuvalu,tuv,2008,0.0,,-0.31250570235595587
tuvalu,tuv,2009,0.0,,-0.31250570235595587
tuvalu,tuv,2010,1.0,,-0.3123704330710246
tuvalu,tuv,2011,1.0,,-0.3123704330710246
tuvalu,tuv,2012,2.0,,-0.3122351637860933
tuvalu,tuv,2019,0.0,,-0.31250570235595587
tuvalu,tuv,2023,,oceania,
ussr,owid_uss,2023,,europe,
uganda,uga,1995,1710.0,,-0.08119522512345166
uganda,uga,1996,1806.0,,-0.06820937377004792
uganda,uga,1997,1919.0,,-0.05292394457281226
uganda,uga,2007,2645.0,,0.045281556287303557
uganda,uga,2008,2793.0,,0.06530141045713433
uganda,uga,2009,3233.0,,0.12481989582690149
uganda,uga,2010,3160.0,,0.1149452380269174
uganda,uga,2011,3753.0,,0.1951599239911718
uganda,uga,2012,4066.0,,0.23749921017466524
uganda,uga,2013,3857.0,,0.20922792962402584
uganda,uga,2014,4473.0,,0.29255380914169987
uganda,uga,2016,4482.0,,0.29377123270608146
uganda,uga,2017,4735.0,,0.3279943617936976
uganda,uga,2018,4497.0,,0.2958002719800508
uganda,uga,2019,4718.0,,0.3256947839498657
uganda,uga,2020,4460.0,,0.2907953084375931
uganda,uga,2021,3912.0,,0.21666774029524674
uganda,uga,2022,4143.0,,0.2479149451143745
uganda,uga,2023,4366.0,africa,0.27807999565405195
ukraine,ukr,1990,2558.0,,0.03351312849828141
ukraine,ukr,1991,2648.0,,0.045687364142097425
ukraine,ukr,1992,3370.0,,0.1433517878624881
ukraine,ukr,1993,3696.0,,0.1874495747500883
ukraine,ukr,1994,4223.0,,0.2587364879088776
ukraine,ukr,1995,4407.0,,0.2836260363362348
ukraine,ukr,1996,4896.0,,0.3497727166676351
ukraine,ukr,1997,4231.0,,0.25981864218832795
ukraine,ukr,1998,4195.0,,0.25494894793080153
ukraine,ukr,1999,4250.0,,0.26238875860202243
ukraine,ukr,2000,4418.0,,0.28511399847047897
ukraine,ukr,2001,4854.0,,0.34409140670052096
ukraine,ukr,2002,4296.0,,0.26861114570886174
ukraine,ukr,2003,4041.0,,0.23411747805138303
ukraine,ukr,2004,3487.0,,0.1591782941994489
ukraine,ukr,2005,3030.0,,0.09736023098584982
ukraine,ukr,2006,2958.0,,0.08762084247079702
ukraine,ukr,2007,2646.0,,0.04541682557223485
ukraine,ukr,2008,2466.0,,0.021068354284602825
ukraine,ukr,2009,2240.0,,-0.00950250410986849
ukraine,ukr,2010,1988.0,,-0.043590363912553325
ukraine,ukr,2012,2336.0,,0.003483347243535255
ukraine,ukr,2014,2845.0,,0.07233541327356136
ukraine,ukr,2017,2751.0,,0.05962010049002019
ukraine,ukr,2018,2002.0,,-0.041696593923515275
ukraine,ukr,2019,1820.0,,-0.06631560378100987
ukraine,ukr,2020,1698.0,,-0.08281845654262714
ukraine,ukr,2021,1673.0,,-0.08620018866590937
ukraine,ukr,2023,,europe,
united arab emirates,are,2010,67.0,,-0.3034426602655595
united arab emirates,are,2011,51.0,,-0.30560696882446015
united arab emirates,are,2012,69.0,,-0.30317212169569696
united arab emirates,are,2013,57.0,,-0.3047953531148724
united arab emirates,are,2014,61.0,,-0.30425427597514726
united arab emirates,are,2015,60.0,,-0.30438954526007855
united arab emirates,are,2019,64.0,,-0.3038484681203534
united arab emirates,are,2020,65.0,,-0.3037131988354221
united arab emirates,are,2021,44.0,,-0.30655385381897915
united arab emirates,are,2022,71.0,,-0.3029015831258344
united arab emirates,are,2023,,asia,
united kingdom,gbr,1990,729.98,,-0.2137618297418135
united kingdom,gbr,1991,800.0,,-0.20429027441092468
united kingdom,gbr,1992,799.0,,-0.20442554369585594
united kingdom,gbr,1993,781.0,,-0.20686039082461916
united kingdom,gbr,1994,825.0,,-0.20090854228764243
united kingdom,gbr,1995,809.0,,-0.20307285084654306
united kingdom,gbr,1996,747.0,,-0.211459546512283
united kingdom,gbr,1997,733.0,,-0.21335331650132103
united kingdom,gbr,1998,811.0,,-0.2028023122766805
united kingdom,gbr,1999,824.0,,-0.20104381157257373
united kingdom,gbr,2000,911.0,,-0.18927538378355158
united kingdom,gbr,2001,964.0,,-0.18210611168219326
united kingdom,gbr,2002,1107.0,,-0.16276260393701894
united kingdom,gbr,2005,835.0,,-0.19955584943832955
united kingdom,gbr,2006,862.0,,-0.19590357874518474
united kingdom,gbr,2007,874.0,,-0.19428034732600927
united kingdom,gbr,2008,760.0,,-0.20970104580817622
united kingdom,gbr,2009,703.0,,-0.21741139504925971
united kingdom,gbr,2010,756.0,,-0.21024212294790137
united kingdom,gbr,2011,640.0,,-0.22593335999993092
united kingdom,gbr,2012,627.0,,-0.22769186070403766
united kingdom,gbr,2013,602.0,,-0.2310735928273199
united kingdom,gbr,2014,584.0,,-0.23350843995608309
united kingdom,gbr,2015,620.0,,-0.2286387456985567
united kingdom,gbr,2016,773.0,,-0.20794254510406948
united kingdom,gbr,2017,780.0,,-0.20699566010955045
united kingdom,gbr,2018,728.0,,-0.21402966292597747
united kingdom,gbr,2019,772.0,,-0.20807781438900075
united kingdom,gbr,2020,637.0,,-0.22633916785472477
united kingdom,gbr,2021,757.0,,-0.2101068536629701
united kingdom,gbr,2023,,europe,
united states,usa,1990,23438.0,,2.857935797863596
united states,usa,1991,24703.0,,3.0290514433016766
united states,usa,1992,23760.0,,2.9014925076114713
united states,usa,1993,24526.0,,3.0051087798688383
united states,usa,1994,23326.0,,2.8427856379512915
united states,usa,1995,21606.0,,2.6101224678694748
united states,usa,1996,19645.0,,2.344859400119217
united states,usa,1997,18208.0,,2.1504774376729543
united states,usa,1998,16974.0,,1.9835551400677438
united states,usa,1999,15522.0,,1.7871441383475122
united states,usa,2000,15586.0,,1.7958013725831148
united states,usa,2001,19033.0,,2.2620745977412677
united states,usa,2002,16229.0,,1.8827795227939335
united states,usa,2006,17309.0,,2.0288703505197256
united states,usa,2007,17128.0,,2.0043866099471623
united states,usa,2008,16465.0,,1.9147030740377178
united states,usa,2009,15399.0,,1.7705060163009636
united states,usa,2010,14722.0,,1.678928710402481
united states,usa,2011,14661.0,,1.6706772840216724
united states,usa,2012,14856.0,,1.6970547945832737
united states,usa,2013,14319.0,,1.6244151885751716
united states,usa,2014,14164.0,,1.6034484494108217
united states,usa,2015,15883.0,,1.8359763502077076
united states,usa,2016,17413.0,,2.04293835615258
united states,usa,2017,17294.0,,2.0268413112457564
united states,usa,2018,16374.0,,1.9023935691089704
united states,usa,2019,16669.0,,1.9422980081637007
united states,usa,2020,21570.0,,2.605252773611948
united states,usa,2021,23062.0,,2.8070745467294316
united states,usa,2022,22243.0,,2.6962890023707056
united states,usa,2023,19796.0,north america,2.3652850621438413
united states virgin islands,vir,1997,30.0,,-0.3084476238080172
united states virgin islands,vir,1998,25.0,,-0.30912397023267363
united states virgin islands,vir,1999,27.0,,-0.3088534316628111
united states virgin islands,vir,2000,23.0,,-0.3093945088025362
united states virgin islands,vir,2001,28.0,,-0.3087181623778798
united states virgin islands,vir,2002,41.0,,-0.30695966167377303
united states virgin islands,vir,2003,31.0,,-0.3083123545230859
united states virgin islands,vir,2004,37.0,,-0.3075007388134982
united states virgin islands,vir,2005,37.0,,-0.3075007388134982
united states virgin islands,vir,2006,43.0,,-0.30668912310391044
united states virgin islands,vir,2007,43.0,,-0.30668912310391044
united states virgin islands,vir,2008,46.0,,-0.30628331524911656
united states virgin islands,vir,2009,50.0,,-0.30574223810939144
united states virgin islands,vir,2010,56.0,,-0.3049306223998037
united states virgin islands,vir,2011,45.0,,-0.30641858453404786
united states virgin islands,vir,2012,52.0,,-0.30547169953952885
united states virgin islands,vir,2023,,north america,
uruguay,ury,1990,206.0,,-0.2846402296601103
uruguay,ury,1991,194.0,,-0.2862634610792858
uruguay,ury,1992,182.0,,-0.28788669249846127
uruguay,ury,1995,191.0,,-0.2866692689340797
uruguay,ury,1996,205.0,,-0.2847754989450416
uruguay,ury,1997,243.0,,-0.27963526611765266
uruguay,ury,1998,244.0,,-0.27949999683272136
uruguay,ury,1999,216.0,,-0.28328753681079744
uruguay,ury,2000,214.0,,-0.28355807538066
uruguay,ury,2001,218.0,,-0.28301699824093485
uruguay,ury,2002,231.0,,-0.28125849753682813
uruguay,ury,2003,197.0,,-0.2858576532244919
uruguay,ury,2004,200.0,,-0.2854518453696981
uruguay,ury,2005,190.0,,-0.286804538219011
uruguay,ury,2006,202.0,,-0.2851813067998355
uruguay,ury,2007,194.0,,-0.2862634610792858
uruguay,ury,2008,221.0,,-0.282611190386141
uruguay,ury,2009,226.0,,-0.28193484396148455
uruguay,ury,2010,205.0,,-0.2847754989450416
uruguay,ury,2011,199.0,,-0.2855871146546294
uruguay,ury,2012,267.0,,-0.2763888032793017
uruguay,ury,2013,260.0,,-0.2773356882738207
uruguay,ury,2014,268.0,,-0.2762535339943704
uruguay,ury,2015,293.0,,-0.27287180187108817
uruguay,ury,2016,267.0,,-0.2763888032793017
uruguay,ury,2017,283.0,,-0.2742244947204011
uruguay,ury,2018,421.0,,-0.2555573333998832
uruguay,ury,2019,394.0,,-0.259209604093028
uruguay,ury,2020,341.0,,-0.2663788761943863
uruguay,ury,2021,306.0,,-0.27111330116698146
uruguay,ury,2022,383.0,,-0.2606975662272722
uruguay,ury,2023,381.0,south america,-0.2609681047971348
uzbekistan,uzb,1990,1125.0,,-0.16032775680825573
uzbekistan,uzb,1991,1062.0,,-0.16884972175892696
uzbekistan,uzb,1992,1145.0,,-0.15762237110962996
uzbekistan,uzb,1993,1139.0,,-0.1584339868192177
uzbekistan,uzb,1994,1219.0,,-0.14761244402471457
uzbekistan,uzb,1995,1157.0,,-0.15599913969045448
uzbekistan,uzb,1996,1153.0,,-0.15654021683017966
uzbekistan,uzb,1997,1054.0,,-0.16993187603837726
uzbekistan,uzb,1998,1065.0,,-0.16844391390413307
uzbekistan,uzb,1999,1014.0,,-0.17534264743562883
uzbekistan,uzb,2000,1068.0,,-0.16803810604933922
uzbekistan,uzb,2001,1081.0,,-0.16627960534523245
uzbekistan,uzb,2002,1058.0,,-0.1693907988986521
uzbekistan,uzb,2003,963.0,,-0.18224138096712456
uzbekistan,uzb,2004,962.0,,-0.18237665025205585
uzbekistan,uzb,2005,910.0,,-0.18941065306848287
uzbekistan,uzb,2006,861.0,,-0.19603884803011604
uzbekistan,uzb,2007,815.0,,-0.20226123513695532
uzbekistan,uzb,2008,831.0,,-0.2000969265780547
uzbekistan,uzb,2015,506.0,,-0.24405944418072364
uzbekistan,uzb,2016,757.0,,-0.2101068536629701
uzbekistan,uzb,2017,591.0,,-0.23256155496156408
uzbekistan,uzb,2018,474.0,,-0.2483880612985249
uzbekistan,uzb,2019,396.0,,-0.2589390655231654
uzbekistan,uzb,2020,449.0,,-0.2517697934218071
uzbekistan,uzb,2021,479.0,,-0.24771171487386845
uzbekistan,uzb,2023,,asia,
vanuatu,vut,2019,2.0,,-0.3122351637860933
vanuatu,vut,2020,1.0,,-0.3123704330710246
vanuatu,vut,2023,,oceania,
vatican,vat,2009,0.0,,-0.31250570235595587
vatican,vat,2010,0.0,,-0.31250570235595587
vatican,vat,2011,0.0,,-0.31250570235595587
vatican,vat,2012,0.0,,-0.31250570235595587
vatican,vat,2013,0.0,,-0.31250570235595587
vatican,vat,2014,0.0,,-0.31250570235595587
vatican,vat,2015,0.0,,-0.31250570235595587
vatican,vat,2019,0.0,,-0.31250570235595587
vatican,vat,2020,0.0,,-0.31250570235595587
vatican,vat,2021,0.0,,-0.31250570235595587
vatican,vat,2022,0.0,,-0.31250570235595587
vatican,vat,2023,0.0,europe,-0.31250570235595587
venezuela,ven,1990,2474.0,,0.022150508564053137
venezuela,ven,1991,2502.0,,0.025938048542129232
venezuela,ven,1992,3266.0,,0.12928378222963405
venezuela,ven,1993,4292.0,,0.26807006856913657
venezuela,ven,1994,4733.0,,0.32772382322383503
venezuela,ven,1995,4481.0,,0.29363596342115017
venezuela,ven,1996,4961.0,,0.3585652201881689
venezuela,ven,1997,4225.0,,0.2590070264787402
venezuela,ven,1998,4550.0,,0.30296954408140914
venezuela,ven,1999,5974.0,,0.4955930058235647
venezuela,ven,2000,8022.0,,0.7726245013628447
venezuela,ven,2001,7960.0,,0.7642378056971048
venezuela,ven,2002,9617.0,,0.9883790108282506
venezuela,ven,2003,11342.0,,1.2217185273347242
venezuela,ven,2004,9719.0,,1.002176477891242
venezuela,ven,2005,9964.0,,1.035317452699408
venezuela,ven,2006,12257.0,,1.3454899230468536
venezuela,ven,2007,13156.0,,1.4670970102000824
venezuela,ven,2008,14589.0,,1.6609378955066196
venezuela,ven,2009,13985.0,,1.579235247408121
venezuela,ven,2010,13080.0,,1.4568165445453045
venezuela,ven,2011,14098.0,,1.5945206766053566
venezuela,ven,2012,16072.0,,1.8615422450597212
venezuela,ven,2014,19030.0,,2.2616687898864742
venezuela,ven,2015,15654.0,,1.8049996839584423
venezuela,ven,2016,17407.0,,2.042126740442992
venezuela,ven,2017,14665.0,,1.6712183611613975
venezuela,ven,2019,11874.0,,1.2936817869181698
venezuela,ven,2020,8384.0,,0.8215919825079713
venezuela,ven,2021,5444.0,,0.4239002848099815
venezuela,ven,2022,3568.0,,0.1701351062788833
venezuela,ven,2023,,south america,
vietnam,vnm,2001,1004.0,,-0.17669534028494172
vietnam,vnm,2002,1067.0,,-0.16817337533427051
vietnam,vnm,2003,1059.0,,-0.1692555296137208
vietnam,vnm,2004,1063.0,,-0.16871445247399566
vietnam,vnm,2005,1053.0,,-0.17006714532330855
vietnam,vnm,2006,1048.0,,-0.170743491747965
vietnam,vnm,2007,1168.0,,-0.1545111775562103
vietnam,vnm,2008,1092.0,,-0.16479164321098827
vietnam,vnm,2009,1233.0,,-0.14571867403567654
vietnam,vnm,2010,1336.0,,-0.13178593768775376
vietnam,vnm,2011,1358.0,,-0.1288100134192654
vietnam,vnm,2023,,asia,
wallis and futuna,wlf,2023,,oceania,
west germany,owid_gfr,2023,,europe,
western sahara,esh,2023,,africa,
yemen,yem,1998,615.0,,-0.22931509212321313
yemen,yem,1999,1024.0,,-0.17398995458631591
yemen,yem,2000,697.0,,-0.21822301075884742
yemen,yem,2003,704.0,,-0.21727612576432842
yemen,yem,2004,646.0,,-0.22512174429034318
yemen,yem,2009,990.0,,-0.17858911027397975
yemen,yem,2010,1099.0,,-0.16384475821646927
yemen,yem,2011,1375.0,,-0.12651043557543348
yemen,yem,2012,1616.0,,-0.09391053790699283
yemen,yem,2013,1703.0,,-0.0821421101179707
yemen,yem,2023,,asia,
yemen arab republic,owid_yar,2023,,asia,
yemen people's republic,owid_ypr,2023,,asia,
yugoslavia,owid_ygs,2023,,europe,
zambia,zmb,1990,550.0,,-0.23810759564374692
zambia,zmb,1991,684.0,,-0.2199815114629542
zambia,zmb,1992,768.0,,-0.20861889152872592
zambia,zmb,1993,745.0,,-0.21173008508214555
zambia,zmb,1994,831.0,,-0.2000969265780547
zambia,zmb,1998,872.0,,-0.19455088589587186
zambia,zmb,1999,1072.0,,-0.16749702890961404
zambia,zmb,2000,797.0,,-0.20469608226571853
zambia,zmb,2008,694.0,,-0.2186288186136413
zambia,zmb,2009,812.0,,-0.2026670429917492
zambia,zmb,2010,814.0,,-0.2023965044218866
zambia,zmb,2011,863.0,,-0.19576830946025345
zambia,zmb,2012,885.0,,-0.19279238519176511
zambia,zmb,2013,867.0,,-0.1952272323205283
zambia,zmb,2014,825.0,,-0.20090854228764243
zambia,zmb,2015,853.0,,-0.19712100230956636
zambia,zmb,2023,,africa,
zimbabwe,zwe,1990,587.0,,-0.23310263210128923
zimbabwe,zwe,2001,1529.0,,-0.10567896569601498
zimbabwe,zwe,2002,1623.0,,-0.09296365291247381
zimbabwe,zwe,2003,1360.0,,-0.1285394748494028
zimbabwe,zwe,2004,1356.0,,-0.129080551989128
zimbabwe,zwe,2005,1350.0,,-0.1298921676987157
zimbabwe,zwe,2006,1072.0,,-0.16749702890961404
zimbabwe,zwe,2010,711.0,,-0.2163292407698094
zimbabwe,zwe,2012,981.0,,-0.17980653383836134
zimbabwe,zwe,2018,734.0,,-0.21321804721638973
zimbabwe,zwe,2019,790.0,,-0.20564296726023756
zimbabwe,zwe,2020,780.0,,-0.20699566010955045
zimbabwe,zwe,2021,982.0,,-0.17967126455343008
zimbabwe,zwe,2022,1086.0,,-0.165603258920576
zimbabwe,zwe,2023,,africa,
