country_name,country_code,year,suicide_data,zscore
afghanistan,afg,2000,7.2,-0.4696410396620502
afghanistan,afg,2001,7.28,-0.4583498991622375
afghanistan,afg,2002,7.12,-0.48093218016186284
afghanistan,afg,2003,7.05,-0.49081192809919894
afghanistan,afg,2004,7.03,-0.49363471322415203
afghanistan,afg,2005,6.91,-0.510571423973871
afghanistan,afg,2006,6.61,-0.5529132008481685
afghanistan,afg,2007,6.48,-0.571261304160364
afghanistan,afg,2008,6.3,-0.5966663702849426
afghanistan,afg,2009,5.89,-0.6545334653464825
afghanistan,afg,2010,5.73,-0.6771157463461077
afghanistan,afg,2011,5.89,-0.6545334653464825
afghanistan,afg,2012,5.77,-0.6714701760962015
afghanistan,afg,2013,5.69,-0.682761316596014
afghanistan,afg,2014,5.54,-0.7039322050331628
afghanistan,afg,2015,5.32,-0.7349828414076476
afghanistan,afg,2016,5.32,-0.7349828414076476
afghanistan,afg,2017,5.47,-0.7138119529704989
afghanistan,afg,2018,5.42,-0.7208689157828818
afghanistan,afg,2019,5.37,-0.7279258785952647
afghanistan,afg,2020,5.32,-0.7349828414076476
afghanistan,afg,2021,5.32,-0.7349828414076476
albania,alb,2000,5.1,-0.7660334777821325
albania,alb,2001,4.42,-0.86200817203054
albania,alb,2002,4.48,-0.8535398166556805
albania,alb,2003,4.6,-0.8366031059059617
albania,alb,2004,4.5,-0.8507170315307274
albania,alb,2005,6.91,-0.510571423973871
albania,alb,2006,6.86,-0.5176283867862539
albania,alb,2007,6.95,-0.5049258537239647
albania,alb,2008,6.95,-0.5049258537239647
albania,alb,2009,6.82,-0.5232739570361603
albania,alb,2010,6.5,-0.568438519035411
albania,alb,2011,6.56,-0.5599701636605515
albania,alb,2012,4.09,-0.9085841265922673
albania,alb,2013,4.06,-0.9128183042796971
albania,alb,2014,3.8,-0.9495145109040882
albania,alb,2015,3.58,-0.9805651472785729
albania,alb,2016,3.45,-0.9989132505907685
albania,alb,2017,3.29,-1.0214955315903937
albania,alb,2018,3.14,-1.0426664200275424
albania,alb,2019,3.03,-1.0581917382147852
albania,alb,2020,2.51,-1.1315841514635674
albania,alb,2021,2.14,-1.1838056762752007
algeria,dza,2000,4.14,-0.9015271637798844
algeria,dza,2001,3.92,-0.9325778001543692
algeria,dza,2002,3.8,-0.9495145109040882
algeria,dza,2003,3.52,-0.9890335026534325
algeria,dza,2004,3.33,-1.0158499613404874
algeria,dza,2005,3.22,-1.0313752795277298
algeria,dza,2006,3.08,-1.051134775402402
algeria,dza,2007,2.95,-1.0694828787145976
algeria,dza,2008,2.82,-1.087830982026793
algeria,dza,2009,2.68,-1.1075904779014654
algeria,dza,2010,2.58,-1.1217044035262311
algeria,dza,2011,2.52,-1.1301727589010908
algeria,dza,2012,2.36,-1.152755039900716
algeria,dza,2013,2.33,-1.1569892175881458
algeria,dza,2014,2.3,-1.1612233952755755
algeria,dza,2015,2.23,-1.1711031432129115
algeria,dza,2016,2.14,-1.1838056762752007
algeria,dza,2017,2.14,-1.1838056762752007
algeria,dza,2018,2.17,-1.179571498587771
algeria,dza,2019,2.17,-1.179571498587771
algeria,dza,2020,1.85,-1.2247360605870217
algeria,dza,2021,2.32,-1.1584006101506223
andorra,and,2000,9.69,-0.11820429160538126
andorra,and,2001,10.78,0.03563749770456619
andorra,and,2002,10.72,0.027169142329706873
andorra,and,2003,9.99,-0.0758625147310837
andorra,and,2004,11.86,0.1880678944520371
andorra,and,2005,10.4,-0.0179954196695438
andorra,and,2006,10.7,0.02434635720475352
andorra,and,2007,10.37,-0.022229597356973708
andorra,and,2008,10.03,-0.07021694448117749
andorra,and,2009,9.82,-0.09985618829318559
andorra,and,2010,9.54,-0.13937518004253005
andorra,and,2011,7.81,-0.3835460933509787
andorra,and,2012,8.12,-0.33979292391420474
andorra,and,2013,9.34,-0.16760303129206158
andorra,and,2014,9.28,-0.17607138666692115
andorra,and,2015,9.16,-0.19300809741664005
andorra,and,2016,9.71,-0.1153815064804279
andorra,and,2017,8.33,-0.31015368010219635
andorra,and,2018,7.66,-0.4047169817881274
andorra,and,2019,8.65,-0.2649891181029457
andorra,and,2020,12.0,0.20782739032670933
andorra,and,2021,5.74,-0.6757043537836311
angola,ago,2000,17.14,0.9332831674396727
angola,ago,2001,16.32,0.8175489773165929
angola,ago,2002,15.95,0.7653274525049593
angola,ago,2003,16.39,0.827428725253929
angola,ago,2004,16.32,0.8175489773165929
angola,ago,2005,15.3,0.6735869359439816
angola,ago,2006,15.71,0.7314540310055214
angola,ago,2007,14.65,0.5818464193830036
angola,ago,2008,13.81,0.46328944413497075
angola,ago,2009,13.45,0.41247931188581366
angola,ago,2010,12.77,0.3165046176374061
angola,ago,2011,12.85,0.3277957581372188
angola,ago,2012,12.61,0.2939223366377808
angola,ago,2013,12.74,0.31227043994997644
angola,ago,2014,11.84,0.185245109327084
angola,ago,2015,12.11,0.22335270851395164
angola,ago,2016,11.99,0.20641599776423275
angola,ago,2017,11.85,0.18665650188956054
angola,ago,2018,12.94,0.340498291199508
angola,ago,2019,13.52,0.42235905982314975
angola,ago,2020,13.77,0.45764387388506433
angola,ago,2021,14.54,0.5663211011957611
antigua and barbuda,atg,2000,2.14,-1.1838056762752007
antigua and barbuda,atg,2001,2.03,-1.1993309944624433
antigua and barbuda,atg,2002,1.32,-1.2995398663982805
antigua and barbuda,atg,2003,1.52,-1.271312015148749
antigua and barbuda,atg,2004,2.03,-1.1993309944624433
antigua and barbuda,atg,2005,1.38,-1.2910715110234212
antigua and barbuda,atg,2006,0.42,-1.426565197021173
antigua and barbuda,atg,2007,0.33,-1.4392677300834622
antigua and barbuda,atg,2008,0.25,-1.4505588705832748
antigua and barbuda,atg,2009,0.0,-1.4858436846451895
antigua and barbuda,atg,2010,0.0,-1.4858436846451895
antigua and barbuda,atg,2011,0.0,-1.4858436846451895
antigua and barbuda,atg,2012,0.0,-1.4858436846451895
antigua and barbuda,atg,2013,0.0,-1.4858436846451895
antigua and barbuda,atg,2014,0.44,-1.4237424118962199
antigua and barbuda,atg,2015,0.42,-1.426565197021173
antigua and barbuda,atg,2016,0.5,-1.4152740565213604
antigua and barbuda,atg,2017,0.0,-1.4858436846451895
antigua and barbuda,atg,2018,0.0,-1.4858436846451895
antigua and barbuda,atg,2019,0.0,-1.4858436846451895
antigua and barbuda,atg,2020,0.72,-1.3842234201468755
antigua and barbuda,atg,2021,1.4,-1.2882487258984678
argentina,arg,2000,9.22,-0.18453974204178047
argentina,arg,2001,10.36,-0.02364098991945026
argentina,arg,2002,10.32,-0.02928656016935647
argentina,arg,2003,9.66,-0.12243846929281092
argentina,arg,2004,8.67,-0.2621663329779926
argentina,arg,2005,8.53,-0.2819258288526648
argentina,arg,2006,8.5,-0.2861600065400945
argentina,arg,2007,8.19,-0.3299131759768686
argentina,arg,2008,8.56,-0.2776916511652349
argentina,arg,2009,8.33,-0.31015368010219635
argentina,arg,2010,8.4,-0.30027393216486026
argentina,arg,2011,8.5,-0.2861600065400945
argentina,arg,2012,9.1,-0.2014764527914996
argentina,arg,2013,8.69,-0.2593435478530395
argentina,arg,2014,9.4,-0.15913467591720204
argentina,arg,2015,8.56,-0.2776916511652349
argentina,arg,2016,8.17,-0.3327359611018217
argentina,arg,2017,8.83,-0.23958405197836727
argentina,arg,2018,9.12,-0.1986536676665465
argentina,arg,2019,9.06,-0.2071220230414058
argentina,arg,2020,7.83,-0.38072330822602546
argentina,arg,2021,7.65,-0.40612837435060395
armenia,arm,2000,3.54,-0.9862107175284793
armenia,arm,2001,3.22,-1.0313752795277298
armenia,arm,2002,3.35,-1.0130271762155345
armenia,arm,2003,2.69,-1.1061790853389888
armenia,arm,2004,3.61,-0.9763309695911433
armenia,arm,2005,3.86,-0.9410461555292288
armenia,arm,2006,5.6,-0.6954638496583034
armenia,arm,2007,5.25,-0.7448625893449837
armenia,arm,2008,4.23,-0.8888246307175951
armenia,arm,2009,4.01,-0.91987526709208
armenia,arm,2010,5.97,-0.6432423248466699
armenia,arm,2011,5.81,-0.6658246058462952
armenia,arm,2012,6.53,-0.5642043413479811
armenia,arm,2013,5.41,-0.7222803083453584
armenia,arm,2014,4.67,-0.8267233579686255
armenia,arm,2015,4.58,-0.8394258910309147
armenia,arm,2016,4.56,-0.842248676155868
armenia,arm,2017,2.47,-1.1372297217134735
armenia,arm,2018,1.78,-1.234615808524358
armenia,arm,2019,1.86,-1.223324668024545
armenia,arm,2020,1.42,-1.2854259407735147
armenia,arm,2021,1.85,-1.2247360605870217
australia,aus,2000,11.91,0.19512485726442008
australia,aus,2001,12.08,0.219118530826522
australia,aus,2002,11.24,0.10056155557848909
australia,aus,2003,10.22,-0.04340048579412224
australia,aus,2004,9.76,-0.10832454366804514
australia,aus,2005,10.58,0.007409646455034641
australia,aus,2006,10.11,-0.058925803981364815
australia,aus,2007,10.45,-0.01093845685716104
australia,aus,2008,10.99,0.06527674151657453
australia,aus,2009,10.44,-0.012349849419637592
australia,aus,2010,10.87,0.048340030766855405
australia,aus,2011,10.41,-0.01658402710706725
australia,aus,2012,10.9,0.052574208454285315
australia,aus,2013,10.68,0.021523572079800414
australia,aus,2014,11.79,0.17818814651470097
australia,aus,2015,12.28,0.24734638207605353
australia,aus,2016,11.3,0.10902991095334866
australia,aus,2017,12.56,0.286865373825398
australia,aus,2018,12.15,0.2289982787638581
australia,aus,2019,12.73,0.31085904738749986
australia,aus,2020,11.87,0.18947928701451364
australia,aus,2021,11.74,0.1711311837023182
austria,aut,2000,15.73,0.7342768161304746
austria,aut,2001,14.67,0.5846692045079568
austria,aut,2002,15.29,0.6721755433815048
austria,aut,2003,14.07,0.4999856507593619
austria,aut,2004,13.55,0.42659323751057965
austria,aut,2005,13.26,0.38566285319875865
austria,aut,2006,12.39,0.2628717002632961
austria,aut,2007,12.2,0.23605524157624086
austria,aut,2008,11.57,0.1471375101402163
austria,aut,2009,11.79,0.17818814651470097
austria,aut,2010,12.17,0.2318210638888112
austria,aut,2011,12.12,0.2247641010764282
austria,aut,2012,11.69,0.1640742208899352
austria,aut,2013,11.39,0.12173244401563788
austria,aut,2014,12.23,0.24028941926367076
austria,aut,2015,11.61,0.15278308039012253
austria,aut,2016,11.42,0.12596662170306752
austria,aut,2017,11.09,0.07939066714134031
austria,aut,2018,11.3,0.10902991095334866
austria,aut,2019,10.43,-0.013761241982114144
austria,aut,2020,9.84,-0.09703340316823247
austria,aut,2021,10.15,-0.053280233731458355
azerbaijan,aze,2000,2.8,-1.0906537671517464
azerbaijan,aze,2001,2.77,-1.0948879448391762
azerbaijan,aze,2002,2.81,-1.0892423745892696
azerbaijan,aze,2003,3.0,-1.0624259159022147
azerbaijan,aze,2004,3.0,-1.0624259159022147
azerbaijan,aze,2005,3.32,-1.017261353902964
azerbaijan,aze,2006,3.28,-1.0229069241528705
azerbaijan,aze,2007,3.04,-1.0567803456523084
azerbaijan,aze,2008,3.09,-1.0497233828399255
azerbaijan,aze,2009,2.85,-1.0835968043393636
azerbaijan,aze,2010,2.79,-1.092065159714223
azerbaijan,aze,2011,2.73,-1.1005335150890825
azerbaijan,aze,2012,2.5,-1.1329955440260437
azerbaijan,aze,2013,2.27,-1.1654575729630052
azerbaijan,aze,2014,2.14,-1.1838056762752007
azerbaijan,aze,2015,2.0,-1.203565172149873
azerbaijan,aze,2016,1.92,-1.2148563126496856
azerbaijan,aze,2017,1.88,-1.2205018828995922
azerbaijan,aze,2018,1.78,-1.234615808524358
azerbaijan,aze,2019,1.81,-1.230381630836928
azerbaijan,aze,2020,3.34,-1.0144385687780109
azerbaijan,aze,2021,1.57,-1.264255052336366
bahamas,bhs,2000,3.47,-0.9960904654658153
bahamas,bhs,2001,3.23,-1.0299638869652532
bahamas,bhs,2002,3.01,-1.0610145233397381
bahamas,bhs,2003,3.21,-1.0327866720902066
bahamas,bhs,2004,3.34,-1.0144385687780109
bahamas,bhs,2005,3.04,-1.0567803456523084
bahamas,bhs,2006,3.25,-1.0271411018403003
bahamas,bhs,2007,3.14,-1.0426664200275424
bahamas,bhs,2008,3.18,-1.0370208497776363
bahamas,bhs,2009,3.34,-1.0144385687780109
bahamas,bhs,2010,3.67,-0.9678626142162837
bahamas,bhs,2011,3.65,-0.9706853993412369
bahamas,bhs,2012,3.42,-1.0031474282781982
bahamas,bhs,2013,3.2,-1.0341980646526832
bahamas,bhs,2014,3.35,-1.0130271762155345
bahamas,bhs,2015,3.16,-1.0398436349025895
bahamas,bhs,2016,3.37,-1.0102043910905811
bahamas,bhs,2017,3.36,-1.011615783653058
bahamas,bhs,2018,3.15,-1.041255027465066
bahamas,bhs,2019,3.29,-1.0214955315903937
bahamas,bhs,2020,2.77,-1.0948879448391762
bahamas,bhs,2021,2.91,-1.0751284489645039
bahrain,bhr,2000,11.43,0.12737801426554407
bahrain,bhr,2001,11.61,0.15278308039012253
bahrain,bhr,2002,10.83,0.042694460516949195
bahrain,bhr,2003,10.78,0.03563749770456619
bahrain,bhr,2004,10.25,-0.03916630810669258
bahrain,bhr,2005,9.38,-0.16195746104215514
bahrain,bhr,2006,7.48,-0.4301220479127058
bahrain,bhr,2007,6.88,-0.5148056016613008
bahrain,bhr,2008,6.39,-0.5839638372226534
bahrain,bhr,2009,5.67,-0.6855841017209673
bahrain,bhr,2010,5.33,-0.733571448845171
bahrain,bhr,2011,5.2,-0.7519195521573666
bahrain,bhr,2012,5.24,-0.7462739819074603
bahrain,bhr,2013,4.98,-0.7829701885318514
bahrain,bhr,2014,4.97,-0.7843815810943281
bahrain,bhr,2015,4.69,-0.8239005728436722
bahrain,bhr,2016,5.03,-0.7759132257194685
bahrain,bhr,2017,5.07,-0.7702676554695622
bahrain,bhr,2018,5.08,-0.7688562629070856
bahrain,bhr,2019,4.74,-0.8168436100312894
bahrain,bhr,2020,4.91,-0.7928499364691876
bahrain,bhr,2021,4.16,-0.8987043786549311
bangladesh,bgd,2000,5.24,-0.7462739819074603
bangladesh,bgd,2001,5.08,-0.7688562629070856
bangladesh,bgd,2002,4.97,-0.7843815810943281
bangladesh,bgd,2003,4.79,-0.8097866472189065
bangladesh,bgd,2004,4.52,-0.8478942464057743
bangladesh,bgd,2005,4.6,-0.8366031059059617
bangladesh,bgd,2006,4.65,-0.8295461430935787
bangladesh,bgd,2007,4.46,-0.8563626017806337
bangladesh,bgd,2008,4.27,-0.8831790604676888
bangladesh,bgd,2009,4.2,-0.8930588084050248
bangladesh,bgd,2010,4.0,-0.9212866596545565
bangladesh,bgd,2011,3.54,-0.9862107175284793
bangladesh,bgd,2012,3.33,-1.0158499613404874
bangladesh,bgd,2013,3.2,-1.0341980646526832
bangladesh,bgd,2014,3.16,-1.0398436349025895
bangladesh,bgd,2015,3.1,-1.048311990277449
bangladesh,bgd,2016,3.1,-1.048311990277449
bangladesh,bgd,2017,3.19,-1.0356094572151597
bangladesh,bgd,2018,3.15,-1.041255027465066
bangladesh,bgd,2019,3.16,-1.0398436349025895
bangladesh,bgd,2020,2.9,-1.0765398415269805
bangladesh,bgd,2021,2.89,-1.077951234089457
barbados,brb,2000,4.71,-0.8210777877187192
barbados,brb,2001,4.28,-0.8817676679052122
barbados,brb,2002,3.92,-0.9325778001543692
barbados,brb,2003,4.45,-0.8577739943431103
barbados,brb,2004,4.57,-0.8408372835933913
barbados,brb,2005,4.63,-0.8323689282185318
barbados,brb,2006,4.4,-0.8648309571554932
barbados,brb,2007,3.91,-0.9339891927168458
barbados,brb,2008,4.13,-0.902938556342361
barbados,brb,2009,3.86,-0.9410461555292288
barbados,brb,2010,3.92,-0.9325778001543692
barbados,brb,2011,3.83,-0.9452803332166584
barbados,brb,2012,3.4,-1.0059702134031514
barbados,brb,2013,3.62,-0.9749195770286666
barbados,brb,2014,3.77,-0.953748688591518
barbados,brb,2015,3.48,-0.9946790729033387
barbados,brb,2016,3.93,-0.9311664075918926
barbados,brb,2017,3.28,-1.0229069241528705
barbados,brb,2018,3.49,-0.9932676803408622
barbados,brb,2019,4.16,-0.8987043786549311
barbados,brb,2020,3.45,-0.9989132505907685
barbados,brb,2021,2.85,-1.0835968043393636
belarus,blr,2000,35.31,3.497783453459623
belarus,blr,2001,34.93,3.4441505360855125
belarus,blr,2002,35.51,3.526011304709154
belarus,blr,2003,35.08,3.465321424522661
belarus,blr,2004,34.85,3.4328593955857
belarus,blr,2005,34.86,3.434270788148176
belarus,blr,2006,31.95,3.023555552467491
belarus,blr,2007,28.7,2.5648529696626015
belarus,blr,2008,30.38,2.801966920158667
belarus,blr,2009,30.46,2.8132580606584803
belarus,blr,2010,28.67,2.5606187919751724
belarus,blr,2011,28.76,2.5733213250374614
belarus,blr,2012,23.58,1.8422199776745913
belarus,blr,2013,21.04,1.4837262668055395
belarus,blr,2014,19.48,1.263549027059193
belarus,blr,2015,17.78,1.023612291438174
belarus,blr,2016,16.96,0.9078781013150943
belarus,blr,2017,15.29,0.6721755433815048
belarus,blr,2018,15.04,0.6368907293195902
belarus,blr,2019,13.96,0.48446033257211957
belarus,blr,2020,12.41,0.2656944853882492
belarus,blr,2021,11.64,0.15701725807755243
belgium,bel,2000,18.4,1.1111186303117218
belgium,bel,2001,18.45,1.1181755931241049
belgium,bel,2002,17.22,0.9445743079394852
belgium,bel,2003,17.9,1.0405490021878927
belgium,bel,2004,16.83,0.8895299980028983
belgium,bel,2005,16.7,0.8711818946907028
belgium,bel,2006,16.63,0.8613021467533668
belgium,bel,2007,15.08,0.6425362995694966
belgium,bel,2008,16.47,0.8387198657537415
belgium,bel,2009,16.63,0.8613021467533668
belgium,bel,2010,16.55,0.8500110062535543
belgium,bel,2011,16.84,0.8909413905653751
belgium,bel,2012,16.56,0.8514223988160307
belgium,bel,2013,15.53,0.7060489648809428
belgium,bel,2014,15.14,0.6510046549443562
belgium,bel,2015,14.43,0.5507957830085187
belgium,bel,2016,15.01,0.6326565516321605
belgium,bel,2017,14.63,0.5790236342580506
belgium,bel,2018,14.42,0.5493843904460423
belgium,bel,2019,14.19,0.5169223615090808
belgium,bel,2020,12.67,0.3023906920126403
belgium,bel,2021,14.31,0.5338590722587999
belize,blz,2000,9.14,-0.19583088254159314
belize,blz,2001,7.68,-0.4018941966631743
belize,blz,2002,7.29,-0.45693850659976093
belize,blz,2003,7.47,-0.4315334404751825
belize,blz,2004,8.04,-0.3510840644140174
belize,blz,2005,6.5,-0.568438519035411
belize,blz,2006,6.51,-0.5670271264729344
belize,blz,2007,5.95,-0.6460651099716229
belize,blz,2008,5.84,-0.6615904281588654
belize,blz,2009,7.19,-0.4710524322245267
belize,blz,2010,7.74,-0.3934258412883147
belize,blz,2011,7.93,-0.3666093826012597
belize,blz,2012,7.54,-0.4216536925378464
belize,blz,2013,7.27,-0.45976129172471414
belize,blz,2014,6.76,-0.5317423124110199
belize,blz,2015,6.54,-0.5627929487855046
belize,blz,2016,6.13,-0.6206600438470445
belize,blz,2017,6.81,-0.524685349598637
belize,blz,2018,6.12,-0.622071436409521
belize,blz,2019,5.55,-0.7025208124706863
belize,blz,2020,4.35,-0.8718879199678762
belize,blz,2021,4.62,-0.8337803207810084
benin,ben,2000,12.12,0.2247641010764282
benin,ben,2001,12.04,0.21347296057661552
benin,ben,2002,12.2,0.23605524157624086
benin,ben,2003,12.04,0.21347296057661552
benin,ben,2004,12.04,0.21347296057661552
benin,ben,2005,11.98,0.2050046052017562
benin,ben,2006,11.93,0.1979476423893732
benin,ben,2007,11.96,0.2021818200768031
benin,ben,2008,12.26,0.24452359695110043
benin,ben,2009,12.5,0.27839701845053844
benin,ben,2010,12.61,0.2939223366377808
benin,ben,2011,12.69,0.30521347713759345
benin,ben,2012,12.64,0.2981565143252107
benin,ben,2013,12.49,0.27698562588806186
benin,ben,2014,12.39,0.2628717002632961
benin,ben,2015,12.46,0.27275144820063224
benin,ben,2016,12.3,0.2501691672010069
benin,ben,2017,12.15,0.2289982787638581
benin,ben,2018,12.03,0.21206156801413897
benin,ben,2019,11.97,0.20359321263927965
benin,ben,2020,11.78,0.17677675395222442
benin,ben,2021,11.83,0.1838337167646074
bhutan,btn,2000,7.5,-0.4272992627877527
bhutan,btn,2001,7.42,-0.4385904032875654
bhutan,btn,2002,7.13,-0.47952078759938627
bhutan,btn,2003,7.27,-0.45976129172471414
bhutan,btn,2004,7.07,-0.4879891429742457
bhutan,btn,2005,6.9,-0.5119828165363476
bhutan,btn,2006,6.76,-0.5317423124110199
bhutan,btn,2007,6.54,-0.5627929487855046
bhutan,btn,2008,6.38,-0.5853752297851299
bhutan,btn,2009,6.15,-0.6178372587220913
bhutan,btn,2010,5.86,-0.6587676430339121
bhutan,btn,2011,5.75,-0.6742929612211546
bhutan,btn,2012,5.77,-0.6714701760962015
bhutan,btn,2013,5.86,-0.6587676430339121
bhutan,btn,2014,5.9,-0.6531220727840058
bhutan,btn,2015,5.74,-0.6757043537836311
bhutan,btn,2016,5.63,-0.6912296719708736
bhutan,btn,2017,5.69,-0.682761316596014
bhutan,btn,2018,5.36,-0.7293372711577413
bhutan,btn,2019,5.12,-0.7632106926571792
bhutan,btn,2020,5.28,-0.7406284116575539
bhutan,btn,2021,5.08,-0.7688562629070856
bolivia,bol,2000,7.78,-0.3877802710384084
bolivia,bol,2001,7.66,-0.4047169817881274
bolivia,bol,2002,7.63,-0.40895115947555716
bolivia,bol,2003,7.52,-0.4244764776627996
bolivia,bol,2004,7.42,-0.4385904032875654
bolivia,bol,2005,7.34,-0.44988154378737805
bolivia,bol,2006,7.07,-0.4879891429742457
bolivia,bol,2007,7.07,-0.4879891429742457
bolivia,bol,2008,6.91,-0.510571423973871
bolivia,bol,2009,6.81,-0.524685349598637
bolivia,bol,2010,6.6,-0.5543245934106452
bolivia,bol,2011,6.49,-0.5698499115978874
bolivia,bol,2012,6.19,-0.612191688472185
bolivia,bol,2013,6.14,-0.619248651284568
bolivia,bol,2014,6.2,-0.6107802959097084
bolivia,bol,2015,6.28,-0.5994891554098957
bolivia,bol,2016,6.24,-0.6051347256598021
bolivia,bol,2017,6.16,-0.6164258661596147
bolivia,bol,2018,6.01,-0.6375967545967635
bolivia,bol,2019,5.92,-0.6502992876590528
bolivia,bol,2020,5.64,-0.689818279408397
bolivia,bol,2021,5.08,-0.7688562629070856
bosnia and herzegovina,bih,2000,10.1,-0.06033719654384137
bosnia and herzegovina,bih,2001,9.79,-0.1040903659806155
bosnia and herzegovina,bih,2002,9.65,-0.12384986185528747
bosnia and herzegovina,bih,2003,9.28,-0.17607138666692115
bosnia and herzegovina,bih,2004,9.02,-0.21276759329131226
bosnia and herzegovina,bih,2005,9.21,-0.18595113460425702
bosnia and herzegovina,bih,2006,8.94,-0.22405873379112493
bosnia and herzegovina,bih,2007,9.47,-0.14925492797986592
bosnia and herzegovina,bih,2008,8.74,-0.2522865850406565
bosnia and herzegovina,bih,2009,8.56,-0.2776916511652349
bosnia and herzegovina,bih,2010,8.24,-0.3228562131644856
bosnia and herzegovina,bih,2011,8.19,-0.3299131759768686
bosnia and herzegovina,bih,2012,7.85,-0.37790052310107236
bosnia and herzegovina,bih,2013,7.98,-0.3595524197888767
bosnia and herzegovina,bih,2014,7.74,-0.3934258412883147
bosnia and herzegovina,bih,2015,7.93,-0.3666093826012597
bosnia and herzegovina,bih,2016,7.83,-0.38072330822602546
bosnia and herzegovina,bih,2017,7.7,-0.39907141153822107
bosnia and herzegovina,bih,2018,7.51,-0.42588787022527613
bosnia and herzegovina,bih,2019,7.85,-0.37790052310107236
bosnia and herzegovina,bih,2020,6.52,-0.5656157339104578
bosnia and herzegovina,bih,2021,5.81,-0.6658246058462952
botswana,bwa,2000,15.91,0.759681882255053
botswana,bwa,2001,15.48,0.69899200206856
botswana,bwa,2002,15.38,0.6848780764437943
botswana,bwa,2003,14.38,0.543738820196136
botswana,bwa,2004,13.12,0.3659033573240864
botswana,bwa,2005,12.12,0.2247641010764282
botswana,bwa,2006,11.52,0.14008054732783332
botswana,bwa,2007,14.03,0.49434008050945544
botswana,bwa,2008,18.42,1.1139414154366754
botswana,bwa,2009,20.12,1.3538781510576943
botswana,bwa,2010,19.57,1.276251560121482
botswana,bwa,2011,18.42,1.1139414154366754
botswana,bwa,2012,18.23,1.0871249567496202
botswana,bwa,2013,17.33,0.9600996261267274
botswana,bwa,2014,15.83,0.7483907417552403
botswana,bwa,2015,13.82,0.46470083669744733
botswana,bwa,2016,13.83,0.4661122292599239
botswana,bwa,2017,13.48,0.41671348957324356
botswana,bwa,2018,12.33,0.2544033448884365
botswana,bwa,2019,11.16,0.08927041507867642
botswana,bwa,2020,11.38,0.12032105145316133
botswana,bwa,2021,10.28,-0.03493213041926293
brazil,bra,2000,4.68,-0.8253119654061489
brazil,bra,2001,5.14,-0.7603879075322262
brazil,bra,2002,5.03,-0.7759132257194685
brazil,bra,2003,4.98,-0.7829701885318514
brazil,bra,2004,5.02,-0.7773246182819452
brazil,bra,2005,5.25,-0.7448625893449837
brazil,bra,2006,5.17,-0.7561537298447963
brazil,bra,2007,5.34,-0.7321600562826945
brazil,bra,2008,5.52,-0.706754990158116
brazil,bra,2009,5.45,-0.7166347380954521
brazil,bra,2010,5.24,-0.7462739819074603
brazil,bra,2011,5.42,-0.7208689157828818
brazil,bra,2012,5.51,-0.7081663827205926
brazil,bra,2013,5.61,-0.6940524570958267
brazil,bra,2014,5.61,-0.6940524570958267
brazil,bra,2015,5.82,-0.6644132132838185
brazil,bra,2016,5.9,-0.6531220727840058
brazil,bra,2017,6.47,-0.5726726967228407
brazil,bra,2018,6.21,-0.6093689033472318
brazil,bra,2019,6.19,-0.612191688472185
brazil,bra,2020,6.33,-0.5924321925975128
brazil,bra,2021,6.91,-0.510571423973871
brunei,brn,2000,1.39,-1.2896601184609444
brunei,brn,2001,1.01,-1.3432930358350545
brunei,brn,2002,1.2,-1.3164765771479996
brunei,brn,2003,1.26,-1.3080082217731401
brunei,brn,2004,1.48,-1.2769575853986552
brunei,brn,2005,1.55,-1.267077837461319
brunei,brn,2006,1.93,-1.213444920087209
brunei,brn,2007,1.69,-1.2473183415866471
brunei,brn,2008,1.41,-1.2868373333359913
brunei,brn,2009,1.18,-1.3192993622729527
brunei,brn,2010,0.93,-1.3545841763348674
brunei,brn,2011,1.23,-1.3122423994605696
brunei,brn,2012,1.65,-1.2529639118365532
brunei,brn,2013,1.35,-1.295305688710851
brunei,brn,2014,1.26,-1.3080082217731401
brunei,brn,2015,1.18,-1.3192993622729527
brunei,brn,2016,1.81,-1.230381630836928
brunei,brn,2017,2.3,-1.1612233952755755
brunei,brn,2018,2.46,-1.13864111427595
brunei,brn,2019,2.21,-1.1739259283378647
brunei,brn,2020,2.59,-1.1202930109637546
brunei,brn,2021,2.68,-1.1075904779014654
bulgaria,bgr,2000,13.96,0.48446033257211957
bulgaria,bgr,2001,12.98,0.34614386144941445
bulgaria,bgr,2002,12.87,0.3306185432621719
bulgaria,bgr,2003,11.15,0.08785902251619987
bulgaria,bgr,2004,10.46,-0.009527064294684235
bulgaria,bgr,2005,9.53,-0.1407865726050066
bulgaria,bgr,2006,9.38,-0.16195746104215514
bulgaria,bgr,2007,8.5,-0.2861600065400945
bulgaria,bgr,2008,9.09,-0.20288784535397614
bulgaria,bgr,2009,8.49,-0.287571399102571
bulgaria,bgr,2010,8.48,-0.2889827916650476
bulgaria,bgr,2011,7.93,-0.3666093826012597
bulgaria,bgr,2012,8.82,-0.24099544454084382
bulgaria,bgr,2013,7.38,-0.44423597353747174
bulgaria,bgr,2014,7.19,-0.4710524322245267
bulgaria,bgr,2015,6.82,-0.5232739570361603
bulgaria,bgr,2016,6.62,-0.551501808285692
bulgaria,bgr,2017,6.7,-0.5402106677858792
bulgaria,bgr,2018,6.64,-0.5486790231607388
bulgaria,bgr,2019,6.09,-0.6263056140969508
bulgaria,bgr,2020,6.68,-0.5430334529108325
bulgaria,bgr,2021,6.27,-0.6009005479723724
burkina faso,bfa,2000,17.12,0.9304603823147196
burkina faso,bfa,2001,17.08,0.9248148120648129
burkina faso,bfa,2002,16.62,0.8598907541908904
burkina faso,bfa,2003,16.47,0.8387198657537415
burkina faso,bfa,2004,16.34,0.820371762441546
burkina faso,bfa,2005,16.16,0.7949666963169676
burkina faso,bfa,2006,16.13,0.7907325186295376
burkina faso,bfa,2007,15.96,0.7667388450674361
burkina faso,bfa,2008,16.11,0.7879097335045846
burkina faso,bfa,2009,16.26,0.8090806219417336
burkina faso,bfa,2010,16.38,0.8260173326914522
burkina faso,bfa,2011,16.31,0.8161375847541161
burkina faso,bfa,2012,16.75,0.878238857503086
burkina faso,bfa,2013,16.8,0.8852958203154689
burkina faso,bfa,2014,16.52,0.8457768285661245
burkina faso,bfa,2015,16.37,0.8246059401289759
burkina faso,bfa,2016,16.29,0.813314799629163
burkina faso,bfa,2017,16.06,0.7808527706922015
burkina faso,bfa,2018,15.79,0.7427451715053339
burkina faso,bfa,2019,15.36,0.6820552913188409
burkina faso,bfa,2020,15.53,0.7060489648809428
burkina faso,bfa,2021,15.37,0.6834666838813175
burundi,bdi,2000,20.64,1.4272705643064765
burundi,bdi,2001,19.66,1.2889540931837713
burundi,bdi,2002,18.87,1.1774540807481215
burundi,bdi,2003,18.18,1.080067993937237
burundi,bdi,2004,17.64,1.0038527955635017
burundi,bdi,2005,16.66,0.8655363244407966
burundi,bdi,2006,16.04,0.7780299855672484
burundi,bdi,2007,15.16,0.6538274400693094
burundi,bdi,2008,14.44,0.5522071755709953
burundi,bdi,2009,14.51,0.5620869235083314
burundi,bdi,2010,14.51,0.5620869235083314
burundi,bdi,2011,14.31,0.5338590722587999
burundi,bdi,2012,14.12,0.5070426135717446
burundi,bdi,2013,14.07,0.4999856507593619
burundi,bdi,2014,14.06,0.49857425819688533
burundi,bdi,2015,13.74,0.45340969619763466
burundi,bdi,2016,13.9,0.47599197719726
burundi,bdi,2017,13.85,0.468935014384877
burundi,bdi,2018,13.69,0.44635273338525167
burundi,bdi,2019,13.52,0.42235905982314975
burundi,bdi,2020,13.48,0.41671348957324356
burundi,bdi,2021,14.75,0.5959603450077694
cambodia,khm,2000,5.94,-0.6474765025340995
cambodia,khm,2001,5.94,-0.6474765025340995
cambodia,khm,2002,5.5,-0.7095777752830692
cambodia,khm,2003,5.48,-0.7124005604080222
cambodia,khm,2004,5.57,-0.699698027345733
cambodia,khm,2005,5.65,-0.6884068868459203
cambodia,khm,2006,5.64,-0.689818279408397
cambodia,khm,2007,5.74,-0.6757043537836311
cambodia,khm,2008,5.67,-0.6855841017209673
cambodia,khm,2009,5.56,-0.7011094199082097
cambodia,khm,2010,5.57,-0.699698027345733
cambodia,khm,2011,5.44,-0.7180461306579285
cambodia,khm,2012,5.44,-0.7180461306579285
cambodia,khm,2013,5.3,-0.7378056265326008
cambodia,khm,2014,5.23,-0.7476853744699369
cambodia,khm,2015,5.2,-0.7519195521573666
cambodia,khm,2016,5.18,-0.7547423372823199
cambodia,khm,2017,5.14,-0.7603879075322262
cambodia,khm,2018,5.1,-0.7660334777821325
cambodia,khm,2019,5.08,-0.7688562629070856
cambodia,khm,2020,4.94,-0.7886157587817577
cambodia,khm,2021,5.04,-0.774501833156992
cameroon,cmr,2000,12.78,0.31791601019988264
cameroon,cmr,2001,13.62,0.4364729854479155
cameroon,cmr,2002,13.51,0.42094766726067323
cameroon,cmr,2003,13.72,0.45058691107268156
cameroon,cmr,2004,13.48,0.41671348957324356
cameroon,cmr,2005,13.74,0.45340969619763466
cameroon,cmr,2006,13.74,0.45340969619763466
cameroon,cmr,2007,13.86,0.4703464069473535
cameroon,cmr,2008,13.97,0.4858717251345961
cameroon,cmr,2009,13.97,0.4858717251345961
cameroon,cmr,2010,14.04,0.49575147307193196
cameroon,cmr,2011,14.1,0.5042198284467916
cameroon,cmr,2012,14.31,0.5338590722587999
cameroon,cmr,2013,14.58,0.5719666714456676
cameroon,cmr,2014,14.74,0.5945489524452929
cameroon,cmr,2015,14.34,0.5380932499462295
cameroon,cmr,2016,14.13,0.5084540061342214
cameroon,cmr,2017,13.88,0.4731691920723069
cameroon,cmr,2018,13.69,0.44635273338525167
cameroon,cmr,2019,13.7,0.4477641259477282
cameroon,cmr,2020,13.59,0.4322388077604859
cameroon,cmr,2021,13.89,0.4745805846347834
canada,can,2000,11.21,0.09632737789105944
canada,can,2001,11.37,0.11890965889068451
canada,can,2002,11.02,0.06951091920400419
canada,can,2003,11.53,0.14149193989030986
canada,can,2004,10.94,0.058219778704191524
canada,can,2005,11.24,0.10056155557848909
canada,can,2006,10.18,-0.0490460560440287
canada,can,2007,10.56,0.004586861330081536
canada,can,2008,10.66,0.01870078695484731
canada,can,2009,11.08,0.07797927457886375
canada,can,2010,11.1,0.08080205970381686
canada,can,2011,10.38,-0.020818204794496906
canada,can,2012,10.89,0.05116281589180876
canada,can,2013,10.94,0.058219778704191524
canada,can,2014,11.53,0.14149193989030986
canada,can,2015,11.59,0.1499602952651694
canada,can,2016,9.94,-0.08291947754346671
canada,can,2017,10.33,-0.027875167606879917
canada,can,2018,10.97,0.06245395639162143
canada,can,2019,11.05,0.0737450968914341
canada,can,2020,10.21,-0.04481187835659879
canada,can,2021,8.09,-0.34402710160163436
cape verde,cpv,2000,17.45,0.9770363368764465
cape verde,cpv,2001,17.29,0.9544540558768212
cape verde,cpv,2002,17.38,0.9671565889391104
cape verde,cpv,2003,17.22,0.9445743079394852
cape verde,cpv,2004,17.14,0.9332831674396727
cape verde,cpv,2005,17.93,1.0447831798753227
cape verde,cpv,2006,17.35,0.962922411251681
cape verde,cpv,2007,17.44,0.9756249443139703
cape verde,cpv,2008,17.68,1.009498365813408
cape verde,cpv,2009,17.91,1.0419603947503695
cape verde,cpv,2010,18.02,1.0574857129376118
cape verde,cpv,2011,17.77,1.0222008988756972
cape verde,cpv,2012,17.69,1.0109097583758848
cape verde,cpv,2013,17.65,1.005264188125978
cape verde,cpv,2014,17.27,0.9516312707518682
cape verde,cpv,2015,16.89,0.8979983533777581
cape verde,cpv,2016,16.38,0.8260173326914522
cape verde,cpv,2017,16.28,0.8119034070666867
cape verde,cpv,2018,16.32,0.8175489773165929
cape verde,cpv,2019,16.22,0.8034350516918268
cape verde,cpv,2020,15.23,0.6637071880066454
cape verde,cpv,2021,16.17,0.7963780888794444
central african republic,caf,2000,24.09,1.9142009983608972
central african republic,caf,2001,23.16,1.7829414900505751
central african republic,caf,2002,23.79,1.8718592214865997
central african republic,caf,2003,22.36,1.6700300850524485
central african republic,caf,2004,22.1,1.6333338784280576
central african republic,caf,2005,20.89,1.4625553783683911
central african republic,caf,2006,21.92,1.6079288123034792
central african republic,caf,2007,21.23,1.5105427254925947
central african republic,caf,2008,20.47,1.4032768907443744
central african republic,caf,2009,21.32,1.5232452585548841
central african republic,caf,2010,20.66,1.4300933494314296
central african republic,caf,2011,23.1,1.7744731346757159
central african republic,caf,2012,20.41,1.394808535369515
central african republic,caf,2013,21.16,1.5006629775552587
central african republic,caf,2014,22.56,1.69825793630198
central african republic,caf,2015,21.68,1.5740553908040409
central african republic,caf,2016,21.69,1.5754667833665177
central african republic,caf,2017,22.26,1.655916159427683
central african republic,caf,2018,21.49,1.5472389321169857
central african republic,caf,2019,20.53,1.4117452461192341
central african republic,caf,2020,21.04,1.4837262668055395
central african republic,caf,2021,19.62,1.2833085229338652
chad,tcd,2000,11.04,0.07233370432895729
chad,tcd,2001,11.13,0.08503623739124677
chad,tcd,2002,11.24,0.10056155557848909
chad,tcd,2003,11.11,0.08221345226629341
chad,tcd,2004,11.22,0.09773877045353599
chad,tcd,2005,11.42,0.12596662170306752
chad,tcd,2006,11.48,0.1344349770779271
chad,tcd,2007,11.5,0.1372577622028802
chad,tcd,2008,11.67,0.16125143576498208
chad,tcd,2009,11.84,0.185245109327084
chad,tcd,2010,11.9,0.19371346470194353
chad,tcd,2011,11.78,0.17677675395222442
chad,tcd,2012,11.61,0.15278308039012253
chad,tcd,2013,11.42,0.12596662170306752
chad,tcd,2014,11.22,0.09773877045353599
chad,tcd,2015,10.93,0.05680838614171497
chad,tcd,2016,10.79,0.037048890267042736
chad,tcd,2017,10.82,0.041283067954472646
chad,tcd,2018,10.98,0.06386534895409798
chad,tcd,2019,11.0,0.06668813407905108
chad,tcd,2020,11.24,0.10056155557848909
chad,tcd,2021,10.69,0.022934964642276966
chile,chl,2000,10.78,0.03563749770456619
chile,chl,2001,10.62,0.01305521670494085
chile,chl,2002,9.81,-0.10126758085566213
chile,chl,2003,9.69,-0.11820429160538126
chile,chl,2004,10.04,-0.06880555191870093
chile,chl,2005,9.48,-0.14784353541738937
chile,chl,2006,9.69,-0.11820429160538126
chile,chl,2007,10.61,0.011643824142464298
chile,chl,2008,11.74,0.1711311837023182
chile,chl,2009,12.1,0.2219413159514751
chile,chl,2010,11.01,0.06809952664152764
chile,chl,2011,11.0,0.06668813407905108
chile,chl,2012,9.85,-0.09562201060575592
chile,chl,2013,9.2,-0.18736252716673382
chile,chl,2014,9.31,-0.17183720897949126
chile,chl,2015,9.4,-0.15913467591720204
chile,chl,2016,9.38,-0.16195746104215514
chile,chl,2017,9.07,-0.20571063047892926
chile,chl,2018,8.56,-0.2776916511652349
chile,chl,2019,8.71,-0.25652076272808616
chile,chl,2020,7.29,-0.45693850659976093
chile,chl,2021,6.82,-0.5232739570361603
china,chn,2000,16.51,0.8443654360036481
china,chn,2001,15.91,0.759681882255053
china,chn,2002,15.41,0.6891122541312239
china,chn,2003,15.21,0.6608844028816924
china,chn,2004,14.94,0.6227768036948245
china,chn,2005,13.91,0.4774033697597366
china,chn,2006,12.45,0.27134005563815544
china,chn,2007,11.43,0.12737801426554407
china,chn,2008,10.75,0.03140332001713653
china,chn,2009,10.17,-0.05045744860650525
china,chn,2010,9.56,-0.1365523949175767
china,chn,2011,8.86,-0.2353498742909376
china,chn,2012,8.22,-0.3256789982894387
china,chn,2013,7.81,-0.3835460933509787
china,chn,2014,7.53,-0.4230650851003229
china,chn,2015,7.29,-0.45693850659976093
china,chn,2016,7.17,-0.47387521734947996
china,chn,2017,7.08,-0.48657775041176915
china,chn,2018,7.06,-0.48940053553672236
china,chn,2019,6.98,-0.500691676036535
china,chn,2020,6.91,-0.510571423973871
china,chn,2021,6.83,-0.5218625644736837
colombia,col,2000,5.51,-0.7081663827205926
colombia,col,2001,5.42,-0.7208689157828818
colombia,col,2002,5.0,-0.7801474034068983
colombia,col,2003,4.97,-0.7843815810943281
colombia,col,2004,4.94,-0.7886157587817577
colombia,col,2005,4.53,-0.8464828538432976
colombia,col,2006,4.51,-0.8493056389682508
colombia,col,2007,4.39,-0.8662423497179699
colombia,col,2008,4.42,-0.86200817203054
colombia,col,2009,4.24,-0.8874132381551185
colombia,col,2010,3.98,-0.9241094447795096
colombia,col,2011,3.8,-0.9495145109040882
colombia,col,2012,3.87,-0.9396347629667521
colombia,col,2013,3.73,-0.9593942588414242
colombia,col,2014,3.78,-0.9523372960290414
colombia,col,2015,4.08,-0.9099955191547439
colombia,col,2016,4.22,-0.8902360232800718
colombia,col,2017,4.49,-0.852128424093204
colombia,col,2018,4.84,-0.8027296844065236
colombia,col,2019,4.88,-0.7970841141566173
colombia,col,2020,4.59,-0.8380144984684382
colombia,col,2021,4.71,-0.8210777877187192
comoros,com,2000,11.73,0.16971979113984165
comoros,com,2001,11.38,0.12032105145316133
comoros,com,2002,11.03,0.07092231176648074
comoros,com,2003,10.46,-0.009527064294684235
comoros,com,2004,10.24,-0.04057770066916914
comoros,com,2005,9.82,-0.09985618829318559
comoros,com,2006,9.85,-0.09562201060575592
comoros,com,2007,9.64,-0.12526125441776403
comoros,com,2008,9.73,-0.1125587213554748
comoros,com,2009,9.41,-0.15772328335472546
comoros,com,2010,9.9,-0.08856504779337292
comoros,com,2011,9.49,-0.1464321428549128
comoros,com,2012,9.56,-0.1365523949175767
comoros,com,2013,9.51,-0.1436093577299597
comoros,com,2014,9.76,-0.10832454366804514
comoros,com,2015,9.63,-0.12667264698024058
comoros,com,2016,9.57,-0.13514100235510013
comoros,com,2017,9.33,-0.16901442385453813
comoros,com,2018,9.24,-0.18171695691682738
comoros,com,2019,9.11,-0.20006506022902304
comoros,com,2020,9.22,-0.18453974204178047
comoros,com,2021,8.86,-0.2353498742909376
congo,cog,2000,21.24,1.511954118055071
congo,cog,2001,18.98,1.1929793989353639
congo,cog,2002,17.29,0.9544540558768212
congo,cog,2003,15.89,0.7568590971300999
congo,cog,2004,16.12,0.7893211260670614
congo,cog,2005,15.54,0.7074603574434193
congo,cog,2006,14.12,0.5070426135717446
congo,cog,2007,14.05,0.49716286563440876
congo,cog,2008,13.79,0.46046665901001743
congo,cog,2009,14.14,0.509865398696698
congo,cog,2010,13.77,0.45764387388506433
congo,cog,2011,13.47,0.415302097010767
congo,cog,2012,13.75,0.45482108876011124
congo,cog,2013,13.11,0.3644919647616099
congo,cog,2014,12.54,0.28404258870044463
congo,cog,2015,11.73,0.16971979113984165
congo,cog,2016,11.42,0.12596662170306752
congo,cog,2017,11.3,0.10902991095334866
congo,cog,2018,11.44,0.12878940682802065
congo,cog,2019,11.92,0.19653624982689666
congo,cog,2020,11.33,0.11326408864077832
congo,cog,2021,11.17,0.09068180764115298
cook islands,cok,2000,14.3,0.5324476796963233
cook islands,cok,2001,12.67,0.3023906920126403
cook islands,cok,2002,12.25,0.24311220438862388
cook islands,cok,2003,10.96,0.06104256382914488
cook islands,cok,2004,9.38,-0.16195746104215514
cook islands,cok,2005,10.8,0.03846028282951954
cook islands,cok,2006,12.33,0.2544033448884365
cook islands,cok,2007,9.12,-0.1986536676665465
cook islands,cok,2008,9.93,-0.08433087010594326
cook islands,cok,2009,9.71,-0.1153815064804279
cook islands,cok,2010,12.03,0.21206156801413897
cook islands,cok,2011,10.58,0.007409646455034641
cook islands,cok,2012,10.05,-0.06739415935622413
cook islands,cok,2013,9.75,-0.1097359362305217
cook islands,cok,2014,9.8,-0.10267897341813868
cook islands,cok,2015,10.27,-0.03634352298173948
cook islands,cok,2016,13.7,0.4477641259477282
cook islands,cok,2017,11.64,0.15701725807755243
cook islands,cok,2018,10.51,-0.0024701014823014754
cook islands,cok,2019,9.34,-0.16760303129206158
cook islands,cok,2020,8.84,-0.23817265941589072
cook islands,cok,2021,10.35,-0.025052382481926812
costa rica,cri,2000,6.51,-0.5670271264729344
costa rica,cri,2001,5.31,-0.7363942339701243
costa rica,cri,2002,6.9,-0.5119828165363476
costa rica,cri,2003,7.8,-0.38495748591345524
costa rica,cri,2004,8.03,-0.3524954569764939
costa rica,cri,2005,6.49,-0.5698499115978874
costa rica,cri,2006,8.1,-0.34261570903915783
costa rica,cri,2007,5.57,-0.699698027345733
costa rica,cri,2008,5.45,-0.7166347380954521
costa rica,cri,2009,5.53,-0.7053435975956394
costa rica,cri,2010,6.51,-0.5670271264729344
costa rica,cri,2011,6.45,-0.5754954818477939
costa rica,cri,2012,6.13,-0.6206600438470445
costa rica,cri,2013,6.24,-0.6051347256598021
costa rica,cri,2014,5.18,-0.7547423372823199
costa rica,cri,2015,6.16,-0.6164258661596147
costa rica,cri,2016,6.58,-0.5571473785355983
costa rica,cri,2017,5.34,-0.7321600562826945
costa rica,cri,2018,7.19,-0.4710524322245267
costa rica,cri,2019,6.72,-0.5373878826609262
costa rica,cri,2020,6.07,-0.6291283992219039
costa rica,cri,2021,7.63,-0.40895115947555716
cote d'ivoire,civ,2000,12.19,0.2346438490137643
cote d'ivoire,civ,2001,12.05,0.21488435313909232
cote d'ivoire,civ,2002,11.89,0.19230207213946698
cote d'ivoire,civ,2003,11.84,0.185245109327084
cote d'ivoire,civ,2004,11.0,0.06668813407905108
cote d'ivoire,civ,2005,11.07,0.0765678820163872
cote d'ivoire,civ,2006,11.17,0.09068180764115298
cote d'ivoire,civ,2007,11.57,0.1471375101402163
cote d'ivoire,civ,2008,12.04,0.21347296057661552
cote d'ivoire,civ,2009,13.09,0.3616691796366568
cote d'ivoire,civ,2010,14.66,0.5832578119454802
cote d'ivoire,civ,2011,15.2,0.6594730103192156
cote d'ivoire,civ,2012,15.43,0.6919350392561769
cote d'ivoire,civ,2013,15.36,0.6820552913188409
cote d'ivoire,civ,2014,14.71,0.5903147747578632
cote d'ivoire,civ,2015,13.93,0.48022615488468967
cote d'ivoire,civ,2016,13.57,0.42941602263553275
cote d'ivoire,civ,2017,13.38,0.4025995639484778
cote d'ivoire,civ,2018,13.4,0.4054223490734309
cote d'ivoire,civ,2019,13.35,0.3983653862610479
cote d'ivoire,civ,2020,13.11,0.3644919647616099
cote d'ivoire,civ,2021,12.64,0.2981565143252107
croatia,hrv,2000,15.76,0.7385109938179042
croatia,hrv,2001,14.9,0.6171312334449183
croatia,hrv,2002,14.58,0.5719666714456676
croatia,hrv,2003,14.83,0.6072514855075821
croatia,hrv,2004,14.6,0.5747894565706206
croatia,hrv,2005,14.82,0.6058400929451055
croatia,hrv,2006,13.61,0.435061592885439
croatia,hrv,2007,12.94,0.340498291199508
croatia,hrv,2008,13.13,0.3673147498865632
croatia,hrv,2009,13.09,0.3616691796366568
croatia,hrv,2010,12.89,0.3334413283871252
croatia,hrv,2011,11.68,0.16266282832745865
croatia,hrv,2012,13.02,0.35178943169932064
croatia,hrv,2013,12.22,0.2388780267011942
croatia,hrv,2014,12.28,0.24734638207605353
croatia,hrv,2015,12.04,0.21347296057661552
croatia,hrv,2016,11.37,0.11890965889068451
croatia,hrv,2017,10.79,0.037048890267042736
croatia,hrv,2018,11.53,0.14149193989030986
croatia,hrv,2019,10.51,-0.0024701014823014754
croatia,hrv,2020,10.46,-0.009527064294684235
croatia,hrv,2021,10.66,0.01870078695484731
cuba,cub,2000,15.59,0.7145173202558023
cuba,cub,2001,13.67,0.44352994826029857
cuba,cub,2002,12.86,0.3292071506996953
cuba,cub,2003,11.97,0.20359321263927965
cuba,cub,2004,11.99,0.20641599776423275
cuba,cub,2005,11.08,0.07797927457886375
cuba,cub,2006,10.63,0.014466609267417652
cuba,cub,2007,9.92,-0.0857422626684198
cuba,cub,2008,10.37,-0.022229597356973708
cuba,cub,2009,11.04,0.07233370432895729
cuba,cub,2010,11.41,0.12455522914059099
cuba,cub,2011,11.1,0.08080205970381686
cuba,cub,2012,10.73,0.028580534892183426
cuba,cub,2013,10.64,0.015878001829894205
cuba,cub,2014,10.19,-0.047634663481552146
cuba,cub,2015,10.38,-0.020818204794496906
cuba,cub,2016,9.75,-0.1097359362305217
cuba,cub,2017,10.58,0.007409646455034641
cuba,cub,2018,10.05,-0.06739415935622413
cuba,cub,2019,9.55,-0.13796378748005325
cuba,cub,2020,9.9,-0.08856504779337292
cuba,cub,2021,9.25,-0.1803055643543508
cyprus,cyp,2000,1.83,-1.2275588457119748
cyprus,cyp,2001,1.88,-1.2205018828995922
cyprus,cyp,2002,1.93,-1.213444920087209
cyprus,cyp,2003,1.93,-1.213444920087209
cyprus,cyp,2004,0.83,-1.3686981019596332
cyprus,cyp,2005,2.13,-1.1852170688376775
cyprus,cyp,2006,3.03,-1.0581917382147852
cyprus,cyp,2007,2.69,-1.1061790853389888
cyprus,cyp,2008,5.39,-0.7251030934703117
cyprus,cyp,2009,3.96,-0.9269322299044629
cyprus,cyp,2010,4.52,-0.8478942464057743
cyprus,cyp,2011,3.76,-0.9551600811539945
cyprus,cyp,2012,5.07,-0.7702676554695622
cyprus,cyp,2013,5.26,-0.7434511967825072
cyprus,cyp,2014,4.89,-0.7956727215941407
cyprus,cyp,2015,4.32,-0.8761220976553058
cyprus,cyp,2016,4.53,-0.8464828538432976
cyprus,cyp,2017,3.97,-0.9255208373419862
cyprus,cyp,2018,5.03,-0.7759132257194685
cyprus,cyp,2019,3.88,-0.9382233704042755
cyprus,cyp,2020,3.29,-1.0214955315903937
cyprus,cyp,2021,2.66,-1.1104132630264185
czechia,cze,2000,13.47,0.415302097010767
czechia,cze,2001,13.23,0.381428675511329
czechia,cze,2002,12.45,0.27134005563815544
czechia,cze,2003,13.78,0.45905526644754086
czechia,cze,2004,13.24,0.38284006807380555
czechia,cze,2005,12.69,0.30521347713759345
czechia,cze,2006,11.56,0.14572611757773976
czechia,cze,2007,11.34,0.11467548120325487
czechia,cze,2008,11.4,0.12314383657811442
czechia,cze,2009,11.87,0.18947928701451364
czechia,cze,2010,11.98,0.2050046052017562
czechia,cze,2011,12.97,0.34473246888693787
czechia,cze,2012,13.09,0.3616691796366568
czechia,cze,2013,12.77,0.3165046176374061
czechia,cze,2014,11.73,0.16971979113984165
czechia,cze,2015,10.47,-0.008115671732207685
czechia,cze,2016,10.42,-0.015172634544590696
czechia,cze,2017,11.23,0.09915016301601254
czechia,cze,2018,10.91,0.053985601016761864
czechia,cze,2019,9.57,-0.13514100235510013
czechia,cze,2020,9.9,-0.08856504779337292
czechia,cze,2021,10.32,-0.02928656016935647
democratic republic of congo,cod,2000,14.23,0.5225679317589872
democratic republic of congo,cod,2001,14.32,0.5352704648212765
democratic republic of congo,cod,2002,14.34,0.5380932499462295
democratic republic of congo,cod,2003,14.69,0.5874919896329098
democratic republic of congo,cod,2004,14.65,0.5818464193830036
democratic republic of congo,cod,2005,14.54,0.5663211011957611
democratic republic of congo,cod,2006,14.41,0.5479729978835657
democratic republic of congo,cod,2007,14.7,0.5889033821953864
democratic republic of congo,cod,2008,14.84,0.6086628780700587
democratic republic of congo,cod,2009,14.56,0.5691438863207144
democratic republic of congo,cod,2010,14.62,0.5776122416955738
democratic republic of congo,cod,2011,14.59,0.5733780640081441
democratic republic of congo,cod,2012,14.59,0.5733780640081441
democratic republic of congo,cod,2013,14.65,0.5818464193830036
democratic republic of congo,cod,2014,14.71,0.5903147747578632
democratic republic of congo,cod,2015,14.7,0.5889033821953864
democratic republic of congo,cod,2016,14.91,0.6185426260073947
democratic republic of congo,cod,2017,15.27,0.6693527582565516
democratic republic of congo,cod,2018,15.36,0.6820552913188409
democratic republic of congo,cod,2019,14.92,0.6199540185698713
democratic republic of congo,cod,2020,15.15,0.6524160475068328
democratic republic of congo,cod,2021,15.76,0.7385109938179042
denmark,dnk,2000,12.45,0.27134005563815544
denmark,dnk,2001,12.38,0.26146030770081957
denmark,dnk,2002,11.38,0.12032105145316133
denmark,dnk,2003,10.47,-0.008115671732207685
denmark,dnk,2004,11.34,0.11467548120325487
denmark,dnk,2005,11.03,0.07092231176648074
denmark,dnk,2006,11.17,0.09068180764115298
denmark,dnk,2007,9.69,-0.11820429160538126
denmark,dnk,2008,9.99,-0.0758625147310837
denmark,dnk,2009,9.64,-0.12526125441776403
denmark,dnk,2010,8.82,-0.24099544454084382
denmark,dnk,2011,9.57,-0.13514100235510013
denmark,dnk,2012,9.89,-0.08997644035584947
denmark,dnk,2013,8.98,-0.21841316354121848
denmark,dnk,2014,9.07,-0.20571063047892926
denmark,dnk,2015,8.2,-0.32850178341439207
denmark,dnk,2016,8.23,-0.32426760572696217
denmark,dnk,2017,8.18,-0.33132456853934517
denmark,dnk,2018,8.05,-0.3496726718515406
denmark,dnk,2019,8.09,-0.34402710160163436
denmark,dnk,2020,8.25,-0.321444820602009
denmark,dnk,2021,7.63,-0.40895115947555716
djibouti,dji,2000,8.71,-0.25652076272808616
djibouti,dji,2001,8.89,-0.2311156966035077
djibouti,dji,2002,9.53,-0.1407865726050066
djibouti,dji,2003,9.96,-0.08009669241851335
djibouti,dji,2004,10.17,-0.05045744860650525
djibouti,dji,2005,9.87,-0.09279922548080283
djibouti,dji,2006,9.58,-0.13372960979262358
djibouti,dji,2007,9.74,-0.11114732879299825
djibouti,dji,2008,9.13,-0.1972422751040697
djibouti,dji,2009,9.43,-0.15490049822977237
djibouti,dji,2010,9.13,-0.1972422751040697
djibouti,dji,2011,9.36,-0.16478024616710849
djibouti,dji,2012,9.54,-0.13937518004253005
djibouti,dji,2013,9.71,-0.1153815064804279
djibouti,dji,2014,10.4,-0.0179954196695438
djibouti,dji,2015,10.21,-0.04481187835659879
djibouti,dji,2016,10.51,-0.0024701014823014754
djibouti,dji,2017,10.69,0.022934964642276966
djibouti,dji,2018,10.72,0.027169142329706873
djibouti,dji,2019,10.42,-0.015172634544590696
djibouti,dji,2020,10.35,-0.025052382481926812
djibouti,dji,2021,10.13,-0.05610301885641146
dominica,dma,2000,3.97,-0.9255208373419862
dominica,dma,2001,3.92,-0.9325778001543692
dominica,dma,2002,4.06,-0.9128183042796971
dominica,dma,2003,4.07,-0.9114069117172204
dominica,dma,2004,3.64,-0.9720967919037133
dominica,dma,2005,4.06,-0.9128183042796971
dominica,dma,2006,3.82,-0.946691725779135
dominica,dma,2007,3.81,-0.9481031183416115
dominica,dma,2008,3.97,-0.9255208373419862
dominica,dma,2009,3.98,-0.9241094447795096
dominica,dma,2010,3.99,-0.922698052217033
dominica,dma,2011,3.92,-0.9325778001543692
dominica,dma,2012,3.92,-0.9325778001543692
dominica,dma,2013,3.96,-0.9269322299044629
dominica,dma,2014,4.12,-0.9043499489048376
dominica,dma,2015,3.75,-0.9565714737164711
dominica,dma,2016,4.07,-0.9114069117172204
dominica,dma,2017,3.68,-0.9664512216538071
dominica,dma,2018,3.51,-0.9904448952159091
dominica,dma,2019,3.97,-0.9255208373419862
dominica,dma,2020,3.44,-1.000324643153245
dominica,dma,2021,3.51,-0.9904448952159091
dominican republic,dom,2000,5.27,-0.7420398042200306
dominican republic,dom,2001,5.02,-0.7773246182819452
dominican republic,dom,2002,4.86,-0.7999068992815704
dominican republic,dom,2003,4.84,-0.8027296844065236
dominican republic,dom,2004,5.01,-0.7787360108444217
dominican republic,dom,2005,5.3,-0.7378056265326008
dominican republic,dom,2006,5.21,-0.75050815959489
dominican republic,dom,2007,5.07,-0.7702676554695622
dominican republic,dom,2008,5.03,-0.7759132257194685
dominican republic,dom,2009,5.01,-0.7787360108444217
dominican republic,dom,2010,4.84,-0.8027296844065236
dominican republic,dom,2011,4.85,-0.801318291844047
dominican republic,dom,2012,5.48,-0.7124005604080222
dominican republic,dom,2013,5.84,-0.6615904281588654
dominican republic,dom,2014,6.63,-0.5500904157232154
dominican republic,dom,2015,6.83,-0.5218625644736837
dominican republic,dom,2016,6.65,-0.5472676305982621
dominican republic,dom,2017,6.98,-0.500691676036535
dominican republic,dom,2018,6.49,-0.5698499115978874
dominican republic,dom,2019,6.07,-0.6291283992219039
dominican republic,dom,2020,4.5,-0.8507170315307274
dominican republic,dom,2021,4.42,-0.86200817203054
east timor,tls,2000,4.44,-0.8591853869055869
east timor,tls,2001,4.36,-0.8704765274053995
east timor,tls,2002,3.83,-0.9452803332166584
east timor,tls,2003,4.19,-0.8944702009675014
east timor,tls,2004,4.06,-0.9128183042796971
east timor,tls,2005,4.11,-0.905761341467314
east timor,tls,2006,3.99,-0.922698052217033
east timor,tls,2007,4.16,-0.8987043786549311
east timor,tls,2008,4.18,-0.8958815935299781
east timor,tls,2009,5.05,-0.7730904405945154
east timor,tls,2010,4.87,-0.7984955067190939
east timor,tls,2011,4.86,-0.7999068992815704
east timor,tls,2012,4.57,-0.8408372835933913
east timor,tls,2013,4.53,-0.8464828538432976
east timor,tls,2014,4.58,-0.8394258910309147
east timor,tls,2015,4.32,-0.8761220976553058
east timor,tls,2016,4.41,-0.8634195645930166
east timor,tls,2017,4.2,-0.8930588084050248
east timor,tls,2018,4.3,-0.8789448827802591
east timor,tls,2019,4.45,-0.8577739943431103
east timor,tls,2020,3.72,-0.9608056514039007
east timor,tls,2021,4.16,-0.8987043786549311
ecuador,ecu,2000,5.88,-0.6559448579089591
ecuador,ecu,2001,6.08,-0.6277170066594274
ecuador,ecu,2002,5.82,-0.6644132132838185
ecuador,ecu,2003,6.58,-0.5571473785355983
ecuador,ecu,2004,7.34,-0.44988154378737805
ecuador,ecu,2005,8.82,-0.24099544454084382
ecuador,ecu,2006,8.2,-0.32850178341439207
ecuador,ecu,2007,8.85,-0.23676126685341414
ecuador,ecu,2008,8.64,-0.26640051066542225
ecuador,ecu,2009,8.99,-0.21700177097874193
ecuador,ecu,2010,8.18,-0.33132456853934517
ecuador,ecu,2011,8.42,-0.29745114703990716
ecuador,ecu,2012,8.28,-0.3172106429145794
ecuador,ecu,2013,5.98,-0.6418309322841932
ecuador,ecu,2014,6.77,-0.5303309198485433
ecuador,ecu,2015,8.51,-0.2847486139776179
ecuador,ecu,2016,8.91,-0.2282929114785546
ecuador,ecu,2017,8.99,-0.21700177097874193
ecuador,ecu,2018,8.51,-0.2847486139776179
ecuador,ecu,2019,8.45,-0.2932169693524775
ecuador,ecu,2020,7.55,-0.4202422999753698
ecuador,ecu,2021,7.42,-0.4385904032875654
egypt,egy,2000,1.08,-1.3334132878977185
egypt,egy,2001,1.11,-1.3291791102102888
egypt,egy,2002,1.12,-1.327767717647812
egypt,egy,2003,1.1,-1.3305905027727654
egypt,egy,2004,1.09,-1.332001895335242
egypt,egy,2005,1.07,-1.334824680460195
egypt,egy,2006,1.05,-1.3376474655851482
egypt,egy,2007,1.03,-1.3404702507101016
egypt,egy,2008,1.03,-1.3404702507101016
egypt,egy,2009,1.04,-1.339058858147625
egypt,egy,2010,1.05,-1.3376474655851482
egypt,egy,2011,1.1,-1.3305905027727654
egypt,egy,2012,1.16,-1.322122147397906
egypt,egy,2013,1.15,-1.3235335399603825
egypt,egy,2014,1.09,-1.332001895335242
egypt,egy,2015,1.1,-1.3305905027727654
egypt,egy,2016,1.06,-1.3362360730226717
egypt,egy,2017,1.01,-1.3432930358350545
egypt,egy,2018,1.0,-1.3447044283975311
egypt,egy,2019,1.02,-1.3418816432725782
egypt,egy,2020,0.88,-1.36164113914725
egypt,egy,2021,0.73,-1.382812027584399
el salvador,slv,2000,8.73,-0.253697977603133
el salvador,slv,2001,8.49,-0.287571399102571
el salvador,slv,2002,7.68,-0.4018941966631743
el salvador,slv,2003,8.03,-0.3524954569764939
el salvador,slv,2004,8.94,-0.22405873379112493
el salvador,slv,2005,10.14,-0.05469162629393491
el salvador,slv,2006,10.33,-0.027875167606879917
el salvador,slv,2007,9.72,-0.11397011391795135
el salvador,slv,2008,8.93,-0.22547012635360147
el salvador,slv,2009,10.26,-0.03775491554421603
el salvador,slv,2010,8.72,-0.2551093701656096
el salvador,slv,2011,9.34,-0.16760303129206158
el salvador,slv,2012,7.38,-0.44423597353747174
el salvador,slv,2013,7.28,-0.4583498991622375
el salvador,slv,2014,8.63,-0.26781190322789883
el salvador,slv,2015,11.93,0.1979476423893732
el salvador,slv,2016,10.15,-0.053280233731458355
el salvador,slv,2017,8.75,-0.2508751924781799
el salvador,slv,2018,7.58,-0.41600812228794004
el salvador,slv,2019,7.99,-0.3581410272264001
el salvador,slv,2020,7.65,-0.40612837435060395
el salvador,slv,2021,7.85,-0.37790052310107236
equatorial guinea,gnq,2000,16.03,0.7766185930047721
equatorial guinea,gnq,2001,14.19,0.5169223615090808
equatorial guinea,gnq,2002,12.99,0.34755525401189097
equatorial guinea,gnq,2003,12.59,0.2910995515128276
equatorial guinea,gnq,2004,11.74,0.1711311837023182
equatorial guinea,gnq,2005,11.14,0.08644762995372332
equatorial guinea,gnq,2006,10.38,-0.020818204794496906
equatorial guinea,gnq,2007,9.83,-0.09844479573070904
equatorial guinea,gnq,2008,10.06,-0.06598276679374758
equatorial guinea,gnq,2009,9.89,-0.08997644035584947
equatorial guinea,gnq,2010,9.81,-0.10126758085566213
equatorial guinea,gnq,2011,9.96,-0.08009669241851335
equatorial guinea,gnq,2012,9.87,-0.09279922548080283
equatorial guinea,gnq,2013,9.22,-0.18453974204178047
equatorial guinea,gnq,2014,9.11,-0.20006506022902304
equatorial guinea,gnq,2015,9.51,-0.1436093577299597
equatorial guinea,gnq,2016,10.18,-0.0490460560440287
equatorial guinea,gnq,2017,10.5,-0.0038814940447780273
equatorial guinea,gnq,2018,11.04,0.07233370432895729
equatorial guinea,gnq,2019,11.16,0.08927041507867642
equatorial guinea,gnq,2020,11.07,0.0765678820163872
equatorial guinea,gnq,2021,10.45,-0.01093845685716104
eritrea,eri,2000,24.6,1.9861820190472033
eritrea,eri,2001,23.33,1.8069351636126767
eritrea,eri,2002,23.31,1.8041123784877238
eritrea,eri,2003,21.84,1.5966376718036663
eritrea,eri,2004,21.92,1.6079288123034792
eritrea,eri,2005,22.04,1.6248655230531979
eritrea,eri,2006,22.14,1.6389794486779639
eritrea,eri,2007,21.85,1.5980490643661431
eritrea,eri,2008,21.96,1.6135743825533855
eritrea,eri,2009,22.57,1.6996693288644569
eritrea,eri,2010,22.26,1.655916159427683
eritrea,eri,2011,21.82,1.5938148866787132
eritrea,eri,2012,21.44,1.5401819693046033
eritrea,eri,2013,21.53,1.5528845023668925
eritrea,eri,2014,21.07,1.4879604444929695
eritrea,eri,2015,20.93,1.4682009486182972
eritrea,eri,2016,20.59,1.4202136014940934
eritrea,eri,2017,20.6,1.4216249940565702
eritrea,eri,2018,20.53,1.4117452461192341
eritrea,eri,2019,20.12,1.3538781510576943
eritrea,eri,2020,19.89,1.3214161221207328
eritrea,eri,2021,20.17,1.3609351138700774
estonia,est,2000,25.18,2.0680427876708447
estonia,est,2001,26.07,2.1936567257312607
estonia,est,2002,24.52,1.9748908785473902
estonia,est,2003,22.61,1.705314899114363
estonia,est,2004,22.01,1.6206313453657684
estonia,est,2005,18.92,1.1845110435605044
estonia,est,2006,16.78,0.8824730351905158
estonia,est,2007,17.71,1.013732543500838
estonia,est,2008,16.48,0.8401312583162183
estonia,est,2009,17.87,1.0363148245004632
estonia,est,2010,14.89,0.6157198408824417
estonia,est,2011,14.01,0.49151729538450234
estonia,est,2012,15.33,0.6778211136314112
estonia,est,2013,14.16,0.5126881838216512
estonia,est,2014,15.86,0.75262491944267
estonia,est,2015,13.2,0.3771944978238991
estonia,est,2016,11.81,0.18101093163965432
estonia,est,2017,14.22,0.5211565391965106
estonia,est,2018,12.08,0.219118530826522
estonia,est,2019,12.83,0.32497297301226563
estonia,est,2020,14.52,0.563498316070808
estonia,est,2021,12.46,0.27275144820063224
eswatini,swz,2000,18.84,1.1732199030606916
eswatini,swz,2001,20.51,1.408922460994281
eswatini,swz,2002,22.06,1.6276883081781508
eswatini,swz,2003,23.3,1.8027009859252474
eswatini,swz,2004,23.92,1.8902073247987956
eswatini,swz,2005,24.34,1.9494858124228118
eswatini,swz,2006,24.94,2.034169366171407
eswatini,swz,2007,25.45,2.1061503868577125
eswatini,swz,2008,26.08,2.195068118293737
eswatini,swz,2009,25.51,2.1146187422325724
eswatini,swz,2010,35.63,3.5429480154588737
eswatini,swz,2011,25.37,2.0948592463579
eswatini,swz,2012,25.92,2.1724858372941123
eswatini,swz,2013,26.92,2.3136250935417704
eswatini,swz,2014,28.35,2.5154542299759215
eswatini,swz,2015,30.52,2.8217264160333397
eswatini,swz,2016,32.45,3.0941251805913206
eswatini,swz,2017,35.5,3.5245999121466776
eswatini,swz,2018,36.12,3.6121062510202253
eswatini,swz,2019,33.85,3.2917201393380418
eswatini,swz,2020,29.59,2.6904669077230174
eswatini,swz,2021,32.35,3.0800112549665544
ethiopia,eth,2000,14.62,0.5776122416955738
ethiopia,eth,2001,14.25,0.5253907168839403
ethiopia,eth,2002,13.95,0.48304894000964277
ethiopia,eth,2003,13.61,0.435061592885439
ethiopia,eth,2004,13.23,0.381428675511329
ethiopia,eth,2005,12.76,0.31509322507492954
ethiopia,eth,2006,12.29,0.24875777463853008
ethiopia,eth,2007,11.98,0.2050046052017562
ethiopia,eth,2008,11.78,0.17677675395222442
ethiopia,eth,2009,11.47,0.13302358451545054
ethiopia,eth,2010,11.19,0.09350459276610608
ethiopia,eth,2011,11.01,0.06809952664152764
ethiopia,eth,2012,10.69,0.022934964642276966
ethiopia,eth,2013,9.92,-0.0857422626684198
ethiopia,eth,2014,9.69,-0.11820429160538126
ethiopia,eth,2015,10.02,-0.07162833704365404
ethiopia,eth,2016,10.03,-0.07021694448117749
ethiopia,eth,2017,9.99,-0.0758625147310837
ethiopia,eth,2018,10.16,-0.05186884116898181
ethiopia,eth,2019,10.24,-0.04057770066916914
ethiopia,eth,2020,10.57,0.0059982538925580885
ethiopia,eth,2021,10.75,0.03140332001713653
fiji,fji,2000,11.37,0.11890965889068451
fiji,fji,2001,10.96,0.06104256382914488
fiji,fji,2002,10.63,0.014466609267417652
fiji,fji,2003,10.33,-0.027875167606879917
fiji,fji,2004,9.85,-0.09562201060575592
fiji,fji,2005,10.06,-0.06598276679374758
fiji,fji,2006,9.73,-0.1125587213554748
fiji,fji,2007,9.83,-0.09844479573070904
fiji,fji,2008,10.0,-0.07445112216860714
fiji,fji,2009,10.18,-0.0490460560440287
fiji,fji,2010,10.19,-0.047634663481552146
fiji,fji,2011,10.32,-0.02928656016935647
fiji,fji,2012,10.41,-0.01658402710706725
fiji,fji,2013,10.43,-0.013761241982114144
fiji,fji,2014,10.16,-0.05186884116898181
fiji,fji,2015,9.82,-0.09985618829318559
fiji,fji,2016,9.78,-0.10550175854309204
fiji,fji,2017,10.01,-0.07303972960613059
fiji,fji,2018,9.91,-0.08715365523089637
fiji,fji,2019,9.78,-0.10550175854309204
fiji,fji,2020,9.73,-0.1125587213554748
fiji,fji,2021,8.55,-0.2791030437277115
finland,fin,2000,21.46,1.5430047544295562
finland,fin,2001,21.42,1.5373591841796501
finland,fin,2002,19.39,1.2508464939969037
finland,fin,2003,19.06,1.2042705394351763
finland,fin,2004,18.94,1.1873338286854576
finland,fin,2005,16.93,0.9036439236276643
finland,fin,2006,18.31,1.0984160972494326
finland,fin,2007,16.96,0.9078781013150943
finland,fin,2008,18.11,1.070188245999901
finland,fin,2009,17.82,1.0292578616880803
finland,fin,2010,16.5,0.8429540434411713
finland,fin,2011,15.4,0.6877008615687473
finland,fin,2012,14.76,0.597371737570246
finland,fin,2013,15.03,0.6354793367571137
finland,fin,2014,13.75,0.45482108876011124
finland,fin,2015,12.2,0.23605524157624086
finland,fin,2016,13.31,0.39271981601114164
finland,fin,2017,14.09,0.502808435884315
finland,fin,2018,13.68,0.4449413408227751
finland,fin,2019,13.04,0.35461221682427374
finland,fin,2020,12.78,0.31791601019988264
finland,fin,2021,12.59,0.2910995515128276
france,fra,2000,15.97,0.7681502376299125
france,fra,2001,15.54,0.7074603574434193
france,fra,2002,15.74,0.7356882086929512
france,fra,2003,15.91,0.759681882255053
france,fra,2004,15.41,0.6891122541312239
france,fra,2005,14.88,0.6143084483199651
france,fra,2006,14.36,0.5409160350711827
france,fra,2007,13.87,0.4717577995098301
france,fra,2008,13.97,0.4858717251345961
france,fra,2009,14.1,0.5042198284467916
france,fra,2010,13.86,0.4703464069473535
france,fra,2011,13.64,0.4392957705728689
france,fra,2012,12.77,0.3165046176374061
france,fra,2013,12.51,0.27980841101301496
france,fra,2014,11.48,0.1344349770779271
france,fra,2015,11.39,0.12173244401563788
france,fra,2016,10.61,0.011643824142464298
france,fra,2017,10.49,-0.005292886607254579
france,fra,2018,10.85,0.0455172456419023
france,fra,2019,10.77,0.03422610514208963
france,fra,2020,11.51,0.13866915476535674
france,fra,2021,11.77,0.17536536138974787
gabon,gab,2000,13.94,0.4816375474471662
gabon,gab,2001,13.53,0.42377045238562633
gabon,gab,2002,12.74,0.31227043994997644
gabon,gab,2003,12.57,0.28827676638787453
gabon,gab,2004,12.39,0.2628717002632961
gabon,gab,2005,13.56,0.4280046300730562
gabon,gab,2006,13.88,0.4731691920723069
gabon,gab,2007,12.94,0.340498291199508
gabon,gab,2008,13.1,0.3630805721991333
gabon,gab,2009,13.7,0.4477641259477282
gabon,gab,2010,13.62,0.4364729854479155
gabon,gab,2011,13.67,0.44352994826029857
gabon,gab,2012,13.15,0.3701375350115163
gabon,gab,2013,13.12,0.3659033573240864
gabon,gab,2014,14.56,0.5691438863207144
gabon,gab,2015,14.34,0.5380932499462295
gabon,gab,2016,13.92,0.4788147623222131
gabon,gab,2017,13.63,0.4378843780103923
gabon,gab,2018,13.58,0.4308274151980093
gabon,gab,2019,13.02,0.35178943169932064
gabon,gab,2020,11.01,0.06809952664152764
gabon,gab,2021,10.56,0.004586861330081536
gambia,gmb,2000,8.94,-0.22405873379112493
gambia,gmb,2001,9.13,-0.1972422751040697
gambia,gmb,2002,9.36,-0.16478024616710849
gambia,gmb,2003,9.43,-0.15490049822977237
gambia,gmb,2004,9.44,-0.15348910566729582
gambia,gmb,2005,9.17,-0.19159670485416347
gambia,gmb,2006,8.82,-0.24099544454084382
gambia,gmb,2007,8.77,-0.2480524073532268
gambia,gmb,2008,8.85,-0.23676126685341414
gambia,gmb,2009,8.8,-0.24381822966579692
gambia,gmb,2010,8.49,-0.287571399102571
gambia,gmb,2011,8.83,-0.23958405197836727
gambia,gmb,2012,8.93,-0.22547012635360147
gambia,gmb,2013,8.93,-0.22547012635360147
gambia,gmb,2014,8.95,-0.22264734122864838
gambia,gmb,2015,8.92,-0.22688151891607805
gambia,gmb,2016,8.86,-0.2353498742909376
gambia,gmb,2017,8.81,-0.24240683710332037
gambia,gmb,2018,8.71,-0.25652076272808616
gambia,gmb,2019,8.79,-0.2452296222282737
gambia,gmb,2020,8.74,-0.2522865850406565
gambia,gmb,2021,8.29,-0.3157992503521028
georgia,geo,2000,2.63,-1.1146474407138482
georgia,geo,2001,2.13,-1.1852170688376775
georgia,geo,2002,3.18,-1.0370208497776363
georgia,geo,2003,2.46,-1.13864111427595
georgia,geo,2004,4.31,-0.8775334902177825
georgia,geo,2005,2.02,-1.2007423870249199
georgia,geo,2006,1.55,-1.267077837461319
georgia,geo,2007,2.17,-1.179571498587771
georgia,geo,2008,3.05,-1.0553689530898318
georgia,geo,2009,4.19,-0.8944702009675014
georgia,geo,2010,2.74,-1.099122122526606
georgia,geo,2011,2.12,-1.1866284614001539
georgia,geo,2012,2.28,-1.1640461804005287
georgia,geo,2013,3.34,-1.0144385687780109
georgia,geo,2014,4.39,-0.8662423497179699
georgia,geo,2015,4.51,-0.8493056389682508
georgia,geo,2016,4.0,-0.9212866596545565
georgia,geo,2017,3.52,-0.9890335026534325
georgia,geo,2018,5.9,-0.6531220727840058
georgia,geo,2019,6.42,-0.5797296595352236
georgia,geo,2020,5.04,-0.774501833156992
georgia,geo,2021,4.59,-0.8380144984684382
germany,deu,2000,11.11,0.08221345226629341
germany,deu,2001,11.1,0.08080205970381686
germany,deu,2002,11.04,0.07233370432895729
germany,deu,2003,10.82,0.041283067954472646
germany,deu,2004,10.44,-0.012349849419637592
germany,deu,2005,9.85,-0.09562201060575592
germany,deu,2006,9.3,-0.1732486015419678
germany,deu,2007,8.96,-0.22123594866617158
germany,deu,2008,9.06,-0.2071220230414058
germany,deu,2009,9.14,-0.19583088254159314
germany,deu,2010,9.58,-0.13372960979262358
germany,deu,2011,9.35,-0.16619163872958503
germany,deu,2012,9.08,-0.20429923791645271
germany,deu,2013,9.3,-0.1732486015419678
germany,deu,2014,9.28,-0.17607138666692115
germany,deu,2015,9.08,-0.20429923791645271
germany,deu,2016,8.87,-0.23393848172846105
germany,deu,2017,8.4,-0.30027393216486026
germany,deu,2018,8.49,-0.287571399102571
germany,deu,2019,8.21,-0.32709039085191527
germany,deu,2020,8.4,-0.30027393216486026
germany,deu,2021,8.18,-0.33132456853934517
ghana,gha,2000,5.65,-0.6884068868459203
ghana,gha,2001,6.12,-0.622071436409521
ghana,gha,2002,6.56,-0.5599701636605515
ghana,gha,2003,7.01,-0.4964574983491053
ghana,gha,2004,7.4,-0.4414131884125185
ghana,gha,2005,7.53,-0.4230650851003229
ghana,gha,2006,7.63,-0.40895115947555716
ghana,gha,2007,7.45,-0.4343562256001356
ghana,gha,2008,7.95,-0.3637865974763065
ghana,gha,2009,8.48,-0.2889827916650476
ghana,gha,2010,8.55,-0.2791030437277115
ghana,gha,2011,8.73,-0.253697977603133
ghana,gha,2012,8.7,-0.25793215529056296
ghana,gha,2013,8.75,-0.2508751924781799
ghana,gha,2014,8.73,-0.253697977603133
ghana,gha,2015,8.71,-0.25652076272808616
ghana,gha,2016,8.64,-0.26640051066542225
ghana,gha,2017,8.65,-0.2649891181029457
ghana,gha,2018,8.33,-0.31015368010219635
ghana,gha,2019,8.16,-0.33414735366429826
ghana,gha,2020,7.98,-0.3595524197888767
ghana,gha,2021,8.08,-0.34543849416411093
greece,grc,2000,2.86,-1.082185411776887
greece,grc,2001,2.46,-1.13864111427595
greece,grc,2002,2.27,-1.1654575729630052
greece,grc,2003,2.75,-1.0977107299641293
greece,grc,2004,2.51,-1.1315841514635674
greece,grc,2005,2.8,-1.0906537671517464
greece,grc,2006,2.77,-1.0948879448391762
greece,grc,2007,2.41,-1.1456980770883332
greece,grc,2008,2.61,-1.1174702258388016
greece,grc,2009,2.8,-1.0906537671517464
greece,grc,2010,2.68,-1.1075904779014654
greece,grc,2011,3.49,-0.9932676803408622
greece,grc,2012,3.72,-0.9608056514039007
greece,grc,2013,3.95,-0.9283436224669394
greece,grc,2014,4.08,-0.9099955191547439
greece,grc,2015,3.76,-0.9551600811539945
greece,grc,2016,3.44,-1.000324643153245
greece,grc,2017,3.79,-0.9509259034665647
greece,grc,2018,4.1,-0.9071727340297907
greece,grc,2019,3.88,-0.9382233704042755
greece,grc,2020,3.31,-1.0186727464654406
greece,grc,2021,3.4,-1.0059702134031514
grenada,grd,2000,2.39,-1.148520862213286
grenada,grd,2001,0.36,-1.4350335523960325
grenada,grd,2002,3.83,-0.9452803332166584
grenada,grd,2003,2.99,-1.0638373084646913
grenada,grd,2004,5.71,-0.679938531471061
grenada,grd,2005,3.94,-0.929755015029416
grenada,grd,2006,5.84,-0.6615904281588654
grenada,grd,2007,2.08,-1.1922740316500604
grenada,grd,2008,2.78,-1.0934765522766996
grenada,grd,2009,0.99,-1.3461158209600077
grenada,grd,2010,1.13,-1.3263563250853359
grenada,grd,2011,1.57,-1.264255052336366
grenada,grd,2012,1.72,-1.2430841638992172
grenada,grd,2013,1.22,-1.3136537920230462
grenada,grd,2014,0.44,-1.4237424118962199
grenada,grd,2015,0.51,-1.4138626639588838
grenada,grd,2016,0.69,-1.3884575978343052
grenada,grd,2017,0.47,-1.41950823420879
grenada,grd,2018,0.09,-1.4731411515829003
grenada,grd,2019,0.85,-1.36587531683468
grenada,grd,2020,0.96,-1.3503499986474374
grenada,grd,2021,1.17,-1.3207107548354293
guatemala,gtm,2000,11.97,0.20359321263927965
guatemala,gtm,2001,12.63,0.2967451217627341
guatemala,gtm,2002,12.03,0.21206156801413897
guatemala,gtm,2003,12.0,0.20782739032670933
guatemala,gtm,2004,11.97,0.20359321263927965
guatemala,gtm,2005,11.0,0.06668813407905108
guatemala,gtm,2006,10.72,0.027169142329706873
guatemala,gtm,2007,8.38,-0.30309671728981336
guatemala,gtm,2008,8.17,-0.3327359611018217
guatemala,gtm,2009,7.51,-0.42588787022527613
guatemala,gtm,2010,6.79,-0.52750813472359
guatemala,gtm,2011,5.56,-0.7011094199082097
guatemala,gtm,2012,5.31,-0.7363942339701243
guatemala,gtm,2013,5.57,-0.699698027345733
guatemala,gtm,2014,5.7,-0.6813499240335374
guatemala,gtm,2015,5.98,-0.6418309322841932
guatemala,gtm,2016,6.05,-0.6319511843468572
guatemala,gtm,2017,6.3,-0.5966663702849426
guatemala,gtm,2018,6.09,-0.6263056140969508
guatemala,gtm,2019,6.31,-0.595254977722466
guatemala,gtm,2020,5.67,-0.6855841017209673
guatemala,gtm,2021,5.26,-0.7434511967825072
guinea,gin,2000,6.98,-0.500691676036535
guinea,gin,2001,7.23,-0.4654068619746204
guinea,gin,2002,7.48,-0.4301220479127058
guinea,gin,2003,7.59,-0.41459672972546346
guinea,gin,2004,7.7,-0.39907141153822107
guinea,gin,2005,7.6,-0.41318533716298694
guinea,gin,2006,7.92,-0.36802077516373627
guinea,gin,2007,8.11,-0.34120431647668126
guinea,gin,2008,8.22,-0.3256789982894387
guinea,gin,2009,8.26,-0.3200334280395325
guinea,gin,2010,8.69,-0.2593435478530395
guinea,gin,2011,8.59,-0.27345747347780525
guinea,gin,2012,8.61,-0.27063468835285215
guinea,gin,2013,8.59,-0.27345747347780525
guinea,gin,2014,8.57,-0.27628025860275834
guinea,gin,2015,8.47,-0.29039418422752417
guinea,gin,2016,8.34,-0.30874228753971983
guinea,gin,2017,8.35,-0.30733089497724325
guinea,gin,2018,8.27,-0.3186220354770559
guinea,gin,2019,8.3,-0.314387857789626
guinea,gin,2020,8.48,-0.2889827916650476
guinea,gin,2021,8.19,-0.3299131759768686
guinea-bissau,gnb,2000,14.6,0.5747894565706206
guinea-bissau,gnb,2001,14.4,0.5465616053210891
guinea-bissau,gnb,2002,13.76,0.45623248132258776
guinea-bissau,gnb,2003,13.17,0.37296032013646946
guinea-bissau,gnb,2004,13.39,0.4040109565109543
guinea-bissau,gnb,2005,12.98,0.34614386144941445
guinea-bissau,gnb,2006,12.9,0.3348527209496018
guinea-bissau,gnb,2007,12.85,0.3277957581372188
guinea-bissau,gnb,2008,12.77,0.3165046176374061
guinea-bissau,gnb,2009,12.76,0.31509322507492954
guinea-bissau,gnb,2010,12.64,0.2981565143252107
guinea-bissau,gnb,2011,12.43,0.2685172705132023
guinea-bissau,gnb,2012,12.17,0.2318210638888112
guinea-bissau,gnb,2013,12.17,0.2318210638888112
guinea-bissau,gnb,2014,12.23,0.24028941926367076
guinea-bissau,gnb,2015,12.24,0.24170081182614733
guinea-bissau,gnb,2016,12.13,0.226175493638905
guinea-bissau,gnb,2017,12.04,0.21347296057661552
guinea-bissau,gnb,2018,11.76,0.17395396882727132
guinea-bissau,gnb,2019,12.12,0.2247641010764282
guinea-bissau,gnb,2020,12.82,0.3235615804497891
guinea-bissau,gnb,2021,12.2,0.23605524157624086
guyana,guy,2000,30.97,2.885239081344786
guyana,guy,2001,34.76,3.4201568625234104
guyana,guy,2002,33.87,3.2945429244629945
guyana,guy,2003,33.0,3.171751771527532
guyana,guy,2004,31.36,2.9402833912813726
guyana,guy,2005,30.44,2.810435275533527
guyana,guy,2006,30.3,2.790675779658855
guyana,guy,2007,30.19,2.7751504614716125
guyana,guy,2008,29.46,2.672118804410822
guyana,guy,2009,31.38,2.9431061764063258
guyana,guy,2010,31.38,2.9431061764063258
guyana,guy,2011,31.56,2.968511242530904
guyana,guy,2012,33.0,3.171751771527532
guyana,guy,2013,35.59,3.5373024452089674
guyana,guy,2014,36.01,3.596580932832983
guyana,guy,2015,35.64,3.54435940802135
guyana,guy,2016,36.37,3.64739106508214
guyana,guy,2017,34.17,3.3368847013372926
guyana,guy,2018,31.07,2.8993530069695517
guyana,guy,2019,29.43,2.667884626723392
guyana,guy,2020,31.72,2.9910935235305294
guyana,guy,2021,26.4,2.2402326802929875
haiti,hti,2000,11.1,0.08080205970381686
haiti,hti,2001,10.74,0.029991927454659978
haiti,hti,2002,10.7,0.02434635720475352
haiti,hti,2003,10.61,0.011643824142464298
haiti,hti,2004,10.27,-0.03634352298173948
haiti,hti,2005,10.22,-0.04340048579412224
haiti,hti,2006,9.96,-0.08009669241851335
haiti,hti,2007,10.0,-0.07445112216860714
haiti,hti,2008,9.88,-0.09138783291832601
haiti,hti,2009,9.98,-0.07727390729356025
haiti,hti,2010,9.88,-0.09138783291832601
haiti,hti,2011,9.8,-0.10267897341813868
haiti,hti,2012,10.04,-0.06880555191870093
haiti,hti,2013,10.04,-0.06880555191870093
haiti,hti,2014,9.9,-0.08856504779337292
haiti,hti,2015,9.89,-0.08997644035584947
haiti,hti,2016,9.54,-0.13937518004253005
haiti,hti,2017,9.64,-0.12526125441776403
haiti,hti,2018,10.01,-0.07303972960613059
haiti,hti,2019,10.11,-0.058925803981364815
haiti,hti,2020,9.51,-0.1436093577299597
haiti,hti,2021,9.27,-0.1774827792293977
honduras,hnd,2000,4.56,-0.842248676155868
honduras,hnd,2001,4.53,-0.8464828538432976
honduras,hnd,2002,4.53,-0.8464828538432976
honduras,hnd,2003,4.58,-0.8394258910309147
honduras,hnd,2004,4.49,-0.852128424093204
honduras,hnd,2005,4.53,-0.8464828538432976
honduras,hnd,2006,4.45,-0.8577739943431103
honduras,hnd,2007,4.38,-0.8676537422804464
honduras,hnd,2008,4.2,-0.8930588084050248
honduras,hnd,2009,4.07,-0.9114069117172204
honduras,hnd,2010,3.99,-0.922698052217033
honduras,hnd,2011,3.87,-0.9396347629667521
honduras,hnd,2012,6.25,-0.6037233330973255
honduras,hnd,2013,6.14,-0.619248651284568
honduras,hnd,2014,6.4,-0.5825524446601767
honduras,hnd,2015,7.16,-0.4752866099119565
honduras,hnd,2016,3.9,-0.9354005852793222
honduras,hnd,2017,3.96,-0.9269322299044629
honduras,hnd,2018,3.92,-0.9325778001543692
honduras,hnd,2019,3.91,-0.9339891927168458
honduras,hnd,2020,3.79,-0.9509259034665647
honduras,hnd,2021,3.72,-0.9608056514039007
hungary,hun,2000,26.59,2.2670491389800427
hungary,hun,2001,23.72,1.8619794735492636
hungary,hun,2002,22.83,1.7363655354888476
hungary,hun,2003,21.86,1.5994604569286193
hungary,hun,2004,21.64,1.5684098205541348
hungary,hun,2005,20.49,1.4060996758693274
hungary,hun,2006,19.27,1.2339097832471846
hungary,hun,2007,18.95,1.188745221247934
hungary,hun,2008,19.18,1.2212072501848954
hungary,hun,2009,19.6,1.280485737808912
hungary,hun,2010,19.26,1.2324983906847082
hungary,hun,2011,19.03,1.2000363617477467
hungary,hun,2012,18.47,1.1209983782490578
hungary,hun,2013,16.21,0.8020236591293506
hungary,hun,2014,15.01,0.6326565516321605
hungary,hun,2015,14.52,0.563498316070808
hungary,hun,2016,13.35,0.3983653862610479
hungary,hun,2017,12.51,0.27980841101301496
hungary,hun,2018,12.52,0.28121980357549153
hungary,hun,2019,11.73,0.16971979113984165
hungary,hun,2020,12.54,0.28404258870044463
hungary,hun,2021,11.42,0.12596662170306752
iceland,isl,2000,12.93,0.33908689863703145
iceland,isl,2001,12.49,0.27698562588806186
iceland,isl,2002,11.69,0.1640742208899352
iceland,isl,2003,12.02,0.21065017545166242
iceland,isl,2004,11.66,0.15984004320250553
iceland,isl,2005,10.71,0.02575774976723032
iceland,isl,2006,11.48,0.1344349770779271
iceland,isl,2007,14.06,0.49857425819688533
iceland,isl,2008,14.24,0.5239793243214638
iceland,isl,2009,13.13,0.3673147498865632
iceland,isl,2010,12.01,0.20923878288918588
iceland,isl,2011,10.63,0.014466609267417652
iceland,isl,2012,12.54,0.28404258870044463
iceland,isl,2013,12.49,0.27698562588806186
iceland,isl,2014,14.17,0.5140995763841276
iceland,isl,2015,12.87,0.3306185432621719
iceland,isl,2016,11.01,0.06809952664152764
iceland,isl,2017,10.31,-0.030697952731833022
iceland,isl,2018,8.58,-0.2748688660402818
iceland,isl,2019,11.21,0.09632737789105944
iceland,isl,2020,12.07,0.21770713826404542
iceland,isl,2021,10.85,0.0455172456419023
india,ind,2000,17.39,0.9685679815015873
india,ind,2001,16.48,0.8401312583162183
india,ind,2002,16.5,0.8429540434411713
india,ind,2003,16.34,0.820371762441546
india,ind,2004,16.59,0.8556565765034606
india,ind,2005,16.75,0.878238857503086
india,ind,2006,16.87,0.895175568252805
india,ind,2007,16.85,0.8923527831278519
india,ind,2008,16.71,0.8725932872531796
india,ind,2009,16.51,0.8443654360036481
india,ind,2010,16.64,0.8627135393158436
india,ind,2011,16.53,0.8471882211286013
india,ind,2012,16.49,0.8415426508786945
india,ind,2013,16.29,0.813314799629163
india,ind,2014,15.73,0.7342768161304746
india,ind,2015,15.17,0.6552388326317858
india,ind,2016,15.08,0.6425362995694966
india,ind,2017,15.22,0.6622957954441689
india,ind,2018,14.61,0.5762008491330972
india,ind,2019,14.2,0.5183337540715574
india,ind,2020,13.19,0.37578310526142256
india,ind,2021,12.62,0.2953337292002573
indonesia,idn,2000,2.41,-1.1456980770883332
indonesia,idn,2001,2.41,-1.1456980770883332
indonesia,idn,2002,2.38,-1.1499322547757629
indonesia,idn,2003,2.32,-1.1584006101506223
indonesia,idn,2004,2.26,-1.1668689655254818
indonesia,idn,2005,2.22,-1.1725145357753881
indonesia,idn,2006,2.17,-1.179571498587771
indonesia,idn,2007,2.14,-1.1838056762752007
indonesia,idn,2008,2.1,-1.1894512465251073
indonesia,idn,2009,2.05,-1.19650820933749
indonesia,idn,2010,2.0,-1.203565172149873
indonesia,idn,2011,1.94,-1.2120335275247325
indonesia,idn,2012,1.91,-1.2162677052121622
indonesia,idn,2013,1.83,-1.2275588457119748
indonesia,idn,2014,1.78,-1.234615808524358
indonesia,idn,2015,1.75,-1.2388499862117874
indonesia,idn,2016,1.73,-1.2416727713367406
indonesia,idn,2017,1.71,-1.2444955564616937
indonesia,idn,2018,1.7,-1.2459069490241705
indonesia,idn,2019,1.7,-1.2459069490241705
indonesia,idn,2020,1.48,-1.2769575853986552
indonesia,idn,2021,1.28,-1.305185436648187
iran,irn,2000,5.9,-0.6531220727840058
iran,irn,2001,5.61,-0.6940524570958267
iran,irn,2002,5.33,-0.733571448845171
iran,irn,2003,4.76,-0.8140208249063363
iran,irn,2004,4.75,-0.8154322174688129
iran,irn,2005,4.46,-0.8563626017806337
iran,irn,2006,4.34,-0.8732993125303528
iran,irn,2007,4.78,-0.811198039781383
iran,irn,2008,4.67,-0.8267233579686255
iran,irn,2009,4.53,-0.8464828538432976
iran,irn,2010,4.43,-0.8605967794680635
iran,irn,2011,4.36,-0.8704765274053995
iran,irn,2012,4.12,-0.9043499489048376
iran,irn,2013,4.31,-0.8775334902177825
iran,irn,2014,4.57,-0.8408372835933913
iran,irn,2015,4.39,-0.8662423497179699
iran,irn,2016,4.5,-0.8507170315307274
iran,irn,2017,4.33,-0.8747107050928293
iran,irn,2018,4.19,-0.8944702009675014
iran,irn,2019,4.16,-0.8987043786549311
iran,irn,2020,3.47,-0.9960904654658153
iran,irn,2021,4.07,-0.9114069117172204
iraq,irq,2000,5.71,-0.679938531471061
iraq,irq,2001,5.55,-0.7025208124706863
iraq,irq,2002,5.43,-0.7194575232204052
iraq,irq,2003,5.27,-0.7420398042200306
iraq,irq,2004,5.22,-0.7490967670324135
iraq,irq,2005,5.09,-0.7674448703446091
iraq,irq,2006,4.9,-0.794261329031664
iraq,irq,2007,4.81,-0.8069638620939534
iraq,irq,2008,4.78,-0.811198039781383
iraq,irq,2009,4.75,-0.8154322174688129
iraq,irq,2010,4.69,-0.8239005728436722
iraq,irq,2011,4.68,-0.8253119654061489
iraq,irq,2012,4.57,-0.8408372835933913
iraq,irq,2013,4.51,-0.8493056389682508
iraq,irq,2014,4.23,-0.8888246307175951
iraq,irq,2015,4.27,-0.8831790604676888
iraq,irq,2016,4.21,-0.8916474158425483
iraq,irq,2017,4.18,-0.8958815935299781
iraq,irq,2018,4.15,-0.9001157712174077
iraq,irq,2019,4.1,-0.9071727340297907
iraq,irq,2020,3.83,-0.9452803332166584
iraq,irq,2021,3.81,-0.9481031183416115
ireland,irl,2000,11.92,0.19653624982689666
ireland,irl,2001,12.32,0.25299195232596
ireland,irl,2002,11.41,0.12455522914059099
ireland,irl,2003,11.25,0.10197294814096565
ireland,irl,2004,10.86,0.046928638204378856
ireland,irl,2005,11.13,0.08503623739124677
ireland,irl,2006,10.42,-0.015172634544590696
ireland,irl,2007,10.59,0.008821039017511193
ireland,irl,2008,11.39,0.12173244401563788
ireland,irl,2009,13.32,0.3941312085736182
ireland,irl,2010,11.41,0.12455522914059099
ireland,irl,2011,12.14,0.22758688620138154
ireland,irl,2012,11.71,0.16689700601488855
ireland,irl,2013,10.28,-0.03493213041926293
ireland,irl,2014,10.38,-0.020818204794496906
ireland,irl,2015,8.83,-0.23958405197836727
ireland,irl,2016,9.08,-0.20429923791645271
ireland,irl,2017,7.97,-0.3609638123513534
ireland,irl,2018,8.5,-0.2861600065400945
ireland,irl,2019,7.47,-0.4315334404751825
ireland,irl,2020,7.75,-0.3920144487258381
ireland,irl,2021,7.68,-0.4018941966631743
israel,isr,2000,6.82,-0.5232739570361603
israel,isr,2001,6.43,-0.578318266972747
israel,isr,2002,5.72,-0.6785271389085844
israel,isr,2003,6.44,-0.5769068744102703
israel,isr,2004,6.08,-0.6277170066594274
israel,isr,2005,6.85,-0.5190397793487306
israel,isr,2006,5.62,-0.6926410645333502
israel,isr,2007,5.32,-0.7349828414076476
israel,isr,2008,5.15,-0.7589765149697495
israel,isr,2009,6.02,-0.636185362034287
israel,isr,2010,6.7,-0.5402106677858792
israel,isr,2011,5.51,-0.7081663827205926
israel,isr,2012,6.04,-0.6333625769093337
israel,isr,2013,5.03,-0.7759132257194685
israel,isr,2014,4.93,-0.7900271513442344
israel,isr,2015,4.45,-0.8577739943431103
israel,isr,2016,5.02,-0.7773246182819452
israel,isr,2017,4.94,-0.7886157587817577
israel,isr,2018,5.28,-0.7406284116575539
israel,isr,2019,4.97,-0.7843815810943281
israel,isr,2020,4.96,-0.7857929736568046
israel,isr,2021,4.4,-0.8648309571554932
italy,ita,2000,5.69,-0.682761316596014
italy,ita,2001,5.54,-0.7039322050331628
italy,ita,2002,5.59,-0.6968752422207799
italy,ita,2003,5.39,-0.7251030934703117
italy,ita,2004,5.22,-0.7490967670324135
italy,ita,2005,4.89,-0.7956727215941407
italy,ita,2006,4.78,-0.811198039781383
italy,ita,2007,4.81,-0.8069638620939534
italy,ita,2008,5.0,-0.7801474034068983
italy,ita,2009,5.01,-0.7787360108444217
italy,ita,2010,4.94,-0.7886157587817577
italy,ita,2011,5.26,-0.7434511967825072
italy,ita,2012,5.44,-0.7180461306579285
italy,ita,2013,5.36,-0.7293372711577413
italy,ita,2014,5.11,-0.7646220852196558
italy,ita,2015,4.91,-0.7928499364691876
italy,ita,2016,4.41,-0.8634195645930166
italy,ita,2017,4.85,-0.801318291844047
italy,ita,2018,4.7,-0.8224891802811958
italy,ita,2019,4.6,-0.8366031059059617
italy,ita,2020,4.27,-0.8831790604676888
italy,ita,2021,4.63,-0.8323689282185318
jamaica,jam,2000,1.27,-1.3065968292106636
jamaica,jam,2001,1.27,-1.3065968292106636
jamaica,jam,2002,1.2,-1.3164765771479996
jamaica,jam,2003,1.09,-1.332001895335242
jamaica,jam,2004,0.98,-1.3475272135224843
jamaica,jam,2005,1.7,-1.2459069490241705
jamaica,jam,2006,0.89,-1.3602297465847735
jamaica,jam,2007,2.81,-1.0892423745892696
jamaica,jam,2008,2.75,-1.0977107299641293
jamaica,jam,2009,1.82,-1.2289702382744514
jamaica,jam,2010,1.15,-1.3235335399603825
jamaica,jam,2011,1.62,-1.257198089523983
jamaica,jam,2012,1.16,-1.322122147397906
jamaica,jam,2013,1.15,-1.3235335399603825
jamaica,jam,2014,1.15,-1.3235335399603825
jamaica,jam,2015,1.69,-1.2473183415866471
jamaica,jam,2016,1.65,-1.2529639118365532
jamaica,jam,2017,1.7,-1.2459069490241705
jamaica,jam,2018,1.65,-1.2529639118365532
jamaica,jam,2019,1.68,-1.2487297341491237
jamaica,jam,2020,1.54,-1.2684892300237958
jamaica,jam,2021,1.67,-1.2501411267116003
japan,jpn,2000,18.15,1.0758338162498071
japan,jpn,2001,17.55,0.9911502625012126
japan,jpn,2002,18.02,1.0574857129376118
japan,jpn,2003,19.69,1.2931882708712013
japan,jpn,2004,18.59,1.137935088998777
japan,jpn,2005,19.0,1.195802184060317
japan,jpn,2006,18.66,1.1478148369361132
japan,jpn,2007,19.41,1.2536692791218569
japan,jpn,2008,19.3,1.2381439609346145
japan,jpn,2009,19.77,1.3044794113710136
japan,jpn,2010,19.12,1.212738894810036
japan,jpn,2011,18.74,1.1591059774359256
japan,jpn,2012,17.33,0.9600996261267274
japan,jpn,2013,17.0,0.9135236715650005
japan,jpn,2014,16.08,0.7836755558171546
japan,jpn,2015,15.2,0.6594730103192156
japan,jpn,2016,14.07,0.4999856507593619
japan,jpn,2017,13.81,0.46328944413497075
japan,jpn,2018,13.66,0.442118555697822
japan,jpn,2019,13.44,0.4110679193233371
japan,jpn,2020,14.38,0.543738820196136
japan,jpn,2021,14.73,0.5931375598828164
jordan,jor,2000,2.6,-1.118881618401278
jordan,jor,2001,2.48,-1.135818329150997
jordan,jor,2002,2.4,-1.1471094696508097
jordan,jor,2003,2.26,-1.1668689655254818
jordan,jor,2004,2.22,-1.1725145357753881
jordan,jor,2005,2.01,-1.2021537795873964
jordan,jor,2006,1.72,-1.2430841638992172
jordan,jor,2007,1.42,-1.2854259407735147
jordan,jor,2008,1.34,-1.2967170812733275
jordan,jor,2009,1.21,-1.3150651845855228
jordan,jor,2010,1.13,-1.3263563250853359
jordan,jor,2011,1.02,-1.3418816432725782
jordan,jor,2012,1.0,-1.3447044283975311
jordan,jor,2013,0.97,-1.3489386060849609
jordan,jor,2014,0.95,-1.3517613912099142
jordan,jor,2015,0.92,-1.355995568897344
jordan,jor,2016,0.93,-1.3545841763348674
jordan,jor,2017,0.88,-1.36164113914725
jordan,jor,2018,0.85,-1.36587531683468
jordan,jor,2019,0.84,-1.3672867093971566
jordan,jor,2020,0.75,-1.3799892424594458
jordan,jor,2021,0.67,-1.3912803829592584
kazakhstan,kaz,2000,34.38,3.366523945149301
kazakhstan,kaz,2001,34.48,3.380637870774066
kazakhstan,kaz,2002,33.53,3.2465555773387913
kazakhstan,kaz,2003,35.03,3.4582644617102787
kazakhstan,kaz,2004,36.99,3.7348974039556886
kazakhstan,kaz,2005,35.65,3.545770800583826
kazakhstan,kaz,2006,34.27,3.3509986269620584
kazakhstan,kaz,2007,34.22,3.343941664149675
kazakhstan,kaz,2008,31.67,2.9840365607181467
kazakhstan,kaz,2009,28.39,2.521099800225828
kazakhstan,kaz,2010,27.8,2.4378276390397096
kazakhstan,kaz,2011,26.45,2.2472896431053706
kazakhstan,kaz,2012,25.35,2.0920364612329467
kazakhstan,kaz,2013,24.72,2.0031187297969217
kazakhstan,kaz,2014,22.58,1.7010807214269332
kazakhstan,kaz,2015,21.88,1.6022832420535724
kazakhstan,kaz,2016,20.31,1.380694609744749
kazakhstan,kaz,2017,19.32,1.2409667460595675
kazakhstan,kaz,2018,19.0,1.195802184060317
kazakhstan,kaz,2019,19.21,1.2254414278723254
kazakhstan,kaz,2020,17.29,0.9544540558768212
kazakhstan,kaz,2021,15.0,0.631245159069684
kenya,ken,2000,9.95,-0.08150808498099016
kenya,ken,2001,9.83,-0.09844479573070904
kenya,ken,2002,10.29,-0.03352073785678637
kenya,ken,2003,10.26,-0.03775491554421603
kenya,ken,2004,10.28,-0.03493213041926293
kenya,ken,2005,10.41,-0.01658402710706725
kenya,ken,2006,10.5,-0.0038814940447780273
kenya,ken,2007,10.88,0.04975142332933221
kenya,ken,2008,11.0,0.06668813407905108
kenya,ken,2009,11.12,0.08362484482876996
kenya,ken,2010,11.39,0.12173244401563788
kenya,ken,2011,11.03,0.07092231176648074
kenya,ken,2012,9.53,-0.1407865726050066
kenya,ken,2013,9.45,-0.15207771310481927
kenya,ken,2014,9.04,-0.20994480816635916
kenya,ken,2015,9.56,-0.1365523949175767
kenya,ken,2016,9.23,-0.18312834947930393
kenya,ken,2017,10.12,-0.057514411418888266
kenya,ken,2018,11.35,0.11608687376573142
kenya,ken,2019,11.05,0.0737450968914341
kenya,ken,2020,10.39,-0.019406812232020353
kenya,ken,2021,8.87,-0.23393848172846105
kiribati,kir,2000,21.5,1.5486503246794625
kiribati,kir,2001,21.27,1.516188295742501
kiribati,kir,2002,21.01,1.4794920891181103
kiribati,kir,2003,20.23,1.3694034692449366
kiribati,kir,2004,20.11,1.3524667584952175
kiribati,kir,2005,20.95,1.4710237337432504
kiribati,kir,2006,20.13,1.3552895436201706
kiribati,kir,2007,21.43,1.5387705767421265
kiribati,kir,2008,22.04,1.6248655230531979
kiribati,kir,2009,21.76,1.585346531303854
kiribati,kir,2010,21.68,1.5740553908040409
kiribati,kir,2011,22.18,1.64462501892787
kiribati,kir,2012,21.65,1.569821213116611
kiribati,kir,2013,22.06,1.6276883081781508
kiribati,kir,2014,21.47,1.5444161469920326
kiribati,kir,2015,21.24,1.511954118055071
kiribati,kir,2016,21.62,1.5655870354291817
kiribati,kir,2017,20.57,1.4173908163691404
kiribati,kir,2018,20.07,1.3468211882453112
kiribati,kir,2019,20.65,1.4286819568689528
kiribati,kir,2020,19.65,1.2875427006212945
kiribati,kir,2021,18.73,1.1576945848734492
kuwait,kwt,2000,3.2,-1.0341980646526832
kuwait,kwt,2001,3.8,-0.9495145109040882
kuwait,kwt,2002,4.47,-0.8549512092181571
kuwait,kwt,2003,3.92,-0.9325778001543692
kuwait,kwt,2004,3.66,-0.9692740067787603
kuwait,kwt,2005,3.26,-1.0257297092778237
kuwait,kwt,2006,2.61,-1.1174702258388016
kuwait,kwt,2007,1.38,-1.2910715110234212
kuwait,kwt,2008,1.4,-1.2882487258984678
kuwait,kwt,2009,1.28,-1.305185436648187
kuwait,kwt,2010,1.19,-1.3178879697104762
kuwait,kwt,2011,1.01,-1.3432930358350545
kuwait,kwt,2012,1.17,-1.3207107548354293
kuwait,kwt,2013,1.21,-1.3150651845855228
kuwait,kwt,2014,1.29,-1.3037740440857104
kuwait,kwt,2015,1.77,-1.2360272010868345
kuwait,kwt,2016,1.72,-1.2430841638992172
kuwait,kwt,2017,1.78,-1.234615808524358
kuwait,kwt,2018,1.69,-1.2473183415866471
kuwait,kwt,2019,1.77,-1.2360272010868345
kuwait,kwt,2020,2.03,-1.1993309944624433
kuwait,kwt,2021,2.06,-1.1950968167750133
kyrgyzstan,kgz,2000,16.54,0.8485996136910775
kyrgyzstan,kgz,2001,15.69,0.7286312458805682
kyrgyzstan,kgz,2002,15.92,0.7610932748175295
kyrgyzstan,kgz,2003,15.14,0.6510046549443562
kyrgyzstan,kgz,2004,14.44,0.5522071755709953
kyrgyzstan,kgz,2005,14.21,0.5197451466340341
kyrgyzstan,kgz,2006,13.64,0.4392957705728689
kyrgyzstan,kgz,2007,13.22,0.38001728294885245
kyrgyzstan,kgz,2008,12.68,0.30380208457511687
kyrgyzstan,kgz,2009,12.36,0.2586375225758662
kyrgyzstan,kgz,2010,12.34,0.2558147374509131
kyrgyzstan,kgz,2011,12.46,0.27275144820063224
kyrgyzstan,kgz,2012,12.23,0.24028941926367076
kyrgyzstan,kgz,2013,11.34,0.11467548120325487
kyrgyzstan,kgz,2014,11.01,0.06809952664152764
kyrgyzstan,kgz,2015,10.86,0.046928638204378856
kyrgyzstan,kgz,2016,9.85,-0.09562201060575592
kyrgyzstan,kgz,2017,9.96,-0.08009669241851335
kyrgyzstan,kgz,2018,9.76,-0.10832454366804514
kyrgyzstan,kgz,2019,9.61,-0.12949543210519393
kyrgyzstan,kgz,2020,7.89,-0.37225495285116605
kyrgyzstan,kgz,2021,7.69,-0.4004828041006976
laos,lao,2000,7.34,-0.44988154378737805
laos,lao,2001,7.24,-0.4639954694121438
laos,lao,2002,6.92,-0.5091600314113945
laos,lao,2003,6.55,-0.5613815562230281
laos,lao,2004,6.37,-0.5867866223476065
laos,lao,2005,6.48,-0.571261304160364
laos,lao,2006,6.28,-0.5994891554098957
laos,lao,2007,5.95,-0.6460651099716229
laos,lao,2008,6.1,-0.6248942215344743
laos,lao,2009,5.87,-0.6573562504714356
laos,lao,2010,5.75,-0.6742929612211546
laos,lao,2011,5.59,-0.6968752422207799
laos,lao,2012,5.46,-0.7152233455329755
laos,lao,2013,5.36,-0.7293372711577413
laos,lao,2014,5.35,-0.730748663720218
laos,lao,2015,5.23,-0.7476853744699369
laos,lao,2016,5.15,-0.7589765149697495
laos,lao,2017,5.08,-0.7688562629070856
laos,lao,2018,5.06,-0.7716790480320388
laos,lao,2019,5.02,-0.7773246182819452
laos,lao,2020,4.51,-0.8493056389682508
laos,lao,2021,5.0,-0.7801474034068983
latvia,lva,2000,29.53,2.6819985523481584
latvia,lva,2001,27.5,2.395485862165412
latvia,lva,2002,27.08,2.336207374541395
latvia,lva,2003,24.72,2.0031187297969217
latvia,lva,2004,22.21,1.6488591966153
latvia,lva,2005,22.21,1.6488591966153
latvia,lva,2006,19.05,1.2028591468727
latvia,lva,2007,17.01,0.9149350641274773
latvia,lva,2008,21.73,1.581112353616424
latvia,lva,2009,21.71,1.5782895684914708
latvia,lva,2010,18.78,1.1647515476858323
latvia,lva,2011,18.29,1.0955933121244794
latvia,lva,2012,19.38,1.249435101434427
latvia,lva,2013,16.86,0.8937641756903282
latvia,lva,2014,17.4,0.9699793740640635
latvia,lva,2015,17.28,0.953042663314345
latvia,lva,2016,17.1,0.9276375971897665
latvia,lva,2017,16.85,0.8923527831278519
latvia,lva,2018,14.28,0.52962489457137
latvia,lva,2019,14.3,0.5324476796963233
latvia,lva,2020,14.36,0.5409160350711827
latvia,lva,2021,12.0,0.20782739032670933
lebanon,lbn,2000,1.02,-1.3418816432725782
lebanon,lbn,2001,0.98,-1.3475272135224843
lebanon,lbn,2002,0.95,-1.3517613912099142
lebanon,lbn,2003,0.94,-1.3531727837723908
lebanon,lbn,2004,0.92,-1.355995568897344
lebanon,lbn,2005,0.91,-1.3574069614598203
lebanon,lbn,2006,0.9,-1.358818354022297
lebanon,lbn,2007,0.89,-1.3602297465847735
lebanon,lbn,2008,0.88,-1.36164113914725
lebanon,lbn,2009,0.86,-1.3644639242722034
lebanon,lbn,2010,0.85,-1.36587531683468
lebanon,lbn,2011,0.85,-1.36587531683468
lebanon,lbn,2012,0.85,-1.36587531683468
lebanon,lbn,2013,0.85,-1.36587531683468
lebanon,lbn,2014,0.83,-1.3686981019596332
lebanon,lbn,2015,0.81,-1.371520887084586
lebanon,lbn,2016,0.77,-1.3771664573344926
lebanon,lbn,2017,0.75,-1.3799892424594458
lebanon,lbn,2018,0.71,-1.3856348127093518
lebanon,lbn,2019,0.71,-1.3856348127093518
lebanon,lbn,2020,0.81,-1.371520887084586
lebanon,lbn,2021,0.7,-1.3870462052718289
lesotho,lso,2000,17.63,1.002441403001025
lesotho,lso,2001,16.17,0.7963780888794444
lesotho,lso,2002,17.43,0.9742135517514935
lesotho,lso,2003,19.68,1.2917768783087245
lesotho,lso,2004,20.82,1.4526756304310549
lesotho,lso,2005,22.34,1.6672072999274954
lesotho,lso,2006,23.94,1.8930301099237488
lesotho,lso,2007,27.39,2.3799605439781697
lesotho,lso,2008,20.94,1.469612341180774
lesotho,lso,2009,20.29,1.3778718246197958
lesotho,lso,2010,34.03,3.31712520546262
lesotho,lso,2011,35.63,3.5429480154588737
lesotho,lso,2012,27.85,2.444884601852092
lesotho,lso,2013,31.09,2.902175792094505
lesotho,lso,2014,36.52,3.6685619535192897
lesotho,lso,2015,37.47,3.8026442469545643
lesotho,lso,2016,36.41,3.6530366353320463
lesotho,lso,2017,35.26,3.4907264906472393
lesotho,lso,2018,36.77,3.703846767581204
lesotho,lso,2019,37.41,3.7941758915797044
lesotho,lso,2020,42.12,4.458941788506174
lesotho,lso,2021,37.36,3.7871189287673217
liberia,lbr,2000,9.03,-0.2113562007288357
liberia,lbr,2001,8.84,-0.23817265941589072
liberia,lbr,2002,9.23,-0.18312834947930393
liberia,lbr,2003,8.6,-0.2720460809153287
liberia,lbr,2004,9.19,-0.18877391972921037
liberia,lbr,2005,8.7,-0.25793215529056296
liberia,lbr,2006,8.9,-0.22970430404103115
liberia,lbr,2007,8.85,-0.23676126685341414
liberia,lbr,2008,8.95,-0.22264734122864838
liberia,lbr,2009,9.41,-0.15772328335472546
liberia,lbr,2010,9.84,-0.09703340316823247
liberia,lbr,2011,10.3,-0.032109345294309574
liberia,lbr,2012,10.05,-0.06739415935622413
liberia,lbr,2013,9.73,-0.1125587213554748
liberia,lbr,2014,9.45,-0.15207771310481927
liberia,lbr,2015,9.49,-0.1464321428549128
liberia,lbr,2016,9.5,-0.14502075029243625
liberia,lbr,2017,9.64,-0.12526125441776403
liberia,lbr,2018,9.49,-0.1464321428549128
liberia,lbr,2019,9.51,-0.1436093577299597
liberia,lbr,2020,9.67,-0.12102707673033436
liberia,lbr,2021,9.59,-0.13231821723014703
libya,lby,2000,4.86,-0.7999068992815704
libya,lby,2001,5.44,-0.7180461306579285
libya,lby,2002,5.04,-0.774501833156992
libya,lby,2003,5.1,-0.7660334777821325
libya,lby,2004,4.7,-0.8224891802811958
libya,lby,2005,4.54,-0.8450714612808211
libya,lby,2006,3.98,-0.9241094447795096
libya,lby,2007,4.39,-0.8662423497179699
libya,lby,2008,4.77,-0.8126094323438597
libya,lby,2009,5.13,-0.7617993000947028
libya,lby,2010,5.16,-0.7575651224072729
libya,lby,2011,6.42,-0.5797296595352236
libya,lby,2012,4.53,-0.8464828538432976
libya,lby,2013,4.0,-0.9212866596545565
libya,lby,2014,5.83,-0.663001820721342
libya,lby,2015,6.03,-0.6347739694718103
libya,lby,2016,5.77,-0.6714701760962015
libya,lby,2017,6.42,-0.5797296595352236
libya,lby,2018,6.61,-0.5529132008481685
libya,lby,2019,6.06,-0.6305397917843806
libya,lby,2020,5.1,-0.7660334777821325
libya,lby,2021,5.09,-0.7674448703446091
lithuania,ltu,2000,45.77,4.974100073810128
lithuania,ltu,2001,42.21,4.471644321568465
lithuania,ltu,2002,42.5,4.512574705880286
lithuania,ltu,2003,40.28,4.199245557010484
lithuania,ltu,2004,38.41,3.9353151478273625
lithuania,ltu,2005,37.11,3.7518341147054075
lithuania,ltu,2006,29.64,2.6975238705354005
lithuania,ltu,2007,29.62,2.6947010854104474
lithuania,ltu,2008,32.72,3.1322327797781875
lithuania,ltu,2009,33.0,3.171751771527532
lithuania,ltu,2010,31.52,2.962865672280998
lithuania,ltu,2011,32.07,3.04049226321721
lithuania,ltu,2012,29.28,2.646713738286244
lithuania,ltu,2013,34.4,3.3693467302742532
lithuania,ltu,2014,29.34,2.655182093661103
lithuania,ltu,2015,28.52,2.539447903538023
lithuania,ltu,2016,25.96,2.178131407544018
lithuania,ltu,2017,23.59,1.8436313702370681
lithuania,ltu,2018,21.34,1.526068043679837
lithuania,ltu,2019,20.86,1.4583212006809612
lithuania,ltu,2020,18.96,1.1901566138104107
lithuania,ltu,2021,16.76,0.8796502500655627
luxembourg,lux,2000,12.31,0.2515805597634834
luxembourg,lux,2001,12.52,0.28121980357549153
luxembourg,lux,2002,12.27,0.24593498951357698
luxembourg,lux,2003,12.71,0.30803626226254677
luxembourg,lux,2004,9.34,-0.16760303129206158
luxembourg,lux,2005,10.36,-0.02364098991945026
luxembourg,lux,2006,11.59,0.1499602952651694
luxembourg,lux,2007,10.65,0.017289394392370757
luxembourg,lux,2008,10.42,-0.015172634544590696
luxembourg,lux,2009,8.64,-0.26640051066542225
luxembourg,lux,2010,9.31,-0.17183720897949126
luxembourg,lux,2011,9.42,-0.15631189079224891
luxembourg,lux,2012,8.92,-0.22688151891607805
luxembourg,lux,2013,8.83,-0.23958405197836727
luxembourg,lux,2014,9.97,-0.0786852998560368
luxembourg,lux,2015,9.75,-0.1097359362305217
luxembourg,lux,2016,7.55,-0.4202422999753698
luxembourg,lux,2017,7.63,-0.40895115947555716
luxembourg,lux,2018,7.59,-0.41459672972546346
luxembourg,lux,2019,8.64,-0.26640051066542225
luxembourg,lux,2020,7.67,-0.4033055892256508
luxembourg,lux,2021,6.22,-0.6079575107847552
madagascar,mdg,2000,11.18,0.09209320020362953
madagascar,mdg,2001,11.12,0.08362484482876996
madagascar,mdg,2002,11.33,0.11326408864077832
madagascar,mdg,2003,11.44,0.12878940682802065
madagascar,mdg,2004,11.5,0.1372577622028802
madagascar,mdg,2005,11.44,0.12878940682802065
madagascar,mdg,2006,11.33,0.11326408864077832
madagascar,mdg,2007,11.04,0.07233370432895729
madagascar,mdg,2008,10.88,0.04975142332933221
madagascar,mdg,2009,10.73,0.028580534892183426
madagascar,mdg,2010,10.71,0.02575774976723032
madagascar,mdg,2011,10.65,0.017289394392370757
madagascar,mdg,2012,10.35,-0.025052382481926812
madagascar,mdg,2013,10.28,-0.03493213041926293
madagascar,mdg,2014,10.35,-0.025052382481926812
madagascar,mdg,2015,10.08,-0.06315998166879447
madagascar,mdg,2016,10.09,-0.06174858910631792
madagascar,mdg,2017,9.99,-0.0758625147310837
madagascar,mdg,2018,9.95,-0.08150808498099016
madagascar,mdg,2019,9.95,-0.08150808498099016
madagascar,mdg,2020,10.5,-0.0038814940447780273
madagascar,mdg,2021,10.03,-0.07021694448117749
malawi,mwi,2000,13.95,0.48304894000964277
malawi,mwi,2001,13.41,0.4068337416359074
malawi,mwi,2002,13.22,0.38001728294885245
malawi,mwi,2003,13.6,0.4336502003229624
malawi,mwi,2004,13.26,0.38566285319875865
malawi,mwi,2005,12.99,0.34755525401189097
malawi,mwi,2006,13.66,0.442118555697822
malawi,mwi,2007,13.29,0.3898970308861883
malawi,mwi,2008,12.33,0.2544033448884365
malawi,mwi,2009,12.27,0.24593498951357698
malawi,mwi,2010,12.01,0.20923878288918588
malawi,mwi,2011,12.03,0.21206156801413897
malawi,mwi,2012,12.03,0.21206156801413897
malawi,mwi,2013,11.92,0.19653624982689666
malawi,mwi,2014,11.95,0.2007704275143263
malawi,mwi,2015,12.25,0.24311220438862388
malawi,mwi,2016,12.55,0.28545398126292143
malawi,mwi,2017,13.01,0.3503780391368441
malawi,mwi,2018,13.2,0.3771944978238991
malawi,mwi,2019,13.71,0.449175518510205
malawi,mwi,2020,13.74,0.45340969619763466
malawi,mwi,2021,14.16,0.5126881838216512
malaysia,mys,2000,5.6,-0.6954638496583034
malaysia,mys,2001,5.35,-0.730748663720218
malaysia,mys,2002,5.24,-0.7462739819074603
malaysia,mys,2003,5.39,-0.7251030934703117
malaysia,mys,2004,5.33,-0.733571448845171
malaysia,mys,2005,5.16,-0.7575651224072729
malaysia,mys,2006,4.97,-0.7843815810943281
malaysia,mys,2007,4.87,-0.7984955067190939
malaysia,mys,2008,4.98,-0.7829701885318514
malaysia,mys,2009,5.04,-0.774501833156992
malaysia,mys,2010,4.96,-0.7857929736568046
malaysia,mys,2011,4.86,-0.7999068992815704
malaysia,mys,2012,4.61,-0.835191713343485
malaysia,mys,2013,4.51,-0.8493056389682508
malaysia,mys,2014,4.63,-0.8323689282185318
malaysia,mys,2015,5.07,-0.7702676554695622
malaysia,mys,2016,5.12,-0.7632106926571792
malaysia,mys,2017,5.23,-0.7476853744699369
malaysia,mys,2018,5.34,-0.7321600562826945
malaysia,mys,2019,5.38,-0.7265144860327881
malaysia,mys,2020,4.27,-0.8831790604676888
malaysia,mys,2021,5.53,-0.7053435975956394
maldives,mdv,2000,3.91,-0.9339891927168458
maldives,mdv,2001,3.76,-0.9551600811539945
maldives,mdv,2002,3.61,-0.9763309695911433
maldives,mdv,2003,3.57,-0.9819765398410495
maldives,mdv,2004,3.06,-1.0539575605273552
maldives,mdv,2005,3.06,-1.0539575605273552
maldives,mdv,2006,3.13,-1.0440778125900192
maldives,mdv,2007,3.04,-1.0567803456523084
maldives,mdv,2008,3.07,-1.0525461679648787
maldives,mdv,2009,2.99,-1.0638373084646913
maldives,mdv,2010,2.89,-1.077951234089457
maldives,mdv,2011,2.87,-1.0807740192144102
maldives,mdv,2012,2.84,-1.0850081969018401
maldives,mdv,2013,2.68,-1.1075904779014654
maldives,mdv,2014,2.71,-1.1033563002140356
maldives,mdv,2015,2.56,-1.1245271886511843
maldives,mdv,2016,2.56,-1.1245271886511843
maldives,mdv,2017,2.37,-1.1513436473382392
maldives,mdv,2018,2.07,-1.1936854242125368
maldives,mdv,2019,2.84,-1.0850081969018401
maldives,mdv,2020,2.33,-1.1569892175881458
maldives,mdv,2021,1.95,-1.210622134962256
mali,mli,2000,7.75,-0.3920144487258381
mali,mli,2001,7.82,-0.38213470078850204
mali,mli,2002,7.83,-0.38072330822602546
mali,mli,2003,7.74,-0.3934258412883147
mali,mli,2004,7.72,-0.3962486264132679
mali,mli,2005,7.73,-0.3948372338507913
mali,mli,2006,7.78,-0.3877802710384084
mali,mli,2007,8.0,-0.3567296346639236
mali,mli,2008,8.15,-0.33555874622677484
mali,mli,2009,8.29,-0.3157992503521028
mali,mli,2010,8.23,-0.32426760572696217
mali,mli,2011,8.21,-0.32709039085191527
mali,mli,2012,8.42,-0.29745114703990716
mali,mli,2013,8.47,-0.29039418422752417
mali,mli,2014,8.41,-0.2988625396023837
mali,mli,2015,8.49,-0.287571399102571
mali,mli,2016,8.39,-0.30168532472733683
mali,mli,2017,8.32,-0.3115650726646729
mali,mli,2018,8.2,-0.32850178341439207
mali,mli,2019,8.01,-0.355318242101447
mali,mli,2020,8.33,-0.31015368010219635
mali,mli,2021,8.33,-0.31015368010219635
malta,mlt,2000,6.04,-0.6333625769093337
malta,mlt,2001,6.55,-0.5613815562230281
malta,mlt,2002,4.84,-0.8027296844065236
malta,mlt,2003,4.52,-0.8478942464057743
malta,mlt,2004,4.67,-0.8267233579686255
malta,mlt,2005,4.37,-0.8690651348429229
malta,mlt,2006,5.41,-0.7222803083453584
malta,mlt,2007,4.51,-0.8493056389682508
malta,mlt,2008,5.51,-0.7081663827205926
malta,mlt,2009,6.34,-0.5910208000350363
malta,mlt,2010,6.74,-0.5345650975359729
malta,mlt,2011,6.08,-0.6277170066594274
malta,mlt,2012,5.14,-0.7603879075322262
malta,mlt,2013,6.19,-0.612191688472185
malta,mlt,2014,6.31,-0.595254977722466
malta,mlt,2015,6.39,-0.5839638372226534
malta,mlt,2016,5.3,-0.7378056265326008
malta,mlt,2017,4.5,-0.8507170315307274
malta,mlt,2018,4.17,-0.8972929860924547
malta,mlt,2019,5.42,-0.7208689157828818
malta,mlt,2020,4.66,-0.8281347505311021
malta,mlt,2021,5.56,-0.7011094199082097
marshall islands,mhl,2000,26.97,2.320682056354153
marshall islands,mhl,2001,26.46,2.2487010356678474
marshall islands,mhl,2002,26.29,2.2247073621057454
marshall islands,mhl,2003,26.11,2.199302295981167
marshall islands,mhl,2004,26.2,2.212004829043456
marshall islands,mhl,2005,26.59,2.2670491389800427
marshall islands,mhl,2006,26.34,2.2317643249181285
marshall islands,mhl,2007,25.69,2.140023808357151
marshall islands,mhl,2008,25.69,2.140023808357151
marshall islands,mhl,2009,25.91,2.1710744447316355
marshall islands,mhl,2010,24.37,1.9537199901102418
marshall islands,mhl,2011,25.43,2.1033276017327593
marshall islands,mhl,2012,24.7,2.0002959446719686
marshall islands,mhl,2013,24.24,1.9353718867980458
marshall islands,mhl,2014,23.08,1.7716503495507623
marshall islands,mhl,2015,22.96,1.7547136388010436
marshall islands,mhl,2016,22.26,1.655916159427683
marshall islands,mhl,2017,22.04,1.6248655230531979
marshall islands,mhl,2018,19.35,1.2452009237469974
marshall islands,mhl,2019,21.43,1.5387705767421265
marshall islands,mhl,2020,19.15,1.2169730724974654
marshall islands,mhl,2021,18.2,1.0828907790621902
mauritania,mrt,2000,5.01,-0.7787360108444217
mauritania,mrt,2001,5.0,-0.7801474034068983
mauritania,mrt,2002,4.94,-0.7886157587817577
mauritania,mrt,2003,4.82,-0.8055524695314767
mauritania,mrt,2004,4.88,-0.7970841141566173
mauritania,mrt,2005,4.7,-0.8224891802811958
mauritania,mrt,2006,4.73,-0.8182550025937659
mauritania,mrt,2007,4.63,-0.8323689282185318
mauritania,mrt,2008,4.55,-0.8436600687183445
mauritania,mrt,2009,4.64,-0.8309575356560552
mauritania,mrt,2010,4.65,-0.8295461430935787
mauritania,mrt,2011,4.59,-0.8380144984684382
mauritania,mrt,2012,4.8,-0.8083752546564299
mauritania,mrt,2013,4.8,-0.8083752546564299
mauritania,mrt,2014,4.82,-0.8055524695314767
mauritania,mrt,2015,4.78,-0.811198039781383
mauritania,mrt,2016,4.86,-0.7999068992815704
mauritania,mrt,2017,4.9,-0.794261329031664
mauritania,mrt,2018,4.91,-0.7928499364691876
mauritania,mrt,2019,4.93,-0.7900271513442344
mauritania,mrt,2020,4.96,-0.7857929736568046
mauritania,mrt,2021,4.88,-0.7970841141566173
mauritius,mus,2000,11.65,0.15842865064002898
mauritius,mus,2001,9.85,-0.09562201060575592
mauritius,mus,2002,11.12,0.08362484482876996
mauritius,mus,2003,7.75,-0.3920144487258381
mauritius,mus,2004,7.97,-0.3609638123513534
mauritius,mus,2005,8.74,-0.2522865850406565
mauritius,mus,2006,9.33,-0.16901442385453813
mauritius,mus,2007,10.04,-0.06880555191870093
mauritius,mus,2008,6.65,-0.5472676305982621
mauritius,mus,2009,8.77,-0.2480524073532268
mauritius,mus,2010,7.37,-0.44564736609994826
mauritius,mus,2011,8.94,-0.22405873379112493
mauritius,mus,2012,9.35,-0.16619163872958503
mauritius,mus,2013,7.87,-0.37507773797611915
mauritius,mus,2014,9.83,-0.09844479573070904
mauritius,mus,2015,7.67,-0.4033055892256508
mauritius,mus,2016,7.6,-0.41318533716298694
mauritius,mus,2017,9.06,-0.2071220230414058
mauritius,mus,2018,8.17,-0.3327359611018217
mauritius,mus,2019,8.7,-0.25793215529056296
mauritius,mus,2020,10.45,-0.01093845685716104
mauritius,mus,2021,9.39,-0.1605460684796786
mexico,mex,2000,4.06,-0.9128183042796971
mexico,mex,2001,4.34,-0.8732993125303528
mexico,mex,2002,4.34,-0.8732993125303528
mexico,mex,2003,4.45,-0.8577739943431103
mexico,mex,2004,4.43,-0.8605967794680635
mexico,mex,2005,4.53,-0.8464828538432976
mexico,mex,2006,4.32,-0.8761220976553058
mexico,mex,2007,4.39,-0.8662423497179699
mexico,mex,2008,4.65,-0.8295461430935787
mexico,mex,2009,4.9,-0.794261329031664
mexico,mex,2010,4.67,-0.8267233579686255
mexico,mex,2011,5.4,-0.723691700907835
mexico,mex,2012,4.99,-0.7815587959693748
mexico,mex,2013,5.34,-0.7321600562826945
mexico,mex,2014,5.77,-0.6714701760962015
mexico,mex,2015,5.69,-0.682761316596014
mexico,mex,2016,5.57,-0.699698027345733
mexico,mex,2017,5.71,-0.679938531471061
mexico,mex,2018,5.82,-0.6644132132838185
mexico,mex,2019,6.15,-0.6178372587220913
mexico,mex,2020,6.32,-0.5938435851599894
mexico,mex,2021,6.9,-0.5119828165363476
micronesia (country),fsm,2000,24.6,1.9861820190472033
micronesia (country),fsm,2001,24.1,1.915612390923374
micronesia (country),fsm,2002,23.48,1.8281060520498258
micronesia (country),fsm,2003,23.21,1.7899984528629582
micronesia (country),fsm,2004,24.23,1.9339604942355695
micronesia (country),fsm,2005,24.74,2.005941514921875
micronesia (country),fsm,2006,24.45,1.9650111306100542
micronesia (country),fsm,2007,24.01,1.9029098578610848
micronesia (country),fsm,2008,23.91,1.8887959322363188
micronesia (country),fsm,2009,23.76,1.8676250437991704
micronesia (country),fsm,2010,23.71,1.8605680809867873
micronesia (country),fsm,2011,24.06,1.9099668206734675
micronesia (country),fsm,2012,24.06,1.9099668206734675
micronesia (country),fsm,2013,23.65,1.8520997256119274
micronesia (country),fsm,2014,21.65,1.569821213116611
micronesia (country),fsm,2015,21.95,1.6121629899909087
micronesia (country),fsm,2016,21.8,1.59099210155376
micronesia (country),fsm,2017,21.82,1.5938148866787132
micronesia (country),fsm,2018,21.81,1.5924034941162364
micronesia (country),fsm,2019,21.8,1.59099210155376
micronesia (country),fsm,2020,20.39,1.3919857502445618
micronesia (country),fsm,2021,21.03,1.4823148742430632
moldova,mda,2000,18.37,1.1068844526242925
moldova,mda,2001,20.24,1.370814861807413
moldova,mda,2002,18.82,1.1703971179357384
moldova,mda,2003,19.58,1.2776629526839585
moldova,mda,2004,18.93,1.1859224361229808
moldova,mda,2005,19.55,1.273428774996529
moldova,mda,2006,19.73,1.2988338411211076
moldova,mda,2007,17.15,0.934694560002149
moldova,mda,2008,18.7,1.1534604071860193
moldova,mda,2009,18.79,1.1661629402483085
moldova,mda,2010,19.09,1.2085047171226062
moldova,mda,2011,13.77,0.45764387388506433
moldova,mda,2012,14.61,0.5762008491330972
moldova,mda,2013,13.72,0.45058691107268156
moldova,mda,2014,13.83,0.4661122292599239
moldova,mda,2015,12.99,0.34755525401189097
moldova,mda,2016,12.86,0.3292071506996953
moldova,mda,2017,11.7,0.16548561345241175
moldova,mda,2018,11.21,0.09632737789105944
moldova,mda,2019,10.88,0.04975142332933221
moldova,mda,2020,9.72,-0.11397011391795135
moldova,mda,2021,12.23,0.24028941926367076
monaco,mco,2000,15.01,0.6326565516321605
monaco,mco,2001,15.02,0.6340679441946371
monaco,mco,2002,14.98,0.6284223739447309
monaco,mco,2003,14.88,0.6143084483199651
monaco,mco,2004,14.91,0.6185426260073947
monaco,mco,2005,14.82,0.6058400929451055
monaco,mco,2006,14.76,0.597371737570246
monaco,mco,2007,13.64,0.4392957705728689
monaco,mco,2008,14.36,0.5409160350711827
monaco,mco,2009,15.25,0.6665299731315986
monaco,mco,2010,13.63,0.4378843780103923
monaco,mco,2011,11.77,0.17536536138974787
monaco,mco,2012,15.16,0.6538274400693094
monaco,mco,2013,15.02,0.6340679441946371
monaco,mco,2014,14.13,0.5084540061342214
monaco,mco,2015,13.93,0.48022615488468967
monaco,mco,2016,13.74,0.45340969619763466
monaco,mco,2017,13.51,0.42094766726067323
monaco,mco,2018,13.35,0.3983653862610479
monaco,mco,2019,13.13,0.3673147498865632
monaco,mco,2020,12.52,0.28121980357549153
monaco,mco,2021,12.63,0.2967451217627341
mongolia,mng,2000,18.79,1.1661629402483085
mongolia,mng,2001,18.55,1.1322895187488708
mongolia,mng,2002,18.06,1.063131283187518
mongolia,mng,2003,19.05,1.2028591468727
mongolia,mng,2004,19.27,1.2339097832471846
mongolia,mng,2005,19.57,1.276251560121482
mongolia,mng,2006,19.2,1.2240300353098486
mongolia,mng,2007,18.96,1.1901566138104107
mongolia,mng,2008,19.15,1.2169730724974654
mongolia,mng,2009,19.46,1.2607262419342398
mongolia,mng,2010,20.26,1.3736376469323666
mongolia,mng,2011,22.24,1.6530933743027294
mongolia,mng,2012,21.38,1.5317136139297434
mongolia,mng,2013,19.95,1.329884477495592
mongolia,mng,2014,19.02,1.19862496918527
mongolia,mng,2015,19.48,1.263549027059193
mongolia,mng,2016,19.48,1.263549027059193
mongolia,mng,2017,19.04,1.201447754310223
mongolia,mng,2018,18.27,1.0927705269995263
mongolia,mng,2019,18.49,1.123821163374011
mongolia,mng,2020,19.88,1.320004729558256
mongolia,mng,2021,19.67,1.290365485746248
montenegro,mne,2000,14.97,0.6270109813822543
montenegro,mne,2001,14.25,0.5253907168839403
montenegro,mne,2002,14.55,0.5677324937582379
montenegro,mne,2003,14.11,0.505631221009268
montenegro,mne,2004,14.18,0.5155109689466042
montenegro,mne,2005,13.96,0.48446033257211957
montenegro,mne,2006,13.82,0.46470083669744733
montenegro,mne,2007,12.7,0.30662486970006997
montenegro,mne,2008,12.33,0.2544033448884365
montenegro,mne,2009,12.2,0.23605524157624086
montenegro,mne,2010,11.69,0.1640742208899352
montenegro,mne,2011,12.01,0.20923878288918588
montenegro,mne,2012,11.56,0.14572611757773976
montenegro,mne,2013,10.86,0.046928638204378856
montenegro,mne,2014,10.76,0.03281471257961308
montenegro,mne,2015,10.58,0.007409646455034641
montenegro,mne,2016,10.23,-0.04198909323164569
montenegro,mne,2017,10.72,0.027169142329706873
montenegro,mne,2018,10.97,0.06245395639162143
montenegro,mne,2019,11.42,0.12596662170306752
montenegro,mne,2020,12.18,0.23323245645128776
montenegro,mne,2021,9.0,-0.21559037841626538
morocco,mar,2000,4.86,-0.7999068992815704
morocco,mar,2001,4.66,-0.8281347505311021
morocco,mar,2002,4.57,-0.8408372835933913
morocco,mar,2003,4.69,-0.8239005728436722
morocco,mar,2004,4.56,-0.842248676155868
morocco,mar,2005,4.56,-0.842248676155868
morocco,mar,2006,4.42,-0.86200817203054
morocco,mar,2007,4.13,-0.902938556342361
morocco,mar,2008,4.12,-0.9043499489048376
morocco,mar,2009,4.18,-0.8958815935299781
morocco,mar,2010,4.11,-0.905761341467314
morocco,mar,2011,4.07,-0.9114069117172204
morocco,mar,2012,3.99,-0.922698052217033
morocco,mar,2013,3.9,-0.9354005852793222
morocco,mar,2014,3.78,-0.9523372960290414
morocco,mar,2015,3.66,-0.9692740067787603
morocco,mar,2016,3.55,-0.9847993249660028
morocco,mar,2017,3.4,-1.0059702134031514
morocco,mar,2018,3.33,-1.0158499613404874
morocco,mar,2019,3.29,-1.0214955315903937
morocco,mar,2020,2.97,-1.0666600935896444
morocco,mar,2021,2.96,-1.068071486152121
mozambique,moz,2000,12.38,0.26146030770081957
mozambique,moz,2001,12.02,0.21065017545166242
mozambique,moz,2002,12.21,0.23746663413871766
mozambique,moz,2003,12.17,0.2318210638888112
mozambique,moz,2004,12.27,0.24593498951357698
mozambique,moz,2005,12.56,0.286865373825398
mozambique,moz,2006,13.46,0.41389070444829046
mozambique,moz,2007,14.89,0.6157198408824417
mozambique,moz,2008,15.69,0.7286312458805682
mozambique,moz,2009,16.55,0.8500110062535543
mozambique,moz,2010,17.39,0.9685679815015873
mozambique,moz,2011,17.76,1.0207895063132209
mozambique,moz,2012,17.83,1.0306692542505564
mozambique,moz,2013,18.88,1.1788654733105979
mozambique,moz,2014,20.37,1.389162965119609
mozambique,moz,2015,20.7,1.4357389196813357
mozambique,moz,2016,22.3,1.661561729677589
mozambique,moz,2017,23.2,1.7885870603004814
mozambique,moz,2018,22.97,1.75612503136352
mozambique,moz,2019,21.41,1.5359477916171733
mozambique,moz,2020,20.48,1.4046882833068512
mozambique,moz,2021,19.39,1.2508464939969037
myanmar,mmr,2000,4.32,-0.8761220976553058
myanmar,mmr,2001,4.24,-0.8874132381551185
myanmar,mmr,2002,4.23,-0.8888246307175951
myanmar,mmr,2003,4.17,-0.8972929860924547
myanmar,mmr,2004,4.17,-0.8972929860924547
myanmar,mmr,2005,4.1,-0.9071727340297907
myanmar,mmr,2006,4.04,-0.9156410894046502
myanmar,mmr,2007,3.91,-0.9339891927168458
myanmar,mmr,2008,3.77,-0.953748688591518
myanmar,mmr,2009,3.58,-0.9805651472785729
myanmar,mmr,2010,3.47,-0.9960904654658153
myanmar,mmr,2011,3.39,-1.007381605965628
myanmar,mmr,2012,3.35,-1.0130271762155345
myanmar,mmr,2013,3.27,-1.0243183167153471
myanmar,mmr,2014,3.26,-1.0257297092778237
myanmar,mmr,2015,3.22,-1.0313752795277298
myanmar,mmr,2016,3.19,-1.0356094572151597
myanmar,mmr,2017,3.12,-1.0454892051524958
myanmar,mmr,2018,3.11,-1.0469005977149723
myanmar,mmr,2019,3.11,-1.0469005977149723
myanmar,mmr,2020,2.93,-1.072305663839551
myanmar,mmr,2021,2.9,-1.0765398415269805
namibia,nam,2000,14.06,0.49857425819688533
namibia,nam,2001,14.04,0.49575147307193196
namibia,nam,2002,14.67,0.5846692045079568
namibia,nam,2003,14.82,0.6058400929451055
namibia,nam,2004,14.53,0.5649097086332845
namibia,nam,2005,14.25,0.5253907168839403
namibia,nam,2006,13.55,0.42659323751057965
namibia,nam,2007,12.88,0.3320299358246487
namibia,nam,2008,12.36,0.2586375225758662
namibia,nam,2009,11.48,0.1344349770779271
namibia,nam,2010,11.17,0.09068180764115298
namibia,nam,2011,11.8,0.17959953907717777
namibia,nam,2012,11.49,0.13584636964040364
namibia,nam,2013,11.53,0.14149193989030986
namibia,nam,2014,12.29,0.24875777463853008
namibia,nam,2015,12.09,0.22052992338899854
namibia,nam,2016,10.63,0.014466609267417652
namibia,nam,2017,11.36,0.11749826632820796
namibia,nam,2018,10.84,0.04410585307942575
namibia,nam,2019,10.81,0.03987167539199609
namibia,nam,2020,10.96,0.06104256382914488
namibia,nam,2021,10.95,0.05963117126666807
nauru,nru,2000,36.16,3.6177518212701316
nauru,nru,2001,35.84,3.572587259270882
nauru,nru,2002,35.58,3.53589105264649
nauru,nru,2003,30.62,2.8358403416581055
nauru,nru,2004,36.83,3.712315122956063
nauru,nru,2005,35.71,3.554239155958686
nauru,nru,2006,35.02,3.4568530691478023
nauru,nru,2007,35.8,3.566941689020975
nauru,nru,2008,35.16,3.4766125650224735
nauru,nru,2009,33.92,3.301599887275378
nauru,nru,2010,33.2,3.199979622777064
nauru,nru,2011,33.57,3.252201147588697
nauru,nru,2012,32.63,3.119530246715899
nauru,nru,2013,31.72,2.9910935235305294
nauru,nru,2014,30.99,2.888061866469739
nauru,nru,2015,27.11,2.340441552228825
nauru,nru,2016,26.44,2.2458782505428942
nauru,nru,2017,26.22,2.214827614168409
nauru,nru,2018,24.74,2.005941514921875
nauru,nru,2019,27.4,2.3813719365406456
nauru,nru,2020,28.65,2.557796006850219
nauru,nru,2021,28.33,2.512631444850968
nepal,npl,2000,12.5,0.27839701845053844
nepal,npl,2001,12.12,0.2247641010764282
nepal,npl,2002,11.85,0.18665650188956054
nepal,npl,2003,11.73,0.16971979113984165
nepal,npl,2004,11.61,0.15278308039012253
nepal,npl,2005,11.64,0.15701725807755243
nepal,npl,2006,11.71,0.16689700601488855
nepal,npl,2007,11.48,0.1344349770779271
nepal,npl,2008,11.18,0.09209320020362953
nepal,npl,2009,11.49,0.13584636964040364
nepal,npl,2010,11.81,0.18101093163965432
nepal,npl,2011,12.1,0.2219413159514751
nepal,npl,2012,11.99,0.20641599776423275
nepal,npl,2013,12.24,0.24170081182614733
nepal,npl,2014,12.16,0.23040967132633466
nepal,npl,2015,12.07,0.21770713826404542
nepal,npl,2016,11.77,0.17536536138974787
nepal,npl,2017,11.86,0.1880678944520371
nepal,npl,2018,11.81,0.18101093163965432
nepal,npl,2019,11.65,0.15842865064002898
nepal,npl,2020,10.85,0.0455172456419023
nepal,npl,2021,11.09,0.07939066714134031
netherlands,nld,2000,8.07,-0.3468498867265875
netherlands,nld,2001,8.02,-0.3539068495389705
netherlands,nld,2002,8.42,-0.29745114703990716
netherlands,nld,2003,8.03,-0.3524954569764939
netherlands,nld,2004,8.11,-0.34120431647668126
netherlands,nld,2005,8.28,-0.3172106429145794
netherlands,nld,2006,8.12,-0.33979292391420474
netherlands,nld,2007,7.1,-0.48375496528681605
netherlands,nld,2008,7.45,-0.4343562256001356
netherlands,nld,2009,7.74,-0.3934258412883147
netherlands,nld,2010,8.11,-0.34120431647668126
netherlands,nld,2011,8.44,-0.29462836191495406
netherlands,nld,2012,8.91,-0.2282929114785546
netherlands,nld,2013,9.47,-0.14925492797986592
netherlands,nld,2014,9.31,-0.17183720897949126
netherlands,nld,2015,9.31,-0.17183720897949126
netherlands,nld,2016,9.27,-0.1774827792293977
netherlands,nld,2017,9.49,-0.1464321428549128
netherlands,nld,2018,9.05,-0.20853341560388236
netherlands,nld,2019,8.87,-0.23393848172846105
netherlands,nld,2020,8.85,-0.23676126685341414
netherlands,nld,2021,9.14,-0.19583088254159314
new zealand,nzl,2000,12.43,0.2685172705132023
new zealand,nzl,2001,13.49,0.4181248821357201
new zealand,nzl,2002,12.1,0.2219413159514751
new zealand,nzl,2003,13.01,0.3503780391368441
new zealand,nzl,2004,12.26,0.24452359695110043
new zealand,nzl,2005,12.59,0.2910995515128276
new zealand,nzl,2006,12.72,0.30944765482502334
new zealand,nzl,2007,11.65,0.15842865064002898
new zealand,nzl,2008,11.88,0.19089067957699044
new zealand,nzl,2009,10.93,0.05680838614171497
new zealand,nzl,2010,11.99,0.20641599776423275
new zealand,nzl,2011,11.1,0.08080205970381686
new zealand,nzl,2012,12.38,0.26146030770081957
new zealand,nzl,2013,11.52,0.14008054732783332
new zealand,nzl,2014,11.04,0.07233370432895729
new zealand,nzl,2015,11.36,0.11749826632820796
new zealand,nzl,2016,11.81,0.18101093163965432
new zealand,nzl,2017,12.13,0.226175493638905
new zealand,nzl,2018,10.97,0.06245395639162143
new zealand,nzl,2019,11.05,0.0737450968914341
new zealand,nzl,2020,10.59,0.008821039017511193
new zealand,nzl,2021,11.08,0.07797927457886375
nicaragua,nic,2000,8.21,-0.32709039085191527
nicaragua,nic,2001,7.62,-0.41036255203803373
nicaragua,nic,2002,7.15,-0.47669800247443306
nicaragua,nic,2003,7.92,-0.36802077516373627
nicaragua,nic,2004,7.35,-0.44847015122490147
nicaragua,nic,2005,6.88,-0.5148056016613008
nicaragua,nic,2006,6.01,-0.6375967545967635
nicaragua,nic,2007,6.28,-0.5994891554098957
nicaragua,nic,2008,6.29,-0.5980777628474192
nicaragua,nic,2009,6.18,-0.6136030810346617
nicaragua,nic,2010,5.89,-0.6545334653464825
nicaragua,nic,2011,6.5,-0.568438519035411
nicaragua,nic,2012,5.38,-0.7265144860327881
nicaragua,nic,2013,6.19,-0.612191688472185
nicaragua,nic,2014,5.44,-0.7180461306579285
nicaragua,nic,2015,4.86,-0.7999068992815704
nicaragua,nic,2016,4.96,-0.7857929736568046
nicaragua,nic,2017,5.17,-0.7561537298447963
nicaragua,nic,2018,5.54,-0.7039322050331628
nicaragua,nic,2019,4.71,-0.8210777877187192
nicaragua,nic,2020,3.67,-0.9678626142162837
nicaragua,nic,2021,4.2,-0.8930588084050248
niger,ner,2000,7.68,-0.4018941966631743
niger,ner,2001,7.91,-0.3694321677262128
niger,ner,2002,7.81,-0.3835460933509787
niger,ner,2003,8.0,-0.3567296346639236
niger,ner,2004,7.83,-0.38072330822602546
niger,ner,2005,8.13,-0.33838153135172794
niger,ner,2006,8.07,-0.3468498867265875
niger,ner,2007,8.27,-0.3186220354770559
niger,ner,2008,8.0,-0.3567296346639236
niger,ner,2009,8.23,-0.32426760572696217
niger,ner,2010,8.38,-0.30309671728981336
niger,ner,2011,8.63,-0.26781190322789883
niger,ner,2012,8.86,-0.2353498742909376
niger,ner,2013,8.98,-0.21841316354121848
niger,ner,2014,9.03,-0.2113562007288357
niger,ner,2015,8.98,-0.21841316354121848
niger,ner,2016,8.93,-0.22547012635360147
niger,ner,2017,8.91,-0.2282929114785546
niger,ner,2018,8.89,-0.2311156966035077
niger,ner,2019,8.92,-0.22688151891607805
niger,ner,2020,8.83,-0.23958405197836727
niger,ner,2021,8.84,-0.23817265941589072
nigeria,nga,2000,9.67,-0.12102707673033436
nigeria,nga,2001,9.84,-0.09703340316823247
nigeria,nga,2002,9.64,-0.12526125441776403
nigeria,nga,2003,9.59,-0.13231821723014703
nigeria,nga,2004,9.69,-0.11820429160538126
nigeria,nga,2005,9.46,-0.15066632054234247
nigeria,nga,2006,9.55,-0.13796378748005325
nigeria,nga,2007,9.53,-0.1407865726050066
nigeria,nga,2008,9.38,-0.16195746104215514
nigeria,nga,2009,9.48,-0.14784353541738937
nigeria,nga,2010,9.24,-0.18171695691682738
nigeria,nga,2011,8.96,-0.22123594866617158
nigeria,nga,2012,8.75,-0.2508751924781799
nigeria,nga,2013,8.52,-0.2833372214151414
nigeria,nga,2014,8.37,-0.30450810985229015
nigeria,nga,2015,8.12,-0.33979292391420474
nigeria,nga,2016,8.03,-0.3524954569764939
nigeria,nga,2017,7.89,-0.37225495285116605
nigeria,nga,2018,7.95,-0.3637865974763065
nigeria,nga,2019,7.93,-0.3666093826012597
nigeria,nga,2020,8.34,-0.30874228753971983
nigeria,nga,2021,8.86,-0.2353498742909376
niue,niu,2000,18.09,1.0673654608749479
niue,niu,2001,17.68,1.009498365813408
niue,niu,2002,17.22,0.9445743079394852
niue,niu,2003,17.17,0.9375173451271026
niue,niu,2004,14.92,0.6199540185698713
niue,niu,2005,14.43,0.5507957830085187
niue,niu,2006,14.32,0.5352704648212765
niue,niu,2007,15.79,0.7427451715053339
niue,niu,2008,15.63,0.7201628905057088
niue,niu,2009,14.6,0.5747894565706206
niue,niu,2010,14.18,0.5155109689466042
niue,niu,2011,14.4,0.5465616053210891
niue,niu,2012,14.9,0.6171312334449183
niue,niu,2013,15.7,0.7300426384430446
niue,niu,2014,14.92,0.6199540185698713
niue,niu,2015,14.05,0.49716286563440876
niue,niu,2016,14.05,0.49716286563440876
niue,niu,2017,13.5,0.41953627469819665
niue,niu,2018,13.68,0.4449413408227751
niue,niu,2019,11.64,0.15701725807755243
niue,niu,2020,16.97,0.9092894938775705
niue,niu,2021,15.81,0.7455679566302872
north korea,prk,2000,8.89,-0.2311156966035077
north korea,prk,2001,8.71,-0.25652076272808616
north korea,prk,2002,8.69,-0.2593435478530395
north korea,prk,2003,8.42,-0.29745114703990716
north korea,prk,2004,8.23,-0.32426760572696217
north korea,prk,2005,8.07,-0.3468498867265875
north korea,prk,2006,8.06,-0.34826127928906403
north korea,prk,2007,8.27,-0.3186220354770559
north korea,prk,2008,8.7,-0.25793215529056296
north korea,prk,2009,8.77,-0.2480524073532268
north korea,prk,2010,9.03,-0.2113562007288357
north korea,prk,2011,9.08,-0.20429923791645271
north korea,prk,2012,8.92,-0.22688151891607805
north korea,prk,2013,8.97,-0.21982455610369503
north korea,prk,2014,8.98,-0.21841316354121848
north korea,prk,2015,9.22,-0.18453974204178047
north korea,prk,2016,9.15,-0.1944194899791166
north korea,prk,2017,8.69,-0.2593435478530395
north korea,prk,2018,8.27,-0.3186220354770559
north korea,prk,2019,8.38,-0.30309671728981336
north korea,prk,2020,7.6,-0.41318533716298694
north korea,prk,2021,7.61,-0.41177394460051026
north macedonia,mkd,2000,7.13,-0.47952078759938627
north macedonia,mkd,2001,9.53,-0.1407865726050066
north macedonia,mkd,2002,7.34,-0.44988154378737805
north macedonia,mkd,2003,6.72,-0.5373878826609262
north macedonia,mkd,2004,7.76,-0.3906030561633616
north macedonia,mkd,2005,6.31,-0.595254977722466
north macedonia,mkd,2006,7.08,-0.48657775041176915
north macedonia,mkd,2007,6.57,-0.5585587710980748
north macedonia,mkd,2008,6.47,-0.5726726967228407
north macedonia,mkd,2009,6.62,-0.551501808285692
north macedonia,mkd,2010,4.75,-0.8154322174688129
north macedonia,mkd,2011,4.85,-0.801318291844047
north macedonia,mkd,2012,6.74,-0.5345650975359729
north macedonia,mkd,2013,6.51,-0.5670271264729344
north macedonia,mkd,2014,5.07,-0.7702676554695622
north macedonia,mkd,2015,4.11,-0.905761341467314
north macedonia,mkd,2016,4.42,-0.86200817203054
north macedonia,mkd,2017,3.68,-0.9664512216538071
north macedonia,mkd,2018,4.22,-0.8902360232800718
north macedonia,mkd,2019,3.86,-0.9410461555292288
north macedonia,mkd,2020,3.61,-0.9763309695911433
north macedonia,mkd,2021,4.63,-0.8323689282185318
norway,nor,2000,11.88,0.19089067957699044
norway,nor,2001,11.63,0.15560586551507588
norway,nor,2002,10.31,-0.030697952731833022
norway,nor,2003,10.64,0.015878001829894205
norway,nor,2004,10.98,0.06386534895409798
norway,nor,2005,11.08,0.07797927457886375
norway,nor,2006,10.77,0.03422610514208963
norway,nor,2007,9.54,-0.13937518004253005
norway,nor,2008,9.89,-0.08997644035584947
norway,nor,2009,10.92,0.05539699357923842
norway,nor,2010,10.32,-0.02928656016935647
norway,nor,2011,11.58,0.14854890270269286
norway,nor,2012,9.47,-0.14925492797986592
norway,nor,2013,9.91,-0.08715365523089637
norway,nor,2014,9.63,-0.12667264698024058
norway,nor,2015,10.06,-0.06598276679374758
norway,nor,2016,10.71,0.02575774976723032
norway,nor,2017,10.42,-0.015172634544590696
norway,nor,2018,11.66,0.15984004320250553
norway,nor,2019,11.12,0.08362484482876996
norway,nor,2020,10.87,0.048340030766855405
norway,nor,2021,11.42,0.12596662170306752
oman,omn,2000,2.51,-1.1315841514635674
oman,omn,2001,2.47,-1.1372297217134735
oman,omn,2002,2.26,-1.1668689655254818
oman,omn,2003,2.25,-1.1682803580879584
oman,omn,2004,2.11,-1.1880398539626307
oman,omn,2005,2.06,-1.1950968167750133
oman,omn,2006,1.96,-1.209210742399779
oman,omn,2007,1.72,-1.2430841638992172
oman,omn,2008,1.61,-1.2586094820864597
oman,omn,2009,1.08,-1.3334132878977185
oman,omn,2010,1.73,-1.2416727713367406
oman,omn,2011,1.77,-1.2360272010868345
oman,omn,2012,1.75,-1.2388499862117874
oman,omn,2013,1.67,-1.2501411267116003
oman,omn,2014,1.77,-1.2360272010868345
oman,omn,2015,1.55,-1.267077837461319
oman,omn,2016,1.69,-1.2473183415866471
oman,omn,2017,1.76,-1.2374385936493109
oman,omn,2018,1.84,-1.2261474531494982
oman,omn,2019,1.82,-1.2289702382744514
oman,omn,2020,1.2,-1.3164765771479996
oman,omn,2021,0.93,-1.3545841763348674
pakistan,pak,2000,8.84,-0.23817265941589072
pakistan,pak,2001,8.77,-0.2480524073532268
pakistan,pak,2002,8.84,-0.23817265941589072
pakistan,pak,2003,8.67,-0.2621663329779926
pakistan,pak,2004,8.73,-0.253697977603133
pakistan,pak,2005,8.66,-0.26357772554046915
pakistan,pak,2006,8.54,-0.2805144362901883
pakistan,pak,2007,8.3,-0.314387857789626
pakistan,pak,2008,8.19,-0.3299131759768686
pakistan,pak,2009,8.0,-0.3567296346639236
pakistan,pak,2010,7.6,-0.41318533716298694
pakistan,pak,2011,7.45,-0.4343562256001356
pakistan,pak,2012,7.53,-0.4230650851003229
pakistan,pak,2013,6.99,-0.4992802834740584
pakistan,pak,2014,7.37,-0.44564736609994826
pakistan,pak,2015,7.41,-0.44000179585004195
pakistan,pak,2016,7.36,-0.44705875866242484
pakistan,pak,2017,7.31,-0.45411572147480783
pakistan,pak,2018,7.11,-0.48234357272433936
pakistan,pak,2019,6.96,-0.5035144611614881
pakistan,pak,2020,6.32,-0.5938435851599894
pakistan,pak,2021,6.45,-0.5754954818477939
palau,plw,2000,17.34,0.9615110186892042
palau,plw,2001,18.17,1.0786566013747607
palau,plw,2002,17.99,1.053251535250182
palau,plw,2003,15.16,0.6538274400693094
palau,plw,2004,20.07,1.3468211882453112
palau,plw,2005,18.75,1.1605173699984024
palau,plw,2006,19.61,1.2818971303713884
palau,plw,2007,18.48,1.1224097708115346
palau,plw,2008,18.44,1.1167642005616285
palau,plw,2009,19.06,1.2042705394351763
palau,plw,2010,18.51,1.1266439484989645
palau,plw,2011,15.23,0.6637071880066454
palau,plw,2012,15.38,0.6848780764437943
palau,plw,2013,15.71,0.7314540310055214
palau,plw,2014,15.39,0.6862894690062707
palau,plw,2015,15.24,0.665118580569122
palau,plw,2016,15.0,0.631245159069684
palau,plw,2017,15.07,0.6411249070070201
palau,plw,2018,15.27,0.6693527582565516
palau,plw,2019,15.32,0.6764097210689347
palau,plw,2020,14.96,0.6255995888197778
palau,plw,2021,13.9,0.47599197719726
panama,pan,2000,5.29,-0.7392170190950774
panama,pan,2001,5.6,-0.6954638496583034
panama,pan,2002,5.6,-0.6954638496583034
panama,pan,2003,6.22,-0.6079575107847552
panama,pan,2004,5.92,-0.6502992876590528
panama,pan,2005,5.24,-0.7462739819074603
panama,pan,2006,5.87,-0.6573562504714356
panama,pan,2007,5.2,-0.7519195521573666
panama,pan,2008,5.5,-0.7095777752830692
panama,pan,2009,5.11,-0.7646220852196558
panama,pan,2010,4.16,-0.8987043786549311
panama,pan,2011,4.1,-0.9071727340297907
panama,pan,2012,3.72,-0.9608056514039007
panama,pan,2013,3.55,-0.9847993249660028
panama,pan,2014,4.13,-0.902938556342361
panama,pan,2015,2.86,-1.082185411776887
panama,pan,2016,3.21,-1.0327866720902066
panama,pan,2017,3.1,-1.048311990277449
panama,pan,2018,2.89,-1.077951234089457
panama,pan,2019,2.57,-1.1231157960887077
panama,pan,2020,2.45,-1.1400525068384268
panama,pan,2021,3.27,-1.0243183167153471
papua new guinea,png,2000,2.25,-1.1682803580879584
papua new guinea,png,2001,2.2,-1.1753373209003415
papua new guinea,png,2002,2.24,-1.169691750650435
papua new guinea,png,2003,2.16,-1.1809828911502476
papua new guinea,png,2004,2.14,-1.1838056762752007
papua new guinea,png,2005,2.15,-1.1823942837127241
papua new guinea,png,2006,2.16,-1.1809828911502476
papua new guinea,png,2007,2.12,-1.1866284614001539
papua new guinea,png,2008,2.09,-1.1908626390875838
papua new guinea,png,2009,2.07,-1.1936854242125368
papua new guinea,png,2010,2.14,-1.1838056762752007
papua new guinea,png,2011,2.17,-1.179571498587771
papua new guinea,png,2012,2.14,-1.1838056762752007
papua new guinea,png,2013,2.17,-1.179571498587771
papua new guinea,png,2014,2.36,-1.152755039900716
papua new guinea,png,2015,2.39,-1.148520862213286
papua new guinea,png,2016,2.39,-1.148520862213286
papua new guinea,png,2017,2.3,-1.1612233952755755
papua new guinea,png,2018,2.35,-1.1541664324631926
papua new guinea,png,2019,2.44,-1.1414638994009034
papua new guinea,png,2020,2.07,-1.1936854242125368
papua new guinea,png,2021,2.15,-1.1823942837127241
paraguay,pry,2000,3.89,-0.9368119778417988
paraguay,pry,2001,3.74,-0.9579828662789476
paraguay,pry,2002,4.03,-0.9170524819671267
paraguay,pry,2003,4.0,-0.9212866596545565
paraguay,pry,2004,4.97,-0.7843815810943281
paraguay,pry,2005,4.89,-0.7956727215941407
paraguay,pry,2006,4.95,-0.7872043662192811
paraguay,pry,2007,4.66,-0.8281347505311021
paraguay,pry,2008,4.26,-0.8845904530301654
paraguay,pry,2009,5.36,-0.7293372711577413
paraguay,pry,2010,4.45,-0.8577739943431103
paraguay,pry,2011,5.38,-0.7265144860327881
paraguay,pry,2012,5.42,-0.7208689157828818
paraguay,pry,2013,5.72,-0.6785271389085844
paraguay,pry,2014,6.82,-0.5232739570361603
paraguay,pry,2015,6.6,-0.5543245934106452
paraguay,pry,2016,6.12,-0.622071436409521
paraguay,pry,2017,6.34,-0.5910208000350363
paraguay,pry,2018,7.47,-0.4315334404751825
paraguay,pry,2019,8.09,-0.34402710160163436
paraguay,pry,2020,6.49,-0.5698499115978874
paraguay,pry,2021,6.54,-0.5627929487855046
peru,per,2000,1.09,-1.332001895335242
peru,per,2001,1.27,-1.3065968292106636
peru,per,2002,1.47,-1.2783689779611318
peru,per,2003,1.38,-1.2910715110234212
peru,per,2004,1.15,-1.3235335399603825
peru,per,2005,0.79,-1.3743436722095395
peru,per,2006,1.05,-1.3376474655851482
peru,per,2007,1.59,-1.2614322672114129
peru,per,2008,1.53,-1.2699006225862723
peru,per,2009,0.61,-1.399748738334118
peru,per,2010,1.13,-1.3263563250853359
peru,per,2011,2.15,-1.1823942837127241
peru,per,2012,2.59,-1.1202930109637546
peru,per,2013,1.3,-1.3023626515232336
peru,per,2014,1.54,-1.2684892300237958
peru,per,2015,0.96,-1.3503499986474374
peru,per,2016,1.42,-1.2854259407735147
peru,per,2017,1.4,-1.2882487258984678
peru,per,2018,1.78,-1.234615808524358
peru,per,2019,2.16,-1.1809828911502476
peru,per,2020,1.49,-1.2755461928361786
peru,per,2021,1.52,-1.271312015148749
philippines,phl,2000,2.5,-1.1329955440260437
philippines,phl,2001,2.12,-1.1866284614001539
philippines,phl,2002,2.4,-1.1471094696508097
philippines,phl,2003,2.68,-1.1075904779014654
philippines,phl,2004,2.62,-1.1160588332763248
philippines,phl,2005,2.84,-1.0850081969018401
philippines,phl,2006,2.93,-1.072305663839551
philippines,phl,2007,2.67,-1.109001870463942
philippines,phl,2008,2.87,-1.0807740192144102
philippines,phl,2009,3.33,-1.0158499613404874
philippines,phl,2010,3.41,-1.0045588208406748
philippines,phl,2011,3.92,-0.9325778001543692
philippines,phl,2012,3.49,-0.9932676803408622
philippines,phl,2013,3.37,-1.0102043910905811
philippines,phl,2014,3.24,-1.0285524944027766
philippines,phl,2015,3.81,-0.9481031183416115
philippines,phl,2016,3.73,-0.9593942588414242
philippines,phl,2017,4.0,-0.9212866596545565
philippines,phl,2018,4.28,-0.8817676679052122
philippines,phl,2019,3.26,-1.0257297092778237
philippines,phl,2020,3.61,-0.9763309695911433
philippines,phl,2021,4.08,-0.9099955191547439
poland,pol,2000,15.37,0.6834666838813175
poland,pol,2001,15.4,0.6877008615687473
poland,pol,2002,15.34,0.6792325061938878
poland,pol,2003,15.0,0.631245159069684
poland,pol,2004,15.36,0.6820552913188409
poland,pol,2005,15.33,0.6778211136314112
poland,pol,2006,14.61,0.5762008491330972
poland,pol,2007,13.39,0.4040109565109543
poland,pol,2008,14.54,0.5663211011957611
poland,pol,2009,16.24,0.80625783681678
poland,pol,2010,15.62,0.718751497943232
poland,pol,2011,15.1,0.6453590846944498
poland,pol,2012,15.39,0.6862894690062707
poland,pol,2013,15.14,0.6510046549443562
poland,pol,2014,14.55,0.5677324937582379
poland,pol,2015,13.19,0.37578310526142256
poland,pol,2016,11.42,0.12596662170306752
poland,pol,2017,11.05,0.0737450968914341
poland,pol,2018,11.19,0.09350459276610608
poland,pol,2019,11.51,0.13866915476535674
poland,pol,2020,11.65,0.15842865064002898
poland,pol,2021,11.49,0.13584636964040364
portugal,prt,2000,5.42,-0.7208689157828818
portugal,prt,2001,6.52,-0.5656157339104578
portugal,prt,2002,9.27,-0.1774827792293977
portugal,prt,2003,8.69,-0.2593435478530395
portugal,prt,2004,7.49,-0.4287106553502293
portugal,prt,2005,7.9,-0.37084356028868937
portugal,prt,2006,7.87,-0.37507773797611915
portugal,prt,2007,8.36,-0.30591950241476673
portugal,prt,2008,8.61,-0.27063468835285215
portugal,prt,2009,8.65,-0.2649891181029457
portugal,prt,2010,8.83,-0.23958405197836727
portugal,prt,2011,8.0,-0.3567296346639236
portugal,prt,2012,8.53,-0.2819258288526648
portugal,prt,2013,8.01,-0.355318242101447
portugal,prt,2014,9.27,-0.1774827792293977
portugal,prt,2015,8.37,-0.30450810985229015
portugal,prt,2016,7.43,-0.4371790107250888
portugal,prt,2017,8.01,-0.355318242101447
portugal,prt,2018,7.58,-0.41600812228794004
portugal,prt,2019,7.75,-0.3920144487258381
portugal,prt,2020,7.61,-0.41177394460051026
portugal,prt,2021,7.18,-0.4724638247870034
qatar,qat,2000,13.18,0.374371712698946
qatar,qat,2001,13.54,0.42518184494810285
qatar,qat,2002,13.13,0.3673147498865632
qatar,qat,2003,11.63,0.15560586551507588
qatar,qat,2004,10.77,0.03422610514208963
qatar,qat,2005,9.99,-0.0758625147310837
qatar,qat,2006,9.1,-0.2014764527914996
qatar,qat,2007,9.28,-0.17607138666692115
qatar,qat,2008,8.7,-0.25793215529056296
qatar,qat,2009,8.45,-0.2932169693524775
qatar,qat,2010,8.02,-0.3539068495389705
qatar,qat,2011,7.46,-0.43294483303765907
qatar,qat,2012,6.95,-0.5049258537239647
qatar,qat,2013,6.49,-0.5698499115978874
qatar,qat,2014,6.33,-0.5924321925975128
qatar,qat,2015,6.14,-0.619248651284568
qatar,qat,2016,6.17,-0.6150144735971381
qatar,qat,2017,5.98,-0.6418309322841932
qatar,qat,2018,5.83,-0.663001820721342
qatar,qat,2019,5.63,-0.6912296719708736
qatar,qat,2020,4.46,-0.8563626017806337
qatar,qat,2021,4.23,-0.8888246307175951
romania,rou,2000,11.3,0.10902991095334866
romania,rou,2001,10.74,0.029991927454659978
romania,rou,2002,12.31,0.2515805597634834
romania,rou,2003,11.57,0.1471375101402163
romania,rou,2004,10.78,0.03563749770456619
romania,rou,2005,10.21,-0.04481187835659879
romania,rou,2006,10.67,0.02011217951732386
romania,rou,2007,9.47,-0.14925492797986592
romania,rou,2008,9.57,-0.13514100235510013
romania,rou,2009,10.08,-0.06315998166879447
romania,rou,2010,10.75,0.03140332001713653
romania,rou,2011,9.91,-0.08715365523089637
romania,rou,2012,10.4,-0.0179954196695438
romania,rou,2013,9.89,-0.08997644035584947
romania,rou,2014,9.0,-0.21559037841626538
romania,rou,2015,9.08,-0.20429923791645271
romania,rou,2016,7.94,-0.36519799003878306
romania,rou,2017,7.89,-0.37225495285116605
romania,rou,2018,7.78,-0.3877802710384084
romania,rou,2019,7.13,-0.47952078759938627
romania,rou,2020,7.37,-0.44564736609994826
romania,rou,2021,7.19,-0.4710524322245267
russia,rus,2000,47.83,5.264846941680303
russia,rus,2001,46.2,5.034789953996621
russia,rus,2002,44.79,4.835783602687423
russia,rus,2003,43.22,4.614194970378599
russia,rus,2004,41.41,4.358732916570338
russia,rus,2005,39.26,4.055283515637872
russia,rus,2006,35.89,3.5796442220832643
russia,rus,2007,34.27,3.3509986269620584
russia,rus,2008,33.14,3.191511267402204
russia,rus,2009,31.86,3.0108530194052014
russia,rus,2010,30.91,2.8767707259699264
russia,rus,2011,29.85,2.727163114347409
russia,rus,2012,28.98,2.604371961411946
russia,rus,2013,28.35,2.5154542299759215
russia,rus,2014,28.06,2.4745238456641
russia,rus,2015,26.79,2.295276990229574
russia,rus,2016,25.94,2.175308622419065
russia,rus,2017,23.31,1.8041123784877238
russia,rus,2018,21.99,1.6178085602408148
russia,rus,2019,20.72,1.4385617048062889
russia,rus,2020,17.64,1.0038527955635017
russia,rus,2021,17.9,1.0405490021878927
rwanda,rwa,2000,26.89,2.3093909158543404
rwanda,rwa,2001,23.86,1.881738969423936
rwanda,rwa,2002,21.36,1.5288908288047902
rwanda,rwa,2003,18.89,1.1802768658730747
rwanda,rwa,2004,16.85,0.8923527831278519
rwanda,rwa,2005,15.68,0.7272198533180916
rwanda,rwa,2006,15.04,0.6368907293195902
rwanda,rwa,2007,14.72,0.5917261673203398
rwanda,rwa,2008,14.34,0.5380932499462295
rwanda,rwa,2009,13.81,0.46328944413497075
rwanda,rwa,2010,13.61,0.435061592885439
rwanda,rwa,2011,13.4,0.4054223490734309
rwanda,rwa,2012,13.3,0.3913084234486651
rwanda,rwa,2013,13.16,0.3715489275739929
rwanda,rwa,2014,13.22,0.38001728294885245
rwanda,rwa,2015,13.18,0.374371712698946
rwanda,rwa,2016,13.16,0.3715489275739929
rwanda,rwa,2017,13.29,0.3898970308861883
rwanda,rwa,2018,13.19,0.37578310526142256
rwanda,rwa,2019,13.21,0.3786058903863759
rwanda,rwa,2020,12.74,0.31227043994997644
rwanda,rwa,2021,13.64,0.4392957705728689
saint kitts and nevis,kna,2000,3.44,-1.000324643153245
saint kitts and nevis,kna,2001,3.18,-1.0370208497776363
saint kitts and nevis,kna,2002,2.94,-1.0708942712770744
saint kitts and nevis,kna,2003,2.7,-1.1047676927765122
saint kitts and nevis,kna,2004,2.69,-1.1061790853389888
saint kitts and nevis,kna,2005,2.52,-1.1301727589010908
saint kitts and nevis,kna,2006,2.35,-1.1541664324631926
saint kitts and nevis,kna,2007,2.39,-1.148520862213286
saint kitts and nevis,kna,2008,2.44,-1.1414638994009034
saint kitts and nevis,kna,2009,2.43,-1.14287529196338
saint kitts and nevis,kna,2010,2.54,-1.1273499737761374
saint kitts and nevis,kna,2011,2.61,-1.1174702258388016
saint kitts and nevis,kna,2012,2.65,-1.111824655588895
saint kitts and nevis,kna,2013,2.61,-1.1174702258388016
saint kitts and nevis,kna,2014,2.46,-1.13864111427595
saint kitts and nevis,kna,2015,2.36,-1.152755039900716
saint kitts and nevis,kna,2016,2.21,-1.1739259283378647
saint kitts and nevis,kna,2017,2.22,-1.1725145357753881
saint kitts and nevis,kna,2018,2.24,-1.169691750650435
saint kitts and nevis,kna,2019,2.22,-1.1725145357753881
saint kitts and nevis,kna,2020,2.16,-1.1809828911502476
saint kitts and nevis,kna,2021,1.88,-1.2205018828995922
saint lucia,lca,2000,8.5,-0.2861600065400945
saint lucia,lca,2001,8.31,-0.3129764652271495
saint lucia,lca,2002,7.62,-0.41036255203803373
saint lucia,lca,2003,7.84,-0.37931191566354894
saint lucia,lca,2004,7.26,-0.4611726842871907
saint lucia,lca,2005,7.17,-0.47387521734947996
saint lucia,lca,2006,7.26,-0.4611726842871907
saint lucia,lca,2007,6.75,-0.5331537049734963
saint lucia,lca,2008,6.67,-0.5444448454733091
saint lucia,lca,2009,6.71,-0.5387992752234028
saint lucia,lca,2010,7.46,-0.43294483303765907
saint lucia,lca,2011,6.72,-0.5373878826609262
saint lucia,lca,2012,7.89,-0.37225495285116605
saint lucia,lca,2013,7.08,-0.48657775041176915
saint lucia,lca,2014,7.05,-0.49081192809919894
saint lucia,lca,2015,7.23,-0.4654068619746204
saint lucia,lca,2016,6.91,-0.510571423973871
saint lucia,lca,2017,6.56,-0.5599701636605515
saint lucia,lca,2018,6.33,-0.5924321925975128
saint lucia,lca,2019,6.56,-0.5599701636605515
saint lucia,lca,2020,6.6,-0.5543245934106452
saint lucia,lca,2021,4.74,-0.8168436100312894
saint vincent and the grenadines,vct,2000,6.54,-0.5627929487855046
saint vincent and the grenadines,vct,2001,5.77,-0.6714701760962015
saint vincent and the grenadines,vct,2002,6.74,-0.5345650975359729
saint vincent and the grenadines,vct,2003,6.13,-0.6206600438470445
saint vincent and the grenadines,vct,2004,5.76,-0.6728815686586781
saint vincent and the grenadines,vct,2005,9.82,-0.09985618829318559
saint vincent and the grenadines,vct,2006,6.17,-0.6150144735971381
saint vincent and the grenadines,vct,2007,8.17,-0.3327359611018217
saint vincent and the grenadines,vct,2008,4.32,-0.8761220976553058
saint vincent and the grenadines,vct,2009,2.68,-1.1075904779014654
saint vincent and the grenadines,vct,2010,3.04,-1.0567803456523084
saint vincent and the grenadines,vct,2011,5.56,-0.7011094199082097
saint vincent and the grenadines,vct,2012,5.48,-0.7124005604080222
saint vincent and the grenadines,vct,2013,3.81,-0.9481031183416115
saint vincent and the grenadines,vct,2014,1.25,-1.3094196143356167
saint vincent and the grenadines,vct,2015,2.63,-1.1146474407138482
saint vincent and the grenadines,vct,2016,0.54,-1.409628486271454
saint vincent and the grenadines,vct,2017,0.0,-1.4858436846451895
saint vincent and the grenadines,vct,2018,0.0,-1.4858436846451895
saint vincent and the grenadines,vct,2019,0.24,-1.4519702631457514
saint vincent and the grenadines,vct,2020,0.23,-1.453381655708228
saint vincent and the grenadines,vct,2021,0.29,-1.4449133003333687
samoa,wsm,2000,14.05,0.49716286563440876
samoa,wsm,2001,13.87,0.4717577995098301
samoa,wsm,2002,13.66,0.442118555697822
samoa,wsm,2003,13.26,0.38566285319875865
samoa,wsm,2004,12.64,0.2981565143252107
samoa,wsm,2005,12.9,0.3348527209496018
samoa,wsm,2006,12.87,0.3306185432621719
samoa,wsm,2007,12.78,0.31791601019988264
samoa,wsm,2008,12.89,0.3334413283871252
samoa,wsm,2009,11.09,0.07939066714134031
samoa,wsm,2010,13.25,0.38425146063628207
samoa,wsm,2011,13.6,0.4336502003229624
samoa,wsm,2012,13.73,0.4519983036351581
samoa,wsm,2013,13.08,0.3602577870741802
samoa,wsm,2014,14.67,0.5846692045079568
samoa,wsm,2015,15.04,0.6368907293195902
samoa,wsm,2016,15.38,0.6848780764437943
samoa,wsm,2017,15.27,0.6693527582565516
samoa,wsm,2018,15.21,0.6608844028816924
samoa,wsm,2019,15.21,0.6608844028816924
samoa,wsm,2020,14.26,0.5268021094464169
samoa,wsm,2021,14.39,0.5451502127586125
san marino,smr,2000,9.87,-0.09279922548080283
san marino,smr,2001,8.09,-0.34402710160163436
san marino,smr,2002,9.32,-0.1704258164170147
san marino,smr,2003,8.22,-0.3256789982894387
san marino,smr,2004,9.71,-0.1153815064804279
san marino,smr,2005,7.47,-0.4315334404751825
san marino,smr,2006,8.47,-0.29039418422752417
san marino,smr,2007,8.37,-0.30450810985229015
san marino,smr,2008,10.13,-0.05610301885641146
san marino,smr,2009,8.35,-0.30733089497724325
san marino,smr,2010,10.81,0.03987167539199609
san marino,smr,2011,9.91,-0.08715365523089637
san marino,smr,2012,9.78,-0.10550175854309204
san marino,smr,2013,9.76,-0.10832454366804514
san marino,smr,2014,9.71,-0.1153815064804279
san marino,smr,2015,8.05,-0.3496726718515406
san marino,smr,2016,10.53,0.0003526836426516292
san marino,smr,2017,8.13,-0.33838153135172794
san marino,smr,2018,8.04,-0.3510840644140174
san marino,smr,2019,9.61,-0.12949543210519393
san marino,smr,2020,9.51,-0.1436093577299597
san marino,smr,2021,4.6,-0.8366031059059617
sao tome and principe,stp,2000,1.41,-1.2868373333359913
sao tome and principe,stp,2001,1.4,-1.2882487258984678
sao tome and principe,stp,2002,1.42,-1.2854259407735147
sao tome and principe,stp,2003,1.4,-1.2882487258984678
sao tome and principe,stp,2004,1.39,-1.2896601184609444
sao tome and principe,stp,2005,1.34,-1.2967170812733275
sao tome and principe,stp,2006,1.37,-1.2924829035858976
sao tome and principe,stp,2007,1.35,-1.295305688710851
sao tome and principe,stp,2008,1.32,-1.2995398663982805
sao tome and principe,stp,2009,1.33,-1.2981284738358039
sao tome and principe,stp,2010,1.29,-1.3037740440857104
sao tome and principe,stp,2011,1.24,-1.3108310068980933
sao tome and principe,stp,2012,1.28,-1.305185436648187
sao tome and principe,stp,2013,1.26,-1.3080082217731401
sao tome and principe,stp,2014,1.29,-1.3037740440857104
sao tome and principe,stp,2015,1.27,-1.3065968292106636
sao tome and principe,stp,2016,1.28,-1.305185436648187
sao tome and principe,stp,2017,1.29,-1.3037740440857104
sao tome and principe,stp,2018,1.29,-1.3037740440857104
sao tome and principe,stp,2019,1.3,-1.3023626515232336
sao tome and principe,stp,2020,1.24,-1.3108310068980933
sao tome and principe,stp,2021,1.25,-1.3094196143356167
saudi arabia,sau,2000,2.83,-1.0864195894643167
saudi arabia,sau,2001,3.0,-1.0624259159022147
saudi arabia,sau,2002,3.14,-1.0426664200275424
saudi arabia,sau,2003,3.14,-1.0426664200275424
saudi arabia,sau,2004,3.06,-1.0539575605273552
saudi arabia,sau,2005,2.93,-1.072305663839551
saudi arabia,sau,2006,2.78,-1.0934765522766996
saudi arabia,sau,2007,2.56,-1.1245271886511843
saudi arabia,sau,2008,2.32,-1.1584006101506223
saudi arabia,sau,2009,2.1,-1.1894512465251073
saudi arabia,sau,2010,1.86,-1.223324668024545
saudi arabia,sau,2011,1.6,-1.2600208746489363
saudi arabia,sau,2012,1.42,-1.2854259407735147
saudi arabia,sau,2013,1.39,-1.2896601184609444
saudi arabia,sau,2014,1.46,-1.2797803705236084
saudi arabia,sau,2015,1.43,-1.284014548211038
saudi arabia,sau,2016,1.45,-1.2811917630860852
saudi arabia,sau,2017,1.58,-1.2628436597738895
saudi arabia,sau,2018,1.61,-1.2586094820864597
saudi arabia,sau,2019,1.57,-1.264255052336366
saudi arabia,sau,2020,1.49,-1.2755461928361786
saudi arabia,sau,2021,1.42,-1.2854259407735147
senegal,sen,2000,12.57,0.28827676638787453
senegal,sen,2001,11.82,0.18242232420213086
senegal,sen,2002,11.56,0.14572611757773976
senegal,sen,2003,11.77,0.17536536138974787
senegal,sen,2004,11.65,0.15842865064002898
senegal,sen,2005,11.54,0.1429033324527864
senegal,sen,2006,11.29,0.10761851839087186
senegal,sen,2007,11.22,0.09773877045353599
senegal,sen,2008,11.7,0.16548561345241175
senegal,sen,2009,11.7,0.16548561345241175
senegal,sen,2010,11.37,0.11890965889068451
senegal,sen,2011,11.4,0.12314383657811442
senegal,sen,2012,11.63,0.15560586551507588
senegal,sen,2013,11.7,0.16548561345241175
senegal,sen,2014,11.88,0.19089067957699044
senegal,sen,2015,11.59,0.1499602952651694
senegal,sen,2016,11.53,0.14149193989030986
senegal,sen,2017,11.4,0.12314383657811442
senegal,sen,2018,11.23,0.09915016301601254
senegal,sen,2019,11.22,0.09773877045353599
senegal,sen,2020,11.21,0.09632737789105944
senegal,sen,2021,10.83,0.042694460516949195
serbia,srb,2000,18.56,1.1337009113113472
serbia,srb,2001,17.35,0.962922411251681
serbia,srb,2002,17.65,1.005264188125978
serbia,srb,2003,16.54,0.8485996136910775
serbia,srb,2004,16.15,0.7935553037544908
serbia,srb,2005,15.49,0.7004033946310365
serbia,srb,2006,14.95,0.6241881962573009
serbia,srb,2007,14.35,0.5395046425087061
serbia,srb,2008,13.73,0.4519983036351581
serbia,srb,2009,14.65,0.5818464193830036
serbia,srb,2010,12.34,0.2558147374509131
serbia,srb,2011,13.03,0.3532008242617972
serbia,srb,2012,13.16,0.3715489275739929
serbia,srb,2013,12.9,0.3348527209496018
serbia,srb,2014,11.91,0.19512485726442008
serbia,srb,2015,11.39,0.12173244401563788
serbia,srb,2016,10.39,-0.019406812232020353
serbia,srb,2017,10.59,0.008821039017511193
serbia,srb,2018,9.87,-0.09279922548080283
serbia,srb,2019,10.06,-0.06598276679374758
serbia,srb,2020,9.66,-0.12243846929281092
serbia,srb,2021,9.35,-0.16619163872958503
seychelles,syc,2000,8.96,-0.22123594866617158
seychelles,syc,2001,9.02,-0.21276759329131226
seychelles,syc,2002,8.26,-0.3200334280395325
seychelles,syc,2003,8.38,-0.30309671728981336
seychelles,syc,2004,8.63,-0.26781190322789883
seychelles,syc,2005,7.73,-0.3948372338507913
seychelles,syc,2006,7.51,-0.42588787022527613
seychelles,syc,2007,6.92,-0.5091600314113945
seychelles,syc,2008,7.08,-0.48657775041176915
seychelles,syc,2009,6.67,-0.5444448454733091
seychelles,syc,2010,6.81,-0.524685349598637
seychelles,syc,2011,6.87,-0.5162169942237774
seychelles,syc,2012,6.75,-0.5331537049734963
seychelles,syc,2013,6.82,-0.5232739570361603
seychelles,syc,2014,7.0,-0.4978688909115818
seychelles,syc,2015,6.92,-0.5091600314113945
seychelles,syc,2016,7.12,-0.48093218016186284
seychelles,syc,2017,7.07,-0.4879891429742457
seychelles,syc,2018,7.12,-0.48093218016186284
seychelles,syc,2019,7.14,-0.47810939503690975
seychelles,syc,2020,6.0,-0.63900814715924
seychelles,syc,2021,3.82,-0.946691725779135
sierra leone,sle,2000,8.02,-0.3539068495389705
sierra leone,sle,2001,8.35,-0.30733089497724325
sierra leone,sle,2002,8.79,-0.2452296222282737
sierra leone,sle,2003,8.97,-0.21982455610369503
sierra leone,sle,2004,9.22,-0.18453974204178047
sierra leone,sle,2005,9.41,-0.15772328335472546
sierra leone,sle,2006,9.38,-0.16195746104215514
sierra leone,sle,2007,9.81,-0.10126758085566213
sierra leone,sle,2008,9.99,-0.0758625147310837
sierra leone,sle,2009,10.06,-0.06598276679374758
sierra leone,sle,2010,10.2,-0.0462232709190756
sierra leone,sle,2011,9.95,-0.08150808498099016
sierra leone,sle,2012,9.92,-0.0857422626684198
sierra leone,sle,2013,9.57,-0.13514100235510013
sierra leone,sle,2014,9.28,-0.17607138666692115
sierra leone,sle,2015,9.25,-0.1803055643543508
sierra leone,sle,2016,9.66,-0.12243846929281092
sierra leone,sle,2017,9.85,-0.09562201060575592
sierra leone,sle,2018,9.94,-0.08291947754346671
sierra leone,sle,2019,9.85,-0.09562201060575592
sierra leone,sle,2020,9.0,-0.21559037841626538
sierra leone,sle,2021,9.71,-0.1153815064804279
singapore,sgp,2000,11.41,0.12455522914059099
singapore,sgp,2001,10.66,0.01870078695484731
singapore,sgp,2002,11.38,0.12032105145316133
singapore,sgp,2003,11.18,0.09209320020362953
singapore,sgp,2004,10.42,-0.015172634544590696
singapore,sgp,2005,9.93,-0.08433087010594326
singapore,sgp,2006,9.83,-0.09844479573070904
singapore,sgp,2007,9.36,-0.16478024616710849
singapore,sgp,2008,8.73,-0.253697977603133
singapore,sgp,2009,9.01,-0.2141789858537888
singapore,sgp,2010,8.21,-0.32709039085191527
singapore,sgp,2011,7.76,-0.3906030561633616
singapore,sgp,2012,9.1,-0.2014764527914996
singapore,sgp,2013,8.39,-0.30168532472733683
singapore,sgp,2014,8.15,-0.33555874622677484
singapore,sgp,2015,7.52,-0.4244764776627996
singapore,sgp,2016,7.26,-0.4611726842871907
singapore,sgp,2017,7.13,-0.47952078759938627
singapore,sgp,2018,7.52,-0.4244764776627996
singapore,sgp,2019,7.18,-0.4724638247870034
singapore,sgp,2020,7.53,-0.4230650851003229
singapore,sgp,2021,7.04,-0.4922233206616755
slovakia,svk,2000,12.71,0.30803626226254677
slovakia,svk,2001,12.4,0.26428309282577267
slovakia,svk,2002,12.82,0.3235615804497891
slovakia,svk,2003,13.13,0.3673147498865632
slovakia,svk,2004,11.99,0.20641599776423275
slovakia,svk,2005,11.71,0.16689700601488855
slovakia,svk,2006,12.44,0.26992866307567887
slovakia,svk,2007,11.92,0.19653624982689666
slovakia,svk,2008,10.64,0.015878001829894205
slovakia,svk,2009,10.66,0.01870078695484731
slovakia,svk,2010,11.26,0.1033843407034422
slovakia,svk,2011,9.98,-0.07727390729356025
slovakia,svk,2012,10.31,-0.030697952731833022
slovakia,svk,2013,10.01,-0.07303972960613059
slovakia,svk,2014,10.11,-0.058925803981364815
slovakia,svk,2015,8.88,-0.23252708916598425
slovakia,svk,2016,7.42,-0.4385904032875654
slovakia,svk,2017,7.15,-0.47669800247443306
slovakia,svk,2018,7.99,-0.3581410272264001
slovakia,svk,2019,7.11,-0.48234357272433936
slovakia,svk,2020,7.03,-0.49363471322415203
slovakia,svk,2021,7.59,-0.41459672972546346
slovenia,svn,2000,25.66,2.135789630669721
slovenia,svn,2001,24.46,1.966422523172531
slovenia,svn,2002,22.84,1.7377769280513244
slovenia,svn,2003,23.2,1.7885870603004814
slovenia,svn,2004,22.27,1.6573275519901594
slovenia,svn,2005,20.94,1.469612341180774
slovenia,svn,2006,21.35,1.5274794362423139
slovenia,svn,2007,17.23,0.945985700501962
slovenia,svn,2008,15.55,0.7088717500058961
slovenia,svn,2009,16.5,0.8429540434411713
slovenia,svn,2010,15.48,0.69899200206856
slovenia,svn,2011,15.62,0.718751497943232
slovenia,svn,2012,15.85,0.7512135268801935
slovenia,svn,2013,16.25,0.8076692293792568
slovenia,svn,2014,14.39,0.5451502127586125
slovenia,svn,2015,14.86,0.6114856631950117
slovenia,svn,2016,14.13,0.5084540061342214
slovenia,svn,2017,13.92,0.4788147623222131
slovenia,svn,2018,12.56,0.286865373825398
slovenia,svn,2019,13.66,0.442118555697822
slovenia,svn,2020,11.97,0.20359321263927965
slovenia,svn,2021,13.21,0.3786058903863759
solomon islands,slb,2000,21.32,1.5232452585548841
solomon islands,slb,2001,20.54,1.4131566386817105
solomon islands,slb,2002,21.03,1.4823148742430632
solomon islands,slb,2003,21.99,1.6178085602408148
solomon islands,slb,2004,19.79,1.3073021964959668
solomon islands,slb,2005,20.63,1.4258591717439997
solomon islands,slb,2006,20.68,1.4329161345563828
solomon islands,slb,2007,23.27,1.7984668082378175
solomon islands,slb,2008,24.47,1.9678339157350073
solomon islands,slb,2009,24.38,1.9551313826727181
solomon islands,slb,2010,24.17,1.9254921388607102
solomon islands,slb,2011,24.12,1.9184351760483271
solomon islands,slb,2012,24.0,1.901498465298608
solomon islands,slb,2013,23.74,1.8648022586742168
solomon islands,slb,2014,23.63,1.8492769404869744
solomon islands,slb,2015,23.48,1.8281060520498258
solomon islands,slb,2016,23.31,1.8041123784877238
solomon islands,slb,2017,23.26,1.797055415675341
solomon islands,slb,2018,23.26,1.797055415675341
solomon islands,slb,2019,23.02,1.7631819941759028
solomon islands,slb,2020,22.16,1.641802233802917
solomon islands,slb,2021,22.35,1.6686186924899722
somalia,som,2000,16.55,0.8500110062535543
somalia,som,2001,16.67,0.8669477170032734
somalia,som,2002,16.64,0.8627135393158436
somalia,som,2003,16.58,0.8542451839409838
somalia,som,2004,16.71,0.8725932872531796
somalia,som,2005,16.61,0.8584793616284137
somalia,som,2006,16.44,0.8344856880663121
somalia,som,2007,16.25,0.8076692293792568
somalia,som,2008,16.47,0.8387198657537415
somalia,som,2009,16.53,0.8471882211286013
somalia,som,2010,15.63,0.7201628905057088
somalia,som,2011,14.22,0.5211565391965106
somalia,som,2012,15.31,0.6749983285064581
somalia,som,2013,16.02,0.7752072004422953
somalia,som,2014,15.89,0.7568590971300999
somalia,som,2015,15.8,0.7441565640678107
somalia,som,2016,15.69,0.7286312458805682
somalia,som,2017,15.69,0.7286312458805682
somalia,som,2018,15.62,0.718751497943232
somalia,som,2019,15.52,0.7046375723184662
somalia,som,2020,16.02,0.7752072004422953
somalia,som,2021,15.33,0.6778211136314112
south africa,zaf,2000,15.4,0.6877008615687473
south africa,zaf,2001,15.3,0.6735869359439816
south africa,zaf,2002,16.68,0.8683591095657498
south africa,zaf,2003,17.68,1.009498365813408
south africa,zaf,2004,17.75,1.019378113750744
south africa,zaf,2005,17.24,0.9473970930644382
south africa,zaf,2006,17.73,1.0165553286257911
south africa,zaf,2007,17.46,0.9784477294389233
south africa,zaf,2008,18.16,1.077245208812284
south africa,zaf,2009,17.51,0.9855046922513063
south africa,zaf,2010,20.29,1.3778718246197958
south africa,zaf,2011,18.51,1.1266439484989645
south africa,zaf,2012,19.29,1.2367325683721377
south africa,zaf,2013,19.43,1.2564920642468098
south africa,zaf,2014,20.49,1.4060996758693274
south africa,zaf,2015,20.87,1.459732593243438
south africa,zaf,2016,19.62,1.2833085229338652
south africa,zaf,2017,18.16,1.077245208812284
south africa,zaf,2018,18.86,1.1760426881856447
south africa,zaf,2019,19.51,1.2677832047466229
south africa,zaf,2020,20.39,1.3919857502445618
south africa,zaf,2021,21.23,1.5105427254925947
south korea,kor,2000,14.47,0.5564413532584253
south korea,kor,2001,15.39,0.6862894690062707
south korea,kor,2002,18.47,1.1209983782490578
south korea,kor,2003,23.07,1.770238956988286
south korea,kor,2004,23.84,1.8789161842989828
south korea,kor,2005,24.71,2.0017073372344454
south korea,kor,2006,21.42,1.5373591841796501
south korea,kor,2007,23.9,1.887384539673842
south korea,kor,2008,24.89,2.0271124033590238
south korea,kor,2009,29.4,2.6636504490359623
south korea,kor,2010,28.56,2.5450934737879294
south korea,kor,2011,28.52,2.539447903538023
south korea,kor,2012,24.49,1.9706567008599603
south korea,kor,2013,24.2,1.9297263165481395
south korea,kor,2014,22.62,1.7067262916768398
south korea,kor,2015,21.27,1.516188295742501
south korea,kor,2016,20.36,1.387751572557132
south korea,kor,2017,19.14,1.215561679934989
south korea,kor,2018,20.98,1.4752579114306803
south korea,kor,2019,21.01,1.4794920891181103
south korea,kor,2020,20.37,1.389162965119609
south korea,kor,2021,20.58,1.4188022089316166
south sudan,ssd,2000,10.63,0.014466609267417652
south sudan,ssd,2001,10.08,-0.06315998166879447
south sudan,ssd,2002,9.79,-0.1040903659806155
south sudan,ssd,2003,9.86,-0.09421061804327938
south sudan,ssd,2004,9.92,-0.0857422626684198
south sudan,ssd,2005,9.8,-0.10267897341813868
south sudan,ssd,2006,9.84,-0.09703340316823247
south sudan,ssd,2007,9.77,-0.1069131511055686
south sudan,ssd,2008,9.67,-0.12102707673033436
south sudan,ssd,2009,9.8,-0.10267897341813868
south sudan,ssd,2010,9.54,-0.13937518004253005
south sudan,ssd,2011,9.33,-0.16901442385453813
south sudan,ssd,2012,9.34,-0.16760303129206158
south sudan,ssd,2013,9.58,-0.13372960979262358
south sudan,ssd,2014,9.83,-0.09844479573070904
south sudan,ssd,2015,10.48,-0.0067042791697311315
south sudan,ssd,2016,10.69,0.022934964642276966
south sudan,ssd,2017,11.03,0.07092231176648074
south sudan,ssd,2018,12.19,0.2346438490137643
south sudan,ssd,2019,12.92,0.3376755060745549
south sudan,ssd,2020,13.58,0.4308274151980093
south sudan,ssd,2021,13.43,0.40965652676086056
spain,esp,2000,6.56,-0.5599701636605515
spain,esp,2001,6.08,-0.6277170066594274
spain,esp,2002,6.31,-0.595254977722466
spain,esp,2003,6.4,-0.5825524446601767
spain,esp,2004,6.42,-0.5797296595352236
spain,esp,2005,5.99,-0.6404195397217166
spain,esp,2006,5.62,-0.6926410645333502
spain,esp,2007,5.44,-0.7180461306579285
spain,esp,2008,5.84,-0.6615904281588654
spain,esp,2009,5.71,-0.679938531471061
spain,esp,2010,5.13,-0.7617993000947028
spain,esp,2011,5.15,-0.7589765149697495
spain,esp,2012,5.68,-0.6841727091584907
spain,esp,2013,6.22,-0.6079575107847552
spain,esp,2014,6.27,-0.6009005479723724
spain,esp,2015,5.71,-0.679938531471061
spain,esp,2016,5.61,-0.6940524570958267
spain,esp,2017,5.77,-0.6714701760962015
spain,esp,2018,5.54,-0.7039322050331628
spain,esp,2019,5.81,-0.6658246058462952
spain,esp,2020,6.03,-0.6347739694718103
spain,esp,2021,6.2,-0.6107802959097084
sri lanka,lka,2000,40.01,4.161137957823616
sri lanka,lka,2001,34.69,3.410277114586074
sri lanka,lka,2002,30.73,2.851365659845348
sri lanka,lka,2003,28.84,2.584612465537274
sri lanka,lka,2004,25.75,2.14849216373201
sri lanka,lka,2005,25.86,2.1640174819192524
sri lanka,lka,2006,24.44,1.9635997380475778
sri lanka,lka,2007,22.26,1.655916159427683
sri lanka,lka,2008,21.4,1.5345363990546965
sri lanka,lka,2009,19.11,1.2113275022475591
sri lanka,lka,2010,17.39,0.9685679815015873
sri lanka,lka,2011,18.15,1.0758338162498071
sri lanka,lka,2012,17.01,0.9149350641274773
sri lanka,lka,2013,15.8,0.7441565640678107
sri lanka,lka,2014,14.69,0.5874919896329098
sri lanka,lka,2015,14.33,0.536681857383753
sri lanka,lka,2016,14.58,0.5719666714456676
sri lanka,lka,2017,14.57,0.570555278883191
sri lanka,lka,2018,14.74,0.5945489524452929
sri lanka,lka,2019,15.21,0.6608844028816924
sri lanka,lka,2020,11.79,0.17818814651470097
sri lanka,lka,2021,13.93,0.48022615488468967
sudan,sdn,2000,5.11,-0.7646220852196558
sudan,sdn,2001,5.02,-0.7773246182819452
sudan,sdn,2002,4.92,-0.791438543906711
sudan,sdn,2003,4.8,-0.8083752546564299
sudan,sdn,2004,4.69,-0.8239005728436722
sudan,sdn,2005,4.59,-0.8380144984684382
sudan,sdn,2006,4.49,-0.852128424093204
sudan,sdn,2007,4.45,-0.8577739943431103
sudan,sdn,2008,4.45,-0.8577739943431103
sudan,sdn,2009,4.7,-0.8224891802811958
sudan,sdn,2010,4.38,-0.8676537422804464
sudan,sdn,2011,4.64,-0.8309575356560552
sudan,sdn,2012,4.43,-0.8605967794680635
sudan,sdn,2013,4.64,-0.8309575356560552
sudan,sdn,2014,4.47,-0.8549512092181571
sudan,sdn,2015,4.39,-0.8662423497179699
sudan,sdn,2016,4.3,-0.8789448827802591
sudan,sdn,2017,4.3,-0.8789448827802591
sudan,sdn,2018,4.34,-0.8732993125303528
sudan,sdn,2019,4.14,-0.9015271637798844
sudan,sdn,2020,3.77,-0.953748688591518
sudan,sdn,2021,3.89,-0.9368119778417988
suriname,sur,2000,24.22,1.9325491016730927
suriname,sur,2001,25.68,2.138612415794674
suriname,sur,2002,25.89,2.1682516596066823
suriname,sur,2003,25.97,2.1795428001064945
suriname,sur,2004,24.97,2.0384035438588364
suriname,sur,2005,24.92,2.0313465810464537
suriname,sur,2006,24.94,2.034169366171407
suriname,sur,2007,25.02,2.0454605066712195
suriname,sur,2008,25.29,2.083568105858087
suriname,sur,2009,24.5,1.972068093422437
suriname,sur,2010,25.99,2.1823655852314476
suriname,sur,2011,25.42,2.101916209170283
suriname,sur,2012,26.0,2.1837769777939244
suriname,sur,2013,25.73,2.1456693786070566
suriname,sur,2014,25.81,2.1569605191068693
suriname,sur,2015,27.29,2.3658466183534035
suriname,sur,2016,27.47,2.391251684477982
suriname,sur,2017,26.72,2.2853972422922384
suriname,sur,2018,27.2,2.353144085291114
suriname,sur,2019,26.84,2.3023339530419573
suriname,sur,2020,28.87,2.588846643224704
suriname,sur,2021,22.42,1.6784984404273082
sweden,swe,2000,11.98,0.2050046052017562
sweden,swe,2001,12.75,0.31368183251245296
sweden,swe,2002,12.75,0.31368183251245296
sweden,swe,2003,11.82,0.18242232420213086
sweden,swe,2004,11.97,0.20359321263927965
sweden,swe,2005,12.71,0.30803626226254677
sweden,swe,2006,12.27,0.24593498951357698
sweden,swe,2007,12.0,0.20782739032670933
sweden,swe,2008,12.35,0.2572261300133896
sweden,swe,2009,13.02,0.35178943169932064
sweden,swe,2010,11.85,0.18665650188956054
sweden,swe,2011,11.8,0.17959953907717777
sweden,swe,2012,12.15,0.2289982787638581
sweden,swe,2013,12.97,0.34473246888693787
sweden,swe,2014,12.31,0.2515805597634834
sweden,swe,2015,12.4,0.26428309282577267
sweden,swe,2016,11.52,0.14008054732783332
sweden,swe,2017,11.96,0.2021818200768031
sweden,swe,2018,12.5,0.27839701845053844
sweden,swe,2019,12.53,0.2826311961379681
sweden,swe,2020,11.39,0.12173244401563788
sweden,swe,2021,11.74,0.1711311837023182
switzerland,che,2000,15.97,0.7681502376299125
switzerland,che,2001,15.1,0.6453590846944498
switzerland,che,2002,16.09,0.7850869483796314
switzerland,che,2003,13.87,0.4717577995098301
switzerland,che,2004,13.71,0.449175518510205
switzerland,che,2005,13.92,0.4788147623222131
switzerland,che,2006,13.85,0.468935014384877
switzerland,che,2007,13.91,0.4774033697597366
switzerland,che,2008,13.37,0.401188171386001
switzerland,che,2009,12.04,0.21347296057661552
switzerland,che,2010,10.59,0.008821039017511193
switzerland,che,2011,10.61,0.011643824142464298
switzerland,che,2012,10.58,0.007409646455034641
switzerland,che,2013,10.78,0.03563749770456619
switzerland,che,2014,10.1,-0.06033719654384137
switzerland,che,2015,10.63,0.014466609267417652
switzerland,che,2016,9.92,-0.0857422626684198
switzerland,che,2017,10.21,-0.04481187835659879
switzerland,che,2018,9.96,-0.08009669241851335
switzerland,che,2019,9.81,-0.10126758085566213
switzerland,che,2020,9.81,-0.10126758085566213
switzerland,che,2021,9.87,-0.09279922548080283
syria,syr,2000,1.32,-1.2995398663982805
syria,syr,2001,1.24,-1.3108310068980933
syria,syr,2002,1.18,-1.3192993622729527
syria,syr,2003,1.05,-1.3376474655851482
syria,syr,2004,0.99,-1.3461158209600077
syria,syr,2005,0.92,-1.355995568897344
syria,syr,2006,0.84,-1.3672867093971566
syria,syr,2007,0.75,-1.3799892424594458
syria,syr,2008,0.72,-1.3842234201468755
syria,syr,2009,0.69,-1.3884575978343052
syria,syr,2010,0.69,-1.3884575978343052
syria,syr,2011,0.69,-1.3884575978343052
syria,syr,2012,0.72,-1.3842234201468755
syria,syr,2013,0.75,-1.3799892424594458
syria,syr,2014,0.74,-1.3814006350219223
syria,syr,2015,0.75,-1.3799892424594458
syria,syr,2016,0.72,-1.3842234201468755
syria,syr,2017,0.73,-1.382812027584399
syria,syr,2018,0.74,-1.3814006350219223
syria,syr,2019,0.72,-1.3842234201468755
syria,syr,2020,0.66,-1.392691775521735
syria,syr,2021,0.66,-1.392691775521735
tajikistan,tjk,2000,5.12,-0.7632106926571792
tajikistan,tjk,2001,4.76,-0.8140208249063363
tajikistan,tjk,2002,4.55,-0.8436600687183445
tajikistan,tjk,2003,4.29,-0.8803562753427356
tajikistan,tjk,2004,4.24,-0.8874132381551185
tajikistan,tjk,2005,4.24,-0.8874132381551185
tajikistan,tjk,2006,4.16,-0.8987043786549311
tajikistan,tjk,2007,4.14,-0.9015271637798844
tajikistan,tjk,2008,4.05,-0.9142296968421736
tajikistan,tjk,2009,4.0,-0.9212866596545565
tajikistan,tjk,2010,3.9,-0.9354005852793222
tajikistan,tjk,2011,3.85,-0.9424575480917053
tajikistan,tjk,2012,3.82,-0.946691725779135
tajikistan,tjk,2013,3.73,-0.9593942588414242
tajikistan,tjk,2014,3.7,-0.963628436528854
tajikistan,tjk,2015,3.64,-0.9720967919037133
tajikistan,tjk,2016,3.57,-0.9819765398410495
tajikistan,tjk,2017,3.42,-1.0031474282781982
tajikistan,tjk,2018,3.36,-1.011615783653058
tajikistan,tjk,2019,3.27,-1.0243183167153471
tajikistan,tjk,2020,2.87,-1.0807740192144102
tajikistan,tjk,2021,3.1,-1.048311990277449
tanzania,tza,2000,9.83,-0.09844479573070904
tanzania,tza,2001,9.57,-0.13514100235510013
tanzania,tza,2002,9.22,-0.18453974204178047
tanzania,tza,2003,9.03,-0.2113562007288357
tanzania,tza,2004,8.69,-0.2593435478530395
tanzania,tza,2005,8.67,-0.2621663329779926
tanzania,tza,2006,8.62,-0.2692232957903756
tanzania,tza,2007,8.49,-0.287571399102571
tanzania,tza,2008,8.4,-0.30027393216486026
tanzania,tza,2009,8.3,-0.314387857789626
tanzania,tza,2010,8.2,-0.32850178341439207
tanzania,tza,2011,7.97,-0.3609638123513534
tanzania,tza,2012,7.68,-0.4018941966631743
tanzania,tza,2013,7.58,-0.41600812228794004
tanzania,tza,2014,7.44,-0.43576761816261217
tanzania,tza,2015,7.47,-0.4315334404751825
tanzania,tza,2016,7.48,-0.4301220479127058
tanzania,tza,2017,7.11,-0.48234357272433936
tanzania,tza,2018,7.57,-0.4174195148504166
tanzania,tza,2019,7.96,-0.3623752049138299
tanzania,tza,2020,7.99,-0.3581410272264001
tanzania,tza,2021,9.23,-0.18312834947930393
thailand,tha,2000,10.96,0.06104256382914488
thailand,tha,2001,10.94,0.058219778704191524
thailand,tha,2002,11.18,0.09209320020362953
thailand,tha,2003,10.83,0.042694460516949195
thailand,tha,2004,10.22,-0.04340048579412224
thailand,tha,2005,8.76,-0.24946379991570336
thailand,tha,2006,8.71,-0.25652076272808616
thailand,tha,2007,8.72,-0.2551093701656096
thailand,tha,2008,8.47,-0.29039418422752417
thailand,tha,2009,8.17,-0.3327359611018217
thailand,tha,2010,8.13,-0.33838153135172794
thailand,tha,2011,8.3,-0.314387857789626
thailand,tha,2012,8.42,-0.29745114703990716
thailand,tha,2013,8.57,-0.27628025860275834
thailand,tha,2014,9.37,-0.16336885360463194
thailand,tha,2015,9.93,-0.08433087010594326
thailand,tha,2016,10.66,0.01870078695484731
thailand,tha,2017,10.93,0.05680838614171497
thailand,tha,2018,11.45,0.1302007993904972
thailand,tha,2019,12.19,0.2346438490137643
thailand,tha,2020,14.21,0.5197451466340341
thailand,tha,2021,15.34,0.6792325061938878
togo,tgo,2000,14.93,0.6213654111323479
togo,tgo,2001,15.13,0.6495932623818796
togo,tgo,2002,15.29,0.6721755433815048
togo,tgo,2003,15.59,0.7145173202558023
togo,tgo,2004,15.48,0.69899200206856
togo,tgo,2005,15.69,0.7286312458805682
togo,tgo,2006,15.76,0.7385109938179042
togo,tgo,2007,15.7,0.7300426384430446
togo,tgo,2008,16.2,0.8006122665668738
togo,tgo,2009,16.44,0.8344856880663121
togo,tgo,2010,16.51,0.8443654360036481
togo,tgo,2011,16.5,0.8429540434411713
togo,tgo,2012,16.44,0.8344856880663121
togo,tgo,2013,16.42,0.8316629029413589
togo,tgo,2014,16.39,0.827428725253929
togo,tgo,2015,16.29,0.813314799629163
togo,tgo,2016,16.45,0.8358970806287883
togo,tgo,2017,16.16,0.7949666963169676
togo,tgo,2018,16.01,0.773795807879819
togo,tgo,2019,15.86,0.75262491944267
togo,tgo,2020,15.53,0.7060489648809428
togo,tgo,2021,15.16,0.6538274400693094
tonga,ton,2000,6.01,-0.6375967545967635
tonga,ton,2001,5.92,-0.6502992876590528
tonga,ton,2002,5.76,-0.6728815686586781
tonga,ton,2003,5.76,-0.6728815686586781
tonga,ton,2004,5.72,-0.6785271389085844
tonga,ton,2005,5.59,-0.6968752422207799
tonga,ton,2006,5.51,-0.7081663827205926
tonga,ton,2007,5.63,-0.6912296719708736
tonga,ton,2008,5.23,-0.7476853744699369
tonga,ton,2009,5.47,-0.7138119529704989
tonga,ton,2010,5.89,-0.6545334653464825
tonga,ton,2011,5.78,-0.6700587835337248
tonga,ton,2012,5.69,-0.682761316596014
tonga,ton,2013,5.69,-0.682761316596014
tonga,ton,2014,5.78,-0.6700587835337248
tonga,ton,2015,5.77,-0.6714701760962015
tonga,ton,2016,5.08,-0.7688562629070856
tonga,ton,2017,5.44,-0.7180461306579285
tonga,ton,2018,5.41,-0.7222803083453584
tonga,ton,2019,5.34,-0.7321600562826945
tonga,ton,2020,5.34,-0.7321600562826945
tonga,ton,2021,5.47,-0.7138119529704989
trinidad and tobago,tto,2000,15.87,0.7540363120051465
trinidad and tobago,tto,2001,15.15,0.6524160475068328
trinidad and tobago,tto,2002,14.22,0.5211565391965106
trinidad and tobago,tto,2003,12.54,0.28404258870044463
trinidad and tobago,tto,2004,12.75,0.31368183251245296
trinidad and tobago,tto,2005,11.18,0.09209320020362953
trinidad and tobago,tto,2006,10.6,0.010232431579987745
trinidad and tobago,tto,2007,10.63,0.014466609267417652
trinidad and tobago,tto,2008,12.12,0.2247641010764282
trinidad and tobago,tto,2009,10.92,0.05539699357923842
trinidad and tobago,tto,2010,10.93,0.05680838614171497
trinidad and tobago,tto,2011,10.35,-0.025052382481926812
trinidad and tobago,tto,2012,9.3,-0.1732486015419678
trinidad and tobago,tto,2013,10.6,0.010232431579987745
trinidad and tobago,tto,2014,10.64,0.015878001829894205
trinidad and tobago,tto,2015,10.7,0.02434635720475352
trinidad and tobago,tto,2016,11.74,0.1711311837023182
trinidad and tobago,tto,2017,12.09,0.22052992338899854
trinidad and tobago,tto,2018,12.15,0.2289982787638581
trinidad and tobago,tto,2019,12.18,0.23323245645128776
trinidad and tobago,tto,2020,12.34,0.2558147374509131
trinidad and tobago,tto,2021,11.65,0.15842865064002898
tunisia,tun,2000,3.17,-1.0384322423401129
tunisia,tun,2001,3.16,-1.0398436349025895
tunisia,tun,2002,3.14,-1.0426664200275424
tunisia,tun,2003,3.06,-1.0539575605273552
tunisia,tun,2004,3.11,-1.0469005977149723
tunisia,tun,2005,3.06,-1.0539575605273552
tunisia,tun,2006,2.99,-1.0638373084646913
tunisia,tun,2007,2.92,-1.0737170564020273
tunisia,tun,2008,2.83,-1.0864195894643167
tunisia,tun,2009,2.89,-1.077951234089457
tunisia,tun,2010,2.98,-1.0652487010271678
tunisia,tun,2011,2.67,-1.109001870463942
tunisia,tun,2012,2.55,-1.1259385812136609
tunisia,tun,2013,2.56,-1.1245271886511843
tunisia,tun,2014,2.51,-1.1315841514635674
tunisia,tun,2015,2.56,-1.1245271886511843
tunisia,tun,2016,2.5,-1.1329955440260437
tunisia,tun,2017,2.61,-1.1174702258388016
tunisia,tun,2018,2.65,-1.111824655588895
tunisia,tun,2019,2.56,-1.1245271886511843
tunisia,tun,2020,1.84,-1.2261474531494982
tunisia,tun,2021,1.83,-1.2275588457119748
turkey,tur,2000,3.01,-1.0610145233397381
turkey,tur,2001,2.77,-1.0948879448391762
turkey,tur,2002,2.66,-1.1104132630264185
turkey,tur,2003,2.79,-1.092065159714223
turkey,tur,2004,2.83,-1.0864195894643167
turkey,tur,2005,2.87,-1.0807740192144102
turkey,tur,2006,2.93,-1.072305663839551
turkey,tur,2007,2.88,-1.0793626266519338
turkey,tur,2008,2.9,-1.0765398415269805
turkey,tur,2009,3.07,-1.0525461679648787
turkey,tur,2010,3.08,-1.051134775402402
turkey,tur,2011,3.07,-1.0525461679648787
turkey,tur,2012,3.13,-1.0440778125900192
turkey,tur,2013,3.03,-1.0581917382147852
turkey,tur,2014,3.15,-1.041255027465066
turkey,tur,2015,3.11,-1.0469005977149723
turkey,tur,2016,3.25,-1.0271411018403003
turkey,tur,2017,3.26,-1.0257297092778237
turkey,tur,2018,3.27,-1.0243183167153471
turkey,tur,2019,3.42,-1.0031474282781982
turkey,tur,2020,2.88,-1.0793626266519338
turkey,tur,2021,2.58,-1.1217044035262311
turkmenistan,tkm,2000,11.91,0.19512485726442008
turkmenistan,tkm,2001,11.85,0.18665650188956054
turkmenistan,tkm,2002,12.12,0.2247641010764282
turkmenistan,tkm,2003,11.67,0.16125143576498208
turkmenistan,tkm,2004,12.1,0.2219413159514751
turkmenistan,tkm,2005,12.66,0.3009792994501638
turkmenistan,tkm,2006,12.5,0.27839701845053844
turkmenistan,tkm,2007,11.3,0.10902991095334866
turkmenistan,tkm,2008,10.18,-0.0490460560440287
turkmenistan,tkm,2009,8.55,-0.2791030437277115
turkmenistan,tkm,2010,8.05,-0.3496726718515406
turkmenistan,tkm,2011,7.92,-0.36802077516373627
turkmenistan,tkm,2012,7.79,-0.3863688784759318
turkmenistan,tkm,2013,7.8,-0.38495748591345524
turkmenistan,tkm,2014,8.0,-0.3567296346639236
turkmenistan,tkm,2015,8.15,-0.33555874622677484
turkmenistan,tkm,2016,7.93,-0.3666093826012597
turkmenistan,tkm,2017,7.77,-0.38919166360088503
turkmenistan,tkm,2018,7.68,-0.4018941966631743
turkmenistan,tkm,2019,7.62,-0.41036255203803373
turkmenistan,tkm,2020,7.33,-0.4512929363498546
turkmenistan,tkm,2021,7.63,-0.40895115947555716
tuvalu,tuv,2000,21.71,1.5782895684914708
tuvalu,tuv,2001,22.61,1.705314899114363
tuvalu,tuv,2002,22.04,1.6248655230531979
tuvalu,tuv,2003,19.81,1.31012498162092
tuvalu,tuv,2004,19.99,1.3355300477454983
tuvalu,tuv,2005,20.14,1.3567009361826474
tuvalu,tuv,2006,19.72,1.2974224485586308
tuvalu,tuv,2007,19.42,1.2550806716843337
tuvalu,tuv,2008,19.65,1.2875427006212945
tuvalu,tuv,2009,19.36,1.2466123163094738
tuvalu,tuv,2010,19.68,1.2917768783087245
tuvalu,tuv,2011,19.85,1.3157705518708267
tuvalu,tuv,2012,19.34,1.2437895311845206
tuvalu,tuv,2013,19.43,1.2564920642468098
tuvalu,tuv,2014,19.36,1.2466123163094738
tuvalu,tuv,2015,19.1,1.209916109685083
tuvalu,tuv,2016,18.75,1.1605173699984024
tuvalu,tuv,2017,18.41,1.1125300228741986
tuvalu,tuv,2018,18.18,1.080067993937237
tuvalu,tuv,2019,17.75,1.019378113750744
tuvalu,tuv,2020,31.3,2.931815035906513
tuvalu,tuv,2021,15.77,0.7399223863803808
uganda,uga,2000,14.03,0.49434008050945544
uganda,uga,2001,14.68,0.5860805970704334
uganda,uga,2002,14.58,0.5719666714456676
uganda,uga,2003,14.42,0.5493843904460423
uganda,uga,2004,14.11,0.505631221009268
uganda,uga,2005,13.49,0.4181248821357201
uganda,uga,2006,12.87,0.3306185432621719
uganda,uga,2007,12.11,0.22335270851395164
uganda,uga,2008,11.86,0.1880678944520371
uganda,uga,2009,11.47,0.13302358451545054
uganda,uga,2010,11.34,0.11467548120325487
uganda,uga,2011,11.49,0.13584636964040364
uganda,uga,2012,11.04,0.07233370432895729
uganda,uga,2013,10.77,0.03422610514208963
uganda,uga,2014,10.25,-0.03916630810669258
uganda,uga,2015,9.78,-0.10550175854309204
uganda,uga,2016,9.66,-0.12243846929281092
uganda,uga,2017,9.43,-0.15490049822977237
uganda,uga,2018,9.89,-0.08997644035584947
uganda,uga,2019,10.57,0.0059982538925580885
uganda,uga,2020,10.41,-0.01658402710706725
uganda,uga,2021,11.55,0.1443147250152632
ukraine,ukr,2000,30.76,2.855599837532778
ukraine,ukr,2001,28.2,2.4942833415387726
ukraine,ukr,2002,27.4,2.3813719365406456
ukraine,ukr,2003,26.16,2.2063592587935497
ukraine,ukr,2004,24.89,2.0271124033590238
ukraine,ukr,2005,25.59,2.1259098827323846
ukraine,ukr,2006,23.77,1.8690364363616465
ukraine,ukr,2007,24.18,1.9269035314231866
ukraine,ukr,2008,23.57,1.840808585112115
ukraine,ukr,2009,21.52,1.5514731098044157
ukraine,ukr,2010,20.44,1.399042713056945
ukraine,ukr,2011,19.7,1.2945996634336776
ukraine,ukr,2012,20.02,1.3397642254329283
ukraine,ukr,2013,19.86,1.3171819444333028
ukraine,ukr,2014,21.29,1.5190110808674542
ukraine,ukr,2015,18.44,1.1167642005616285
ukraine,ukr,2016,17.52,0.9869160848137827
ukraine,ukr,2017,17.86,1.0349034319379864
ukraine,ukr,2018,19.29,1.2367325683721377
ukraine,ukr,2019,19.02,1.19862496918527
ukraine,ukr,2020,17.76,1.0207895063132209
ukraine,ukr,2021,16.88,0.8965869608152813
united arab emirates,are,2000,2.86,-1.082185411776887
united arab emirates,are,2001,2.89,-1.077951234089457
united arab emirates,are,2002,2.91,-1.0751284489645039
united arab emirates,are,2003,2.89,-1.077951234089457
united arab emirates,are,2004,3.06,-1.0539575605273552
united arab emirates,are,2005,3.13,-1.0440778125900192
united arab emirates,are,2006,3.16,-1.0398436349025895
united arab emirates,are,2007,3.14,-1.0426664200275424
united arab emirates,are,2008,4.14,-0.9015271637798844
united arab emirates,are,2009,5.97,-0.6432423248466699
united arab emirates,are,2010,5.83,-0.663001820721342
united arab emirates,are,2011,4.47,-0.8549512092181571
united arab emirates,are,2012,3.74,-0.9579828662789476
united arab emirates,are,2013,3.19,-1.0356094572151597
united arab emirates,are,2014,2.8,-1.0906537671517464
united arab emirates,are,2015,2.59,-1.1202930109637546
united arab emirates,are,2016,2.37,-1.1513436473382392
united arab emirates,are,2017,2.3,-1.1612233952755755
united arab emirates,are,2018,2.21,-1.1739259283378647
united arab emirates,are,2019,2.09,-1.1908626390875838
united arab emirates,are,2020,2.12,-1.1866284614001539
united arab emirates,are,2021,1.73,-1.2416727713367406
united kingdom,gbr,2000,7.73,-0.3948372338507913
united kingdom,gbr,2001,7.47,-0.4315334404751825
united kingdom,gbr,2002,7.49,-0.4287106553502293
united kingdom,gbr,2003,7.15,-0.47669800247443306
united kingdom,gbr,2004,7.31,-0.45411572147480783
united kingdom,gbr,2005,7.03,-0.49363471322415203
united kingdom,gbr,2006,6.97,-0.5021030685990117
united kingdom,gbr,2007,6.71,-0.5387992752234028
united kingdom,gbr,2008,7.23,-0.4654068619746204
united kingdom,gbr,2009,7.14,-0.47810939503690975
united kingdom,gbr,2010,6.98,-0.500691676036535
united kingdom,gbr,2011,7.54,-0.4216536925378464
united kingdom,gbr,2012,7.47,-0.4315334404751825
united kingdom,gbr,2013,7.75,-0.3920144487258381
united kingdom,gbr,2014,7.56,-0.41883090741289325
united kingdom,gbr,2015,7.69,-0.4004828041006976
united kingdom,gbr,2016,7.47,-0.4315334404751825
united kingdom,gbr,2017,7.23,-0.4654068619746204
united kingdom,gbr,2018,8.37,-0.30450810985229015
united kingdom,gbr,2019,8.69,-0.2593435478530395
united kingdom,gbr,2020,8.14,-0.33697013878925136
united kingdom,gbr,2021,8.79,-0.2452296222282737
united states,usa,2000,9.99,-0.0758625147310837
united states,usa,2001,10.32,-0.02928656016935647
united states,usa,2002,10.55,0.003175468767604984
united states,usa,2003,10.44,-0.012349849419637592
united states,usa,2004,10.62,0.01305521670494085
united states,usa,2005,10.47,-0.008115671732207685
united states,usa,2006,10.59,0.008821039017511193
united states,usa,2007,10.88,0.04975142332933221
united states,usa,2008,11.16,0.08927041507867642
united states,usa,2009,11.3,0.10902991095334866
united states,usa,2010,11.63,0.15560586551507588
united states,usa,2011,11.87,0.18947928701451364
united states,usa,2012,12.04,0.21347296057661552
united states,usa,2013,12.03,0.21206156801413897
united states,usa,2014,12.38,0.26146030770081957
united states,usa,2015,12.71,0.30803626226254677
united states,usa,2016,12.96,0.34332107632446135
united states,usa,2017,13.54,0.42518184494810285
united states,usa,2018,13.67,0.44352994826029857
united states,usa,2019,13.37,0.401188171386001
united states,usa,2020,13.42,0.408245134198384
united states,usa,2021,14.07,0.4999856507593619
uruguay,ury,2000,14.65,0.5818464193830036
uruguay,ury,2001,13.33,0.39554260113609474
uruguay,ury,2002,18.11,1.070188245999901
uruguay,ury,2003,14.26,0.5268021094464169
uruguay,ury,2004,13.92,0.4788147623222131
uruguay,ury,2005,13.34,0.3969539936985713
uruguay,ury,2006,13.88,0.4731691920723069
uruguay,ury,2007,15.87,0.7540363120051465
uruguay,ury,2008,13.58,0.4308274151980093
uruguay,ury,2009,13.46,0.41389070444829046
uruguay,ury,2010,14.33,0.536681857383753
uruguay,ury,2011,15.07,0.6411249070070201
uruguay,ury,2012,16.19,0.7992008740043974
uruguay,ury,2013,14.24,0.5239793243214638
uruguay,ury,2014,15.96,0.7667388450674361
uruguay,ury,2015,16.76,0.8796502500655627
uruguay,ury,2016,18.84,1.1732199030606916
uruguay,ury,2017,18.71,1.154871799748496
uruguay,ury,2018,20.75,1.4427958824937188
uruguay,ury,2019,21.05,1.4851376593680163
uruguay,ury,2020,20.59,1.4202136014940934
uruguay,ury,2021,22.02,1.6220427379282447
uzbekistan,uzb,2000,17.66,1.0066755806884549
uzbekistan,uzb,2001,17.02,0.9163464566899535
uzbekistan,uzb,2002,16.75,0.878238857503086
uzbekistan,uzb,2003,15.64,0.7215742830681854
uzbekistan,uzb,2004,14.79,0.6016059152576757
uzbekistan,uzb,2005,15.19,0.658061617756739
uzbekistan,uzb,2006,13.85,0.468935014384877
uzbekistan,uzb,2007,13.16,0.3715489275739929
uzbekistan,uzb,2008,12.62,0.2953337292002573
uzbekistan,uzb,2009,11.99,0.20641599776423275
uzbekistan,uzb,2010,11.62,0.15419447295259908
uzbekistan,uzb,2011,11.39,0.12173244401563788
uzbekistan,uzb,2012,11.7,0.16548561345241175
uzbekistan,uzb,2013,11.6,0.15137168782764598
uzbekistan,uzb,2014,11.86,0.1880678944520371
uzbekistan,uzb,2015,12.45,0.27134005563815544
uzbekistan,uzb,2016,12.57,0.28827676638787453
uzbekistan,uzb,2017,12.01,0.20923878288918588
uzbekistan,uzb,2018,11.11,0.08221345226629341
uzbekistan,uzb,2019,10.62,0.01305521670494085
uzbekistan,uzb,2020,9.24,-0.18171695691682738
uzbekistan,uzb,2021,9.01,-0.2141789858537888
vanuatu,vut,2000,20.33,1.3835173948697022
vanuatu,vut,2001,20.13,1.3552895436201706
vanuatu,vut,2002,19.9,1.3228275146832091
vanuatu,vut,2003,19.73,1.2988338411211076
vanuatu,vut,2004,19.39,1.2508464939969037
vanuatu,vut,2005,19.11,1.2113275022475591
vanuatu,vut,2006,19.54,1.2720173824340522
vanuatu,vut,2007,19.28,1.2353211758096614
vanuatu,vut,2008,18.96,1.1901566138104107
vanuatu,vut,2009,19.1,1.209916109685083
vanuatu,vut,2010,18.74,1.1591059774359256
vanuatu,vut,2011,18.95,1.188745221247934
vanuatu,vut,2012,19.09,1.2085047171226062
vanuatu,vut,2013,18.86,1.1760426881856447
vanuatu,vut,2014,18.38,1.1082958451867686
vanuatu,vut,2015,18.39,1.1097072377492454
vanuatu,vut,2016,18.26,1.0913591344370501
vanuatu,vut,2017,18.34,1.1026502749368625
vanuatu,vut,2018,18.35,1.1040616674993393
vanuatu,vut,2019,18.4,1.1111186303117218
vanuatu,vut,2020,17.67,1.0080869732509317
vanuatu,vut,2021,18.09,1.0673654608749479
venezuela,ven,2000,7.39,-0.44282458097499516
venezuela,ven,2001,7.55,-0.4202422999753698
venezuela,ven,2002,7.13,-0.47952078759938627
venezuela,ven,2003,7.41,-0.44000179585004195
venezuela,ven,2004,6.83,-0.5218625644736837
venezuela,ven,2005,6.41,-0.5811410520977002
venezuela,ven,2006,6.31,-0.595254977722466
venezuela,ven,2007,6.18,-0.6136030810346617
venezuela,ven,2008,6.26,-0.6023119405348489
venezuela,ven,2009,6.22,-0.6079575107847552
venezuela,ven,2010,6.31,-0.595254977722466
venezuela,ven,2011,6.49,-0.5698499115978874
venezuela,ven,2012,6.4,-0.5825524446601767
venezuela,ven,2013,6.07,-0.6291283992219039
venezuela,ven,2014,5.84,-0.6615904281588654
venezuela,ven,2015,6.27,-0.6009005479723724
venezuela,ven,2016,10.54,0.0017640762051281814
venezuela,ven,2017,8.19,-0.3299131759768686
venezuela,ven,2018,7.65,-0.40612837435060395
venezuela,ven,2019,7.43,-0.4371790107250888
venezuela,ven,2020,7.57,-0.4174195148504166
venezuela,ven,2021,8.94,-0.22405873379112493
vietnam,vnm,2000,6.93,-0.507748638848918
vietnam,vnm,2001,6.92,-0.5091600314113945
vietnam,vnm,2002,6.92,-0.5091600314113945
vietnam,vnm,2003,6.87,-0.5162169942237774
vietnam,vnm,2004,6.92,-0.5091600314113945
vietnam,vnm,2005,6.95,-0.5049258537239647
vietnam,vnm,2006,6.98,-0.500691676036535
vietnam,vnm,2007,7.13,-0.47952078759938627
vietnam,vnm,2008,7.29,-0.45693850659976093
vietnam,vnm,2009,7.4,-0.4414131884125185
vietnam,vnm,2010,7.52,-0.4244764776627996
vietnam,vnm,2011,7.52,-0.4244764776627996
vietnam,vnm,2012,7.56,-0.41883090741289325
vietnam,vnm,2013,7.59,-0.41459672972546346
vietnam,vnm,2014,7.67,-0.4033055892256508
vietnam,vnm,2015,7.76,-0.3906030561633616
vietnam,vnm,2016,7.66,-0.4047169817881274
vietnam,vnm,2017,7.49,-0.4287106553502293
vietnam,vnm,2018,7.44,-0.43576761816261217
vietnam,vnm,2019,7.43,-0.4371790107250888
vietnam,vnm,2020,6.71,-0.5387992752234028
vietnam,vnm,2021,7.07,-0.4879891429742457
world,owid_wrl,2000,13.63,0.4378843780103923
world,owid_wrl,2001,13.19,0.37578310526142256
world,owid_wrl,2002,13.04,0.35461221682427374
world,owid_wrl,2003,12.9,0.3348527209496018
world,owid_wrl,2004,12.7,0.30662486970006997
world,owid_wrl,2005,12.36,0.2586375225758662
world,owid_wrl,2006,11.83,0.1838337167646074
world,owid_wrl,2007,11.51,0.13866915476535674
world,owid_wrl,2008,11.31,0.1104413035158252
world,owid_wrl,2009,11.11,0.08221345226629341
world,owid_wrl,2010,10.91,0.053985601016761864
world,owid_wrl,2011,10.66,0.01870078695484731
world,owid_wrl,2012,10.4,-0.0179954196695438
world,owid_wrl,2013,10.18,-0.0490460560440287
world,owid_wrl,2014,9.98,-0.07727390729356025
world,owid_wrl,2015,9.75,-0.1097359362305217
world,owid_wrl,2016,9.59,-0.13231821723014703
world,owid_wrl,2017,9.53,-0.1407865726050066
world,owid_wrl,2018,9.42,-0.15631189079224891
world,owid_wrl,2019,9.25,-0.1803055643543508
world,owid_wrl,2020,8.82,-0.24099544454084382
world,owid_wrl,2021,8.85,-0.23676126685341414
yemen,yem,2000,7.86,-0.37648913053859573
yemen,yem,2001,7.73,-0.3948372338507913
yemen,yem,2002,7.56,-0.41883090741289325
yemen,yem,2003,7.25,-0.4625840768496673
yemen,yem,2004,6.95,-0.5049258537239647
yemen,yem,2005,6.9,-0.5119828165363476
yemen,yem,2006,6.56,-0.5599701636605515
yemen,yem,2007,6.85,-0.5190397793487306
yemen,yem,2008,6.77,-0.5303309198485433
yemen,yem,2009,6.55,-0.5613815562230281
yemen,yem,2010,6.31,-0.595254977722466
yemen,yem,2011,6.06,-0.6305397917843806
yemen,yem,2012,5.92,-0.6502992876590528
yemen,yem,2013,5.82,-0.6644132132838185
yemen,yem,2014,5.78,-0.6700587835337248
yemen,yem,2015,5.62,-0.6926410645333502
yemen,yem,2016,5.76,-0.6728815686586781
yemen,yem,2017,5.64,-0.689818279408397
yemen,yem,2018,5.5,-0.7095777752830692
yemen,yem,2019,5.28,-0.7406284116575539
yemen,yem,2020,4.94,-0.7886157587817577
yemen,yem,2021,5.21,-0.75050815959489
zambia,zmb,2000,13.76,0.45623248132258776
zambia,zmb,2001,13.55,0.42659323751057965
zambia,zmb,2002,13.57,0.42941602263553275
zambia,zmb,2003,12.68,0.30380208457511687
zambia,zmb,2004,12.93,0.33908689863703145
zambia,zmb,2005,12.61,0.2939223366377808
zambia,zmb,2006,12.83,0.32497297301226563
zambia,zmb,2007,12.52,0.28121980357549153
zambia,zmb,2008,12.32,0.25299195232596
zambia,zmb,2009,11.99,0.20641599776423275
zambia,zmb,2010,12.14,0.22758688620138154
zambia,zmb,2011,12.01,0.20923878288918588
zambia,zmb,2012,11.74,0.1711311837023182
zambia,zmb,2013,11.29,0.10761851839087186
zambia,zmb,2014,11.02,0.06951091920400419
zambia,zmb,2015,10.96,0.06104256382914488
zambia,zmb,2016,10.67,0.02011217951732386
zambia,zmb,2017,10.65,0.017289394392370757
zambia,zmb,2018,10.48,-0.0067042791697311315
zambia,zmb,2019,10.86,0.046928638204378856
zambia,zmb,2020,11.77,0.17536536138974787
zambia,zmb,2021,13.12,0.3659033573240864
zimbabwe,zwe,2000,18.28,1.094181919562003
zimbabwe,zwe,2001,19.31,1.2395553534970907
zimbabwe,zwe,2002,20.43,1.3976313204944681
zimbabwe,zwe,2003,21.15,1.4992515849927819
zimbabwe,zwe,2004,21.36,1.5288908288047902
zimbabwe,zwe,2005,20.93,1.4682009486182972
zimbabwe,zwe,2006,20.6,1.4216249940565702
zimbabwe,zwe,2007,20.1,1.3510553659327411
zimbabwe,zwe,2008,20.69,1.4343275271188596
zimbabwe,zwe,2009,19.36,1.2466123163094738
zimbabwe,zwe,2010,21.4,1.5345363990546965
zimbabwe,zwe,2011,22.37,1.6714414776149253
zimbabwe,zwe,2012,22.27,1.6573275519901594
zimbabwe,zwe,2013,22.56,1.69825793630198
zimbabwe,zwe,2014,22.51,1.6912009734895974
zimbabwe,zwe,2015,23.13,1.7787073123631452
zimbabwe,zwe,2016,23.92,1.8902073247987956
zimbabwe,zwe,2017,23.66,1.8535111181744042
zimbabwe,zwe,2018,24.73,2.0045301223593985
zimbabwe,zwe,2019,23.76,1.8676250437991704
zimbabwe,zwe,2020,23.61,1.8464541553620213
zimbabwe,zwe,2021,25.49,2.111795957107619
